season,player_id,player,country_esake,games,minutes_per_game,estimated_total_minutes,is_greek,classification_method,exclude_data_contamination,source_url,team_id,esake_roster_team_id,team,standing,team_games,lower_half
2009-10,00000003,ΑΒΡΑΜΟΦ Μπόζινταρ,,12,13.43,161.16,False,Manual review of blank country,False,https://www.esake.gr/el/action/EsakeStats?mode=2&idchampionship=00000004&idseason=00000001,00000013,00000019,Γ.Σ.ΟΛΥΜΠΙΑ ΛΑΡΙΣΑΣ,14,26,True
2009-10,00000004,ΑΓΑΔΑΚΟΣ Λάζαρος,ΕΛΛΑΔΑ,10,14.79,147.9,True,ESAKE country,False,https://www.esake.gr/el/action/EsakeStats?mode=2&idchampionship=00000004&idseason=00000001,0000000D,00000013,ΠΕΡΙΣΤΕΡΙ Betsson,9,26,True
2009-10,00000006,ΑΓΓΕΛΑΚΟΠΟΥΛΟΣ Βασίλης,ΕΛΛΑΔΑ,14,19.46,272.44,True,ESAKE country,False,https://www.esake.gr/el/action/EsakeStats?mode=2&idchampionship=00000004&idseason=00000001,00000013,00000019,Γ.Σ.ΟΛΥΜΠΙΑ ΛΑΡΙΣΑΣ,14,26,True
2009-10,00000007,ΑΓΓΕΛΑΚΟΣ Αλέξανδρος,ΕΛΛΑΔΑ,1,0.9,0.9,True,ESAKE country,False,https://www.esake.gr/el/action/EsakeStats?mode=2&idchampionship=00000004&idseason=00000001,0000000A,00000010,ΚΟΛΟΣΣΟΣ H HOTELS COLLECTION,6,26,False
2009-10,0000000B,ΑΓΓΕΛΟΠΟΥΛΟΣ Νίκος,ΕΛΛΑΔΑ,26,18.41,478.66,True,ESAKE country,False,https://www.esake.gr/el/action/EsakeStats?mode=2&idchampionship=00000004&idseason=00000001,00000008,00000008,ΚΑΒΑΛΑ,11,26,True
2009-10,00000012,ΑΘΑΝΑΣΟΥΛΑΣ Γιάννης,ΕΛΛΑΔΑ,26,18.71,486.46,True,ESAKE country,False,https://www.esake.gr/el/action/EsakeStats?mode=2&idchampionship=00000004&idseason=00000001,00000006,00000006,ΗΛΥΣΙΑΚΟΣ,12,26,True
2009-10,00000013,ΑΘΗΝΑΙΟΥ Γιάννης,ΕΛΛΑΔΑ,21,8.58,180.18,True,ESAKE country,False,https://www.esake.gr/el/action/EsakeStats?mode=2&idchampionship=00000004&idseason=00000001,00000003,00000003,ΠΑΝΙΩΝΙΟΣ COSMORAMA TRAVEL,8,26,True
2009-10,0000001D,ΑΛΕΞΑΝΤΕΡ Ντεμέτριους,,8,22.45,179.6,False,Manual review of blank country,False,https://www.esake.gr/el/action/EsakeStats?mode=2&idchampionship=00000004&idseason=00000001,00000008,00000008,ΚΑΒΑΛΑ,11,26,True
2009-10,00000021,ΑΛΙΕΒΑΣ Ρολάντας,,7,8.38,58.66,False,Manual review of blank country,False,https://www.esake.gr/el/action/EsakeStats?mode=2&idchampionship=00000004&idseason=00000001,00000013,00000019,Γ.Σ.ΟΛΥΜΠΙΑ ΛΑΡΙΣΑΣ,14,26,True
2009-10,0CB6EC08,ΑΝΤΕΤΟΚΟΥΝΜΠΟ Κώστας,ΕΛΛΑΔΑ,2,15.73,31.46,True,ESAKE country,True,https://www.esake.gr/el/action/EsakeStats?mode=2&idchampionship=00000004&idseason=00000001,00000005,00000005,ΑΡΗΣ,7,26,False
2009-10,B111BBC9,ΑΝΤΖΟΥΣΙΤΣ Ντανίλο,ΣΕΡΒΙΑ,2,20.12,40.24,False,ESAKE country,True,https://www.esake.gr/el/action/EsakeStats?mode=2&idchampionship=00000004&idseason=00000001,00000005,00000005,ΑΡΗΣ,7,26,False
2009-10,0000003B,ΑΝΤΩΝΑΚΗΣ Τάσος,ΕΛΛΑΔΑ,3,4.04,12.12,True,ESAKE country,False,https://www.esake.gr/el/action/EsakeStats?mode=2&idchampionship=00000004&idseason=00000001,00000010,00000016,ΑΕΚ,10,26,True
2009-10,AE01432F,ΑΠΛΜΠΙ Ταϊρί,ΗΠΑ,2,28.13,56.26,False,ESAKE country,True,https://www.esake.gr/el/action/EsakeStats?mode=2&idchampionship=00000004&idseason=00000001,,1052694769,,,,False
2009-10,0000003F,ΑΠΟΣΤΟΛΙΔΗΣ Γιώργος,ΕΛΛΑΔΑ,27,25.71,694.17,True,ESAKE country,False,https://www.esake.gr/el/action/EsakeStats?mode=2&idchampionship=00000004&idseason=00000001,00000014,00000020,ΤΡΙΚΑΛΑ BC ARIES,13,26,True
2009-10,00000046,ΑΡΓΥΡΟΠΟΥΛΟΣ Νίκος,ΕΛΛΑΔΑ,11,4.88,53.68,True,ESAKE country,False,https://www.esake.gr/el/action/EsakeStats?mode=2&idchampionship=00000004&idseason=00000001,00000005,00000005,ΑΡΗΣ,7,26,False
2009-10,00000047,ΑΡΙΓΚΜΠΑΜΠΟΥ Στέφαν,,11,7.59,83.49,False,Manual review of blank country,False,https://www.esake.gr/el/action/EsakeStats?mode=2&idchampionship=00000004&idseason=00000001,0000000F,00000015,ΜΑΡΟΥΣΙ,3,26,False
2009-10,0000004B,ΑΡΝΟΛΝΤ Τζίμι,,23,28.24,649.52,False,Manual review of blank country,False,https://www.esake.gr/el/action/EsakeStats?mode=2&idchampionship=00000004&idseason=00000001,0000000D,00000013,ΠΕΡΙΣΤΕΡΙ Betsson,9,26,True
2009-10,6BC4B84C,ΑΡΣΕΝΟΠΟΥΛΟΣ Νίκος,ΕΛΛΑΔΑ,0,0.0,0.0,True,ESAKE country,True,https://www.esake.gr/el/action/EsakeStats?mode=2&idchampionship=00000004&idseason=00000001,00000010,00000016,ΑΕΚ,10,26,True
2009-10,0000004F,ΑΣΗΜΑΚΟΠΟΥΛΟΣ Αντώνης,ΕΛΛΑΔΑ,26,17.34,450.84,True,ESAKE country,False,https://www.esake.gr/el/action/EsakeStats?mode=2&idchampionship=00000004&idseason=00000001,0000000A,00000010,ΚΟΛΟΣΣΟΣ H HOTELS COLLECTION,6,26,False
2009-10,00000052,ΑΥΓΕΝΙΚΟΣ Αλέξανδρος,ΕΛΛΑΔΑ,6,0.85,5.1,True,ESAKE country,False,https://www.esake.gr/el/action/EsakeStats?mode=2&idchampionship=00000004&idseason=00000001,0000000A,00000010,ΚΟΛΟΣΣΟΣ H HOTELS COLLECTION,6,26,False
2009-10,00000063,ΒΑΣΙΛΙΕΒΙΤΣ Σάσα,,25,28.43,710.75,False,Manual review of blank country,False,https://www.esake.gr/el/action/EsakeStats?mode=2&idchampionship=00000004&idseason=00000001,0000000A,00000010,ΚΟΛΟΣΣΟΣ H HOTELS COLLECTION,6,26,False
2009-10,00000065,ΒΑΣΙΛΟΠΟΥΛΟΣ Παναγιώτης,ΕΛΛΑΔΑ,23,16.48,379.04,True,ESAKE country,False,https://www.esake.gr/el/action/EsakeStats?mode=2&idchampionship=00000004&idseason=00000001,00000002,00000002,ΟΛΥΜΠΙΑΚΟΣ,2,26,False
2009-10,0000006B,ΒΕΡΓΙΝΗΣ Δημήτρης,ΕΛΛΑΔΑ,11,6.61,72.71,True,ESAKE country,False,https://www.esake.gr/el/action/EsakeStats?mode=2&idchampionship=00000004&idseason=00000001,00000001,00000001,ΠΑΝΑΘΗΝΑΪΚΟΣ AKTOR,1,26,False
2009-10,0000006D,ΒΙΔΑΛΗΣ Χρήστος,ΕΛΛΑΔΑ,9,2.24,20.16,True,ESAKE country,False,https://www.esake.gr/el/action/EsakeStats?mode=2&idchampionship=00000004&idseason=00000001,00000006,00000006,ΗΛΥΣΙΑΚΟΣ,12,26,True
2009-10,0000007A,ΒΟΥΓΙΟΥΚΑΣ Ίαν,ΕΛΛΑΔΑ,25,24.27,606.75,True,ESAKE country,False,https://www.esake.gr/el/action/EsakeStats?mode=2&idchampionship=00000004&idseason=00000001,00000012,00000018,ΠΑΝΕΛΛΗΝΙΟΣ,4,26,False
2009-10,0000007C,ΒΟΥΙΣΙΤΣ Νίκολα,,22,12.92,284.24,False,Manual review of blank country,False,https://www.esake.gr/el/action/EsakeStats?mode=2&idchampionship=00000004&idseason=00000001,00000002,00000002,ΟΛΥΜΠΙΑΚΟΣ,2,26,False
2009-10,00000088,ΓΑΛΙΩΤΟΣ Γιώργος,ΕΛΛΑΔΑ,9,4.83,43.47,True,ESAKE country,False,https://www.esake.gr/el/action/EsakeStats?mode=2&idchampionship=00000004&idseason=00000001,00000006,00000006,ΗΛΥΣΙΑΚΟΣ,12,26,True
2009-10,0000008C,ΓΕΡΕΜΙΤΣ Μίλαν,ΣΕΡΒΙΑ,4,4.2,16.8,False,ESAKE country,False,https://www.esake.gr/el/action/EsakeStats?mode=2&idchampionship=00000004&idseason=00000001,00000010,00000016,ΑΕΚ,10,26,True
2009-10,00000738,ΓΕΡΟΜΙΧΑΛΟΣ Πέτρος,ΕΛΛΑΔΑ,2,7.25,14.5,True,ESAKE country,True,https://www.esake.gr/el/action/EsakeStats?mode=2&idchampionship=00000004&idseason=00000001,,1052694769,,,,False
2009-10,00000091,ΓΕΩΡΓΑΛΛΗΣ Γιάννης,ΕΛΛΑΔΑ,10,6.33,63.3,True,ESAKE country,False,https://www.esake.gr/el/action/EsakeStats?mode=2&idchampionship=00000004&idseason=00000001,00000012,00000018,ΠΑΝΕΛΛΗΝΙΟΣ,4,26,False
2009-10,0000009B,ΓΙΑΝΚΟΒΙΤΣ Βλαδίμηρος,ΕΛΛΑΔΑ,17,9.81,166.77,True,ESAKE country,False,https://www.esake.gr/el/action/EsakeStats?mode=2&idchampionship=00000004&idseason=00000001,00000003,00000003,ΠΑΝΙΩΝΙΟΣ COSMORAMA TRAVEL,8,26,True
2009-10,0000009F,ΓΙΑΝΝΑΚΙΔΗΣ Μιχάλης,ΕΛΛΑΔΑ,13,2.65,34.45,True,ESAKE country,False,https://www.esake.gr/el/action/EsakeStats?mode=2&idchampionship=00000004&idseason=00000001,0000000C,00000012,ΠΑΟΚ,5,26,False
2009-10,000000A4,ΓΙΑΝΝΟΠΟΥΛΟΣ Χάρης,ΕΛΛΑΔΑ,14,7.69,107.66,True,ESAKE country,False,https://www.esake.gr/el/action/EsakeStats?mode=2&idchampionship=00000004&idseason=00000001,00000003,00000003,ΠΑΝΙΩΝΙΟΣ COSMORAMA TRAVEL,8,26,True
2009-10,000000AA,ΓΙΑΣΙΚΕΒΙΤΣΙΟΥΣ Σαρούνας,ΛΙΘΟΥΑΝΙΑ,15,18.03,270.45,False,ESAKE country,False,https://www.esake.gr/el/action/EsakeStats?mode=2&idchampionship=00000004&idseason=00000001,00000001,00000001,ΠΑΝΑΘΗΝΑΪΚΟΣ AKTOR,1,26,False
2009-10,000000CC,ΓΚΕΛΙΟΣ Σωκράτης,ΕΛΛΑΔΑ,0,0.0,0.0,True,ESAKE country,False,https://www.esake.gr/el/action/EsakeStats?mode=2&idchampionship=00000004&idseason=00000001,00000008,00000008,ΚΑΒΑΛΑ,11,26,True
2009-10,7D3E4D77,ΓΚΡΑΝΤ Τζέριαν,ΗΠΑ,2,27.3,54.6,False,ESAKE country,True,https://www.esake.gr/el/action/EsakeStats?mode=2&idchampionship=00000004&idseason=00000001,00000001,00000001,ΠΑΝΑΘΗΝΑΪΚΟΣ AKTOR,1,26,False
2009-10,FD013EDA,ΓΚΡΕΙ ΡαϊΚουάν,ΗΠΑ,2,31.72,63.44,False,ESAKE country,True,https://www.esake.gr/el/action/EsakeStats?mode=2&idchampionship=00000004&idseason=00000001,00000010,00000016,ΑΕΚ,10,26,True
2009-10,DC12D2F3,ΓΚΡΙΓΚΟΝΙΣ Μάριους,ΛΙΘΟΥΑΝΙΑ,2,24.27,48.54,False,ESAKE country,True,https://www.esake.gr/el/action/EsakeStats?mode=2&idchampionship=00000004&idseason=00000001,00000001,00000001,ΠΑΝΑΘΗΝΑΪΚΟΣ AKTOR,1,26,False
2009-10,000000FD,ΓΚΡΙΝ Ταουρέν,ΗΠΑ,24,33.82,811.68,False,ESAKE country,False,https://www.esake.gr/el/action/EsakeStats?mode=2&idchampionship=00000004&idseason=00000001,00000010,00000016,ΑΕΚ,10,26,True
2009-10,00000103,ΓΛΥΝΙΑΔΑΚΗΣ Ανδρέας,ΕΛΛΑΔΑ,13,9.03,117.39,True,ESAKE country,False,https://www.esake.gr/el/action/EsakeStats?mode=2&idchampionship=00000004&idseason=00000001,00000002,00000002,ΟΛΥΜΠΙΑΚΟΣ,2,26,False
2009-10,0000010E,ΔΑΝΑΣ Γιώργος,ΕΛΛΑΔΑ,9,1.95,17.55,True,ESAKE country,False,https://www.esake.gr/el/action/EsakeStats?mode=2&idchampionship=00000004&idseason=00000001,0000000A,00000010,ΚΟΛΟΣΣΟΣ H HOTELS COLLECTION,6,26,False
2009-10,00000112,ΔΕΛΗΓΙΑΝΝΗΣ Χρήστος,ΕΛΛΑΔΑ,14,4.98,69.72,True,ESAKE country,False,https://www.esake.gr/el/action/EsakeStats?mode=2&idchampionship=00000004&idseason=00000001,0000000D,00000013,ΠΕΡΙΣΤΕΡΙ Betsson,9,26,True
2009-10,00000115,ΔΕΜΕΡΤΖΗΣ Γιάννης,ΕΛΛΑΔΑ,23,11.48,264.04,True,ESAKE country,False,https://www.esake.gr/el/action/EsakeStats?mode=2&idchampionship=00000004&idseason=00000001,0000000C,00000012,ΠΑΟΚ,5,26,False
2009-10,0000011A,ΔΙΑΜΑΝΤΙΔΗΣ Δημήτρης,ΕΛΛΑΔΑ,21,23.08,484.68,True,ESAKE country,False,https://www.esake.gr/el/action/EsakeStats?mode=2&idchampionship=00000004&idseason=00000001,00000001,00000001,ΠΑΝΑΘΗΝΑΪΚΟΣ AKTOR,1,26,False
2009-10,0000011B,ΔΙΑΜΑΝΤΟΠΟΥΛΟΣ Γιώργος,ΕΛΛΑΔΑ,4,7.68,30.72,True,ESAKE country,False,https://www.esake.gr/el/action/EsakeStats?mode=2&idchampionship=00000004&idseason=00000001,0000000F,00000015,ΜΑΡΟΥΣΙ,3,26,False
2009-10,0000011D,ΔΟΡΚΟΦΙΚΗΣ Περικλής,ΕΛΛΑΔΑ,18,20.97,377.46,True,ESAKE country,False,https://www.esake.gr/el/action/EsakeStats?mode=2&idchampionship=00000004&idseason=00000001,00000010,00000016,ΑΕΚ,10,26,True
2009-10,00000125,ΕΪΒΕΡΙ Ουίλιαμ,,5,17.22,86.1,False,Manual review of blank country,False,https://www.esake.gr/el/action/EsakeStats?mode=2&idchampionship=00000004&idseason=00000001,0000000C,00000012,ΠΑΟΚ,5,26,False
2009-10,00000127,ΕΪΜΠΡΑΜΣ Έι Τζέι,,8,35.53,284.24,False,Manual review of blank country,False,https://www.esake.gr/el/action/EsakeStats?mode=2&idchampionship=00000004&idseason=00000001,00000014,00000020,ΤΡΙΚΑΛΑ BC ARIES,13,26,True
2009-10,00000130,ΕΛΝΤΕΡ Μπι Τζέι,,23,24.94,573.62,False,Manual review of blank country,False,https://www.esake.gr/el/action/EsakeStats?mode=2&idchampionship=00000004&idseason=00000001,00000003,00000003,ΠΑΝΙΩΝΙΟΣ COSMORAMA TRAVEL,8,26,True
2009-10,00000139,ΕΝΤΟΥΑΡΝΤΣ Τζον,,4,9.51,38.04,False,Manual review of blank country,False,https://www.esake.gr/el/action/EsakeStats?mode=2&idchampionship=00000004&idseason=00000001,0000000A,00000010,ΚΟΛΟΣΣΟΣ H HOTELS COLLECTION,6,26,False
2009-10,CCD3ABD1,ΕΡΜΕΙΔΗΣ Δημήτρης,ΕΛΛΑΔΑ,2,10.93,21.86,True,ESAKE country,True,https://www.esake.gr/el/action/EsakeStats?mode=2&idchampionship=00000004&idseason=00000001,,1052694769,,,,False
2009-10,4A30A4F1,ΕΡΝΑΝΓΚΟΜΕΘ Χουάντσο,ΙΣΠΑΝΙΑ,2,15.9,31.8,False,ESAKE country,True,https://www.esake.gr/el/action/EsakeStats?mode=2&idchampionship=00000004&idseason=00000001,00000001,00000001,ΠΑΝΑΘΗΝΑΪΚΟΣ AKTOR,1,26,False
2009-10,0000013B,ΕΡΤΣΕΓΚ Ζόραν,,20,28.13,562.6,False,Manual review of blank country,False,https://www.esake.gr/el/action/EsakeStats?mode=2&idchampionship=00000004&idseason=00000001,00000003,00000003,ΠΑΝΙΩΝΙΟΣ COSMORAMA TRAVEL,8,26,True
2009-10,0000013D,ΕΥΘΙΜΟΦ Βασίλι,,4,10.01,40.04,False,Manual review of blank country,False,https://www.esake.gr/el/action/EsakeStats?mode=2&idchampionship=00000004&idseason=00000001,00000003,00000003,ΠΑΝΙΩΝΙΟΣ COSMORAMA TRAVEL,8,26,True
2009-10,00000140,ΖΑΡΑΣ Θοδωρής,ΕΛΛΑΔΑ,24,11.48,275.52,True,ESAKE country,False,https://www.esake.gr/el/action/EsakeStats?mode=2&idchampionship=00000004&idseason=00000001,0000000A,00000010,ΚΟΛΟΣΣΟΣ H HOTELS COLLECTION,6,26,False
2009-10,00000149,ΖΟΡΟΣΚΙ Ιβάν,,22,23.13,508.86,False,Manual review of blank country,False,https://www.esake.gr/el/action/EsakeStats?mode=2&idchampionship=00000004&idseason=00000001,00000003,00000003,ΠΑΝΙΩΝΙΟΣ COSMORAMA TRAVEL,8,26,True
2009-10,0000014E,ΖΟΥΠΑΝ Μίχα,,25,28.86,721.5,False,Manual review of blank country,False,https://www.esake.gr/el/action/EsakeStats?mode=2&idchampionship=00000004&idseason=00000001,00000014,00000020,ΤΡΙΚΑΛΑ BC ARIES,13,26,True
2009-10,00000152,ΗΛΙΑΔΗΣ Σάββας,ΕΛΛΑΔΑ,20,12.86,257.2,True,ESAKE country,False,https://www.esake.gr/el/action/EsakeStats?mode=2&idchampionship=00000004&idseason=00000001,00000008,00000008,ΚΑΒΑΛΑ,11,26,True
2009-10,00000155,ΘΕΟΔΩΡΑΚΟΣ Νίκος,ΕΛΛΑΔΑ,0,0.0,0.0,True,ESAKE country,False,https://www.esake.gr/el/action/EsakeStats?mode=2&idchampionship=00000004&idseason=00000001,00000013,00000019,Γ.Σ.ΟΛΥΜΠΙΑ ΛΑΡΙΣΑΣ,14,26,True
2009-10,00000165,ΙΩΑΝΝΟΥ Στέλιος,ΕΛΛΑΔΑ,26,17.13,445.38,True,ESAKE country,False,https://www.esake.gr/el/action/EsakeStats?mode=2&idchampionship=00000004&idseason=00000001,00000006,00000006,ΗΛΥΣΙΑΚΟΣ,12,26,True
2009-10,00000167,ΚΑΒΒΑΔΑΣ Βασίλης,ΕΛΛΑΔΑ,2,8.27,16.54,True,ESAKE country,True,https://www.esake.gr/el/action/EsakeStats?mode=2&idchampionship=00000004&idseason=00000001,,1052694769,,,,False
2009-10,0000016C,ΚΑΪΜΑΚΟΓΛΟΥ Κώστας,ΕΛΛΑΔΑ,23,26.89,618.47,True,ESAKE country,False,https://www.esake.gr/el/action/EsakeStats?mode=2&idchampionship=00000004&idseason=00000001,0000000F,00000015,ΜΑΡΟΥΣΙ,3,26,False
2009-10,00000171,ΚΑΚΙΟΥΖΗΣ Μιχάλης,ΕΛΛΑΔΑ,23,23.84,548.32,True,ESAKE country,False,https://www.esake.gr/el/action/EsakeStats?mode=2&idchampionship=00000004&idseason=00000001,00000005,00000005,ΑΡΗΣ,7,26,False
2009-10,00000174,ΚΑΛΑΘΗΣ Νικ,ΕΛΛΑΔΑ,24,16.74,401.76,True,ESAKE country,False,https://www.esake.gr/el/action/EsakeStats?mode=2&idchampionship=00000004&idseason=00000001,00000001,00000001,ΠΑΝΑΘΗΝΑΪΚΟΣ AKTOR,1,26,False
2009-10,00000175,ΚΑΛΑΘΗΣ Πατ,ΕΛΛΑΔΑ,21,14.07,295.47,True,ESAKE country,False,https://www.esake.gr/el/action/EsakeStats?mode=2&idchampionship=00000004&idseason=00000001,0000000F,00000015,ΜΑΡΟΥΣΙ,3,26,False
2009-10,00000176,ΚΑΛΑΪΤΖΗΣ Γιώργος,ΕΛΛΑΔΑ,24,17.46,419.04,True,ESAKE country,False,https://www.esake.gr/el/action/EsakeStats?mode=2&idchampionship=00000004&idseason=00000001,00000012,00000018,ΠΑΝΕΛΛΗΝΙΟΣ,4,26,False
2009-10,00000177,ΚΑΛΑΪΤΖΙΔΗΣ Δημήτρης,ΕΛΛΑΔΑ,24,10.03,240.72,True,ESAKE country,False,https://www.esake.gr/el/action/EsakeStats?mode=2&idchampionship=00000004&idseason=00000001,0000000C,00000012,ΠΑΟΚ,5,26,False
2009-10,0000017B,ΚΑΛΑΜΠΟΚΗΣ Γιάννης,ΕΛΛΑΔΑ,20,28.11,562.2,True,ESAKE country,False,https://www.esake.gr/el/action/EsakeStats?mode=2&idchampionship=00000004&idseason=00000001,00000003,00000003,ΠΑΝΙΩΝΙΟΣ COSMORAMA TRAVEL,8,26,True
2009-10,0000017E,ΚΑΛΛΕΣ Νίκος,ΕΛΛΑΔΑ,14,2.55,35.7,True,ESAKE country,False,https://www.esake.gr/el/action/EsakeStats?mode=2&idchampionship=00000004&idseason=00000001,0000000C,00000012,ΠΑΟΚ,5,26,False
2009-10,0000017C,ΚΑΛΛΙΝΙΚΙΔΗΣ Αβραάμ,ΕΛΛΑΔΑ,26,27.18,706.68,True,ESAKE country,False,https://www.esake.gr/el/action/EsakeStats?mode=2&idchampionship=00000004&idseason=00000001,00000010,00000016,ΑΕΚ,10,26,True
2009-10,00000183,ΚΑΜΙΝΓΚΣ Βοντίγκο,,26,28.22,733.72,False,Manual review of blank country,False,https://www.esake.gr/el/action/EsakeStats?mode=2&idchampionship=00000004&idseason=00000001,00000006,00000006,ΗΛΥΣΙΑΚΟΣ,12,26,True
2009-10,63F9CEF0,ΚΑΝΑΝΤΙ Ντέβιν,ΗΠΑ,2,24.97,49.94,False,ESAKE country,True,https://www.esake.gr/el/action/EsakeStats?mode=2&idchampionship=00000004&idseason=00000001,,1052694769,,,,False
2009-10,00000189,ΚΑΝΟΝΙΔΗΣ Ανδρέας,ΕΛΛΑΔΑ,2,4.82,9.64,True,ESAKE country,False,https://www.esake.gr/el/action/EsakeStats?mode=2&idchampionship=00000004&idseason=00000001,00000003,00000003,ΠΑΝΙΩΝΙΟΣ COSMORAMA TRAVEL,8,26,True
2009-10,0000018C,ΚΑΠΙΝΙΑΡΗΣ Διονύσης,,2,10.47,20.94,True,Manual review of blank country,False,https://www.esake.gr/el/action/EsakeStats?mode=2&idchampionship=00000004&idseason=00000001,00000006,00000006,ΗΛΥΣΙΑΚΟΣ,12,26,True
2009-10,0000018F,ΚΑΡΑΒΑΝΑΣ Παναγιώτης,,16,9.24,147.84,True,Manual review of blank country,False,https://www.esake.gr/el/action/EsakeStats?mode=2&idchampionship=00000004&idseason=00000001,00000013,00000019,Γ.Σ.ΟΛΥΜΠΙΑ ΛΑΡΙΣΑΣ,14,26,True
2009-10,00000192,ΚΑΡΑΓΚΙΟΛΙΔΗΣ Γιάννης,,0,0.0,0.0,True,Manual review of blank country,False,https://www.esake.gr/el/action/EsakeStats?mode=2&idchampionship=00000004&idseason=00000001,00000013,00000019,Γ.Σ.ΟΛΥΜΠΙΑ ΛΑΡΙΣΑΣ,14,26,True
2009-10,00000196,ΚΑΡΑΜΑΛΕΓΚΟΣ Ιωάννης,ΕΛΛΑΔΑ,1,5.3,5.3,True,ESAKE country,False,https://www.esake.gr/el/action/EsakeStats?mode=2&idchampionship=00000004&idseason=00000001,00000001,00000001,ΠΑΝΑΘΗΝΑΪΚΟΣ AKTOR,1,26,False
2009-10,000001A8,ΚΑΡΤΕΡ Ουόρεν,,23,27.34,628.82,False,Manual review of blank country,False,https://www.esake.gr/el/action/EsakeStats?mode=2&idchampionship=00000004&idseason=00000001,00000006,00000006,ΗΛΥΣΙΑΚΟΣ,12,26,True
2009-10,000001AC,ΚΑΡΥΔΑΣ Σάκης,,25,25.86,646.5,True,Manual review of blank country,False,https://www.esake.gr/el/action/EsakeStats?mode=2&idchampionship=00000004&idseason=00000001,00000006,00000006,ΗΛΥΣΙΑΚΟΣ,12,26,True
2009-10,000001AD,ΚΑΣΕΛΑΚΗΣ Λεωνίδας,ΕΛΛΑΔΑ,23,10.21,234.83,True,ESAKE country,False,https://www.esake.gr/el/action/EsakeStats?mode=2&idchampionship=00000004&idseason=00000001,00000006,00000006,ΗΛΥΣΙΑΚΟΣ,12,26,True
2009-10,000001B9,ΚΑΤΣΑΡΕΣ Νίκος,,27,14.98,404.46,True,Manual review of blank country,False,https://www.esake.gr/el/action/EsakeStats?mode=2&idchampionship=00000004&idseason=00000001,00000014,00000020,ΤΡΙΚΑΛΑ BC ARIES,13,26,True
2009-10,000001C1,ΚΑΥΚΗΣ Παναγιώτης,ΕΛΛΑΔΑ,23,14.7,338.1,True,ESAKE country,False,https://www.esake.gr/el/action/EsakeStats?mode=2&idchampionship=00000004&idseason=00000001,0000000C,00000012,ΠΑΟΚ,5,26,False
2009-10,000001C7,ΚΕΝΤΑΛ Λεβόν,,7,13.18,92.26,False,Manual review of blank country,False,https://www.esake.gr/el/action/EsakeStats?mode=2&idchampionship=00000004&idseason=00000001,0000000F,00000015,ΜΑΡΟΥΣΙ,3,26,False
2009-10,000001DA,ΚΙΣ Μπίλι,,24,29.21,701.04,False,Manual review of blank country,False,https://www.esake.gr/el/action/EsakeStats?mode=2&idchampionship=00000004&idseason=00000001,0000000F,00000015,ΜΑΡΟΥΣΙ,3,26,False
2009-10,000001DD,ΚΛΑΡΚ Κέιντρεν,ΒΟΥΛΓΑΡΙΑ,26,24.68,641.68,False,ESAKE country,False,https://www.esake.gr/el/action/EsakeStats?mode=2&idchampionship=00000004&idseason=00000001,00000005,00000005,ΑΡΗΣ,7,26,False
2009-10,000001DE,ΚΛΕΪΖΑ Λίνας,,21,22.09,463.89,False,Manual review of blank country,False,https://www.esake.gr/el/action/EsakeStats?mode=2&idchampionship=00000004&idseason=00000001,00000002,00000002,ΟΛΥΜΠΙΑΚΟΣ,2,26,False
2009-10,000001E8,ΚΟΛΙΕΒΙΤΣ Ιβάν,,3,14.23,42.69,False,Manual review of blank country,False,https://www.esake.gr/el/action/EsakeStats?mode=2&idchampionship=00000004&idseason=00000001,00000014,00000020,ΤΡΙΚΑΛΑ BC ARIES,13,26,True
2009-10,000001E9,ΚΟΛΙΝΣ Ντε Χουάν,,17,27.65,470.05,False,Manual review of blank country,False,https://www.esake.gr/el/action/EsakeStats?mode=2&idchampionship=00000004&idseason=00000001,00000008,00000008,ΚΑΒΑΛΑ,11,26,True
2009-10,000001EB,ΚΟΛΩΚΑΣ Μάρκος,,14,7.72,108.08,True,Manual review of blank country,False,https://www.esake.gr/el/action/EsakeStats?mode=2&idchampionship=00000004&idseason=00000001,00000012,00000018,ΠΑΝΕΛΛΗΝΙΟΣ,4,26,False
2009-10,000001EE,ΚΟΜΜΑΤΟΣ Νέστωρ,ΕΛΛΑΔΑ,15,20.74,311.1,True,ESAKE country,False,https://www.esake.gr/el/action/EsakeStats?mode=2&idchampionship=00000004&idseason=00000001,00000013,00000019,Γ.Σ.ΟΛΥΜΠΙΑ ΛΑΡΙΣΑΣ,14,26,True
2009-10,000001EF,ΚΟΜΠΟΔΙΕΤΑΣ Δημήτρης,ΕΛΛΑΔΑ,4,5.28,21.12,True,ESAKE country,False,https://www.esake.gr/el/action/EsakeStats?mode=2&idchampionship=00000004&idseason=00000001,00000012,00000018,ΠΑΝΕΛΛΗΝΙΟΣ,4,26,False
2009-10,4C0E5F4B,ΚΟΥΖΕΛΟΓΛΟΥ Γιάννης,ΕΛΛΑΔΑ,2,1.65,3.3,True,ESAKE country,True,https://www.esake.gr/el/action/EsakeStats?mode=2&idchampionship=00000004&idseason=00000001,00000001,00000001,ΠΑΝΑΘΗΝΑΪΚΟΣ AKTOR,1,26,False
2009-10,0000020B,ΚΟΥΚΟΥΛΑΣ Μανόλης,ΕΛΛΑΔΑ,2,8.68,17.36,True,ESAKE country,False,https://www.esake.gr/el/action/EsakeStats?mode=2&idchampionship=00000004&idseason=00000001,00000006,00000006,ΗΛΥΣΙΑΚΟΣ,12,26,True
2009-10,0760F694,ΚΟΥΛΜΠΟΚΑ Αρνόλντας,ΛΙΘΟΥΑΝΙΑ,2,18.45,36.9,False,ESAKE country,True,https://www.esake.gr/el/action/EsakeStats?mode=2&idchampionship=00000004&idseason=00000001,00000005,00000005,ΑΡΗΣ,7,26,False
2009-10,00000212,ΚΟΥΜΠΟΥΡΑΣ Φάνης,ΕΛΛΑΔΑ,8,11.1,88.8,True,ESAKE country,False,https://www.esake.gr/el/action/EsakeStats?mode=2&idchampionship=00000004&idseason=00000001,0000000F,00000015,ΜΑΡΟΥΣΙ,3,26,False
2009-10,0000022F,ΚΥΡΙΤΣΗΣ Αλέξης,ΕΛΛΑΔΑ,21,22.8,478.8,True,ESAKE country,False,https://www.esake.gr/el/action/EsakeStats?mode=2&idchampionship=00000004&idseason=00000001,00000008,00000008,ΚΑΒΑΛΑ,11,26,True
2009-10,0000023A,ΛΑΚΚΑΣ Χρήστος,,2,2.45,4.9,True,Manual review of blank country,False,https://www.esake.gr/el/action/EsakeStats?mode=2&idchampionship=00000004&idseason=00000001,0000000F,00000015,ΜΑΡΟΥΣΙ,3,26,False
2009-10,0000023E,ΛΑΜΠΟΒΙΤΣ Ντράγκαν,,3,4.24,12.72,False,Manual review of blank country,False,https://www.esake.gr/el/action/EsakeStats?mode=2&idchampionship=00000004&idseason=00000001,00000005,00000005,ΑΡΗΣ,7,26,False
2009-10,B2A41EE3,ΛΕΚΑΒΙΤΣΙΟΥΣ Λούκας,ΛΙΘΟΥΑΝΙΑ,2,26.07,52.14,False,ESAKE country,True,https://www.esake.gr/el/action/EsakeStats?mode=2&idchampionship=00000004&idseason=00000001,00000010,00000016,ΑΕΚ,10,26,True
2009-10,E625EBD8,ΛΕΣΟΡ Ματίας,ΓΑΛΛΙΑ,2,16.82,33.64,False,ESAKE country,True,https://www.esake.gr/el/action/EsakeStats?mode=2&idchampionship=00000004&idseason=00000001,00000001,00000001,ΠΑΝΑΘΗΝΑΪΚΟΣ AKTOR,1,26,False
2009-10,00000258,ΛΙΒΙΣΙΑΝΟΣ Βασίλης,,1,0.88,0.88,True,Manual review of blank country,False,https://www.esake.gr/el/action/EsakeStats?mode=2&idchampionship=00000004&idseason=00000001,0000000A,00000010,ΚΟΛΟΣΣΟΣ H HOTELS COLLECTION,6,26,False
2009-10,00000270,ΛΟΥΚΑΣ Τζαμόν,ΗΠΑ,25,29.49,737.25,False,ESAKE country,False,https://www.esake.gr/el/action/EsakeStats?mode=2&idchampionship=00000004&idseason=00000001,0000000F,00000015,ΜΑΡΟΥΣΙ,3,26,False
2009-10,00000279,ΜΑΖΕΪΚΑ Μαρτίνας,,14,14.14,197.96,False,Manual review of blank country,False,https://www.esake.gr/el/action/EsakeStats?mode=2&idchampionship=00000004&idseason=00000001,00000010,00000016,ΑΕΚ,10,26,True
2009-10,0000027C,ΜΑΪΛΣ Άαρον,,26,22.92,595.92,False,Manual review of blank country,False,https://www.esake.gr/el/action/EsakeStats?mode=2&idchampionship=00000004&idseason=00000001,00000005,00000005,ΑΡΗΣ,7,26,False
2009-10,00000282,ΜΑΚ ΓΚΡΑΘ Ντόνι,ΗΠΑ,8,32.22,257.76,False,ESAKE country,False,https://www.esake.gr/el/action/EsakeStats?mode=2&idchampionship=00000004&idseason=00000001,00000010,00000016,ΑΕΚ,10,26,True
2009-10,00000286,ΜΑΚ Λαμόντ,,24,22.99,551.76,False,Manual review of blank country,False,https://www.esake.gr/el/action/EsakeStats?mode=2&idchampionship=00000004&idseason=00000001,00000010,00000016,ΑΕΚ,10,26,True
2009-10,0000029B,ΜΑΝΤΖΑΡΗΣ Αντώνης,ΕΛΛΑΔΑ,22,7.63,167.86,True,ESAKE country,False,https://www.esake.gr/el/action/EsakeStats?mode=2&idchampionship=00000004&idseason=00000001,0000000D,00000013,ΠΕΡΙΣΤΕΡΙ Betsson,9,26,True
2009-10,0000029C,ΜΑΝΤΖΑΡΗΣ Βαγγέλης,ΕΛΛΑΔΑ,24,11.79,282.96,True,ESAKE country,False,https://www.esake.gr/el/action/EsakeStats?mode=2&idchampionship=00000004&idseason=00000001,0000000D,00000013,ΠΕΡΙΣΤΕΡΙ Betsson,9,26,True
2009-10,000002A2,ΜΑΝΩΛΟΠΟΥΛΟΣ Σωτήρης,ΕΛΛΑΔΑ,20,7.8,156.0,True,ESAKE country,False,https://www.esake.gr/el/action/EsakeStats?mode=2&idchampionship=00000004&idseason=00000001,0000000A,00000010,ΚΟΛΟΣΣΟΣ H HOTELS COLLECTION,6,26,False
2009-10,000002A8,ΜΑΡΓΑΡΙΤΗΣ Βαγγέλης,ΕΛΛΑΔΑ,17,5.88,99.96,True,ESAKE country,False,https://www.esake.gr/el/action/EsakeStats?mode=2&idchampionship=00000004&idseason=00000001,0000000D,00000013,ΠΕΡΙΣΤΕΡΙ Betsson,9,26,True
2009-10,000002AC,ΜΑΡΙΝΟΣ Χρήστος,,10,4.06,40.6,True,Manual review of blank country,False,https://www.esake.gr/el/action/EsakeStats?mode=2&idchampionship=00000004&idseason=00000001,00000010,00000016,ΑΕΚ,10,26,True
2009-10,000002B3,ΜΑΡΜΑΡΙΝΟΣ Δημήτρης,ΕΛΛΑΔΑ,9,8.57,77.13,True,ESAKE country,False,https://www.esake.gr/el/action/EsakeStats?mode=2&idchampionship=00000004&idseason=00000001,00000014,00000020,ΤΡΙΚΑΛΑ BC ARIES,13,26,True
2009-10,000002BB,ΜΑΣΙ Κρις,,18,32.02,576.36,False,Manual review of blank country,False,https://www.esake.gr/el/action/EsakeStats?mode=2&idchampionship=00000004&idseason=00000001,00000013,00000019,Γ.Σ.ΟΛΥΜΠΙΑ ΛΑΡΙΣΑΣ,14,26,True
2009-10,000002C6,ΜΑΥΡΟΕΙΔΗΣ Δημήτρης,ΕΛΛΑΔΑ,22,19.38,426.36,True,ESAKE country,False,https://www.esake.gr/el/action/EsakeStats?mode=2&idchampionship=00000004&idseason=00000001,0000000F,00000015,ΜΑΡΟΥΣΙ,3,26,False
2009-10,000002C7,ΜΑΥΡΟΚΕΦΑΛΙΔΗΣ Λουκάς,ΕΛΛΑΔΑ,20,15.15,303.0,True,ESAKE country,False,https://www.esake.gr/el/action/EsakeStats?mode=2&idchampionship=00000004&idseason=00000001,00000002,00000002,ΟΛΥΜΠΙΑΚΟΣ,2,26,False
2009-10,000002D3,ΜΕΛΣ Ρόντριγκ,,22,10.33,227.26,False,Manual review of blank country,False,https://www.esake.gr/el/action/EsakeStats?mode=2&idchampionship=00000004&idseason=00000001,00000010,00000016,ΑΕΚ,10,26,True
2009-10,7F6E6DE3,ΜΗΤΟΓΛΟΥ Κωνσταντίνος,ΕΛΛΑΔΑ,2,21.53,43.06,True,ESAKE country,True,https://www.esake.gr/el/action/EsakeStats?mode=2&idchampionship=00000004&idseason=00000001,00000001,00000001,ΠΑΝΑΘΗΝΑΪΚΟΣ AKTOR,1,26,False
2009-10,726D6513,ΜΗΤΡΟΥ-ΛΟΝΓΚ Ελάιζα,ΕΛΛΑΔΑ,2,18.33,36.66,True,ESAKE country,True,https://www.esake.gr/el/action/EsakeStats?mode=2&idchampionship=00000004&idseason=00000001,00000005,00000005,ΑΡΗΣ,7,26,False
2009-10,000002E0,ΜΙΛΙΣΑΒΛΙΕΒΙΤΣ Μπράνκο,,13,20.61,267.93,False,Manual review of blank country,False,https://www.esake.gr/el/action/EsakeStats?mode=2&idchampionship=00000004&idseason=00000001,0000000C,00000012,ΠΑΟΚ,5,26,False
2009-10,000002E4,ΜΙΛΟΣΕΒΙΤΣ Ιγκόρ,,10,15.81,158.1,False,Manual review of blank country,False,https://www.esake.gr/el/action/EsakeStats?mode=2&idchampionship=00000004&idseason=00000001,0000000F,00000015,ΜΑΡΟΥΣΙ,3,26,False
2009-10,000002F6,ΜΟΝΡΟ Κρις,,25,31.27,781.75,False,Manual review of blank country,False,https://www.esake.gr/el/action/EsakeStats?mode=2&idchampionship=00000004&idseason=00000001,0000000C,00000012,ΠΑΟΚ,5,26,False
2009-10,000002F8,ΜΟΝΤΣ Ντέιβιντ,,20,18.57,371.4,False,Manual review of blank country,False,https://www.esake.gr/el/action/EsakeStats?mode=2&idchampionship=00000004&idseason=00000001,0000000A,00000010,ΚΟΛΟΣΣΟΣ H HOTELS COLLECTION,6,26,False
2009-10,81B0524B,ΜΟΥΡ Καλίντ,ΗΠΑ,2,25.77,51.54,False,ESAKE country,True,https://www.esake.gr/el/action/EsakeStats?mode=2&idchampionship=00000004&idseason=00000001,,1052694769,,,,False
2009-10,0000030E,ΜΟΥΡΤΟΣ Σπύρος,ΕΛΛΑΔΑ,4,5.8,23.2,True,ESAKE country,False,https://www.esake.gr/el/action/EsakeStats?mode=2&idchampionship=00000004&idseason=00000001,00000005,00000005,ΑΡΗΣ,7,26,False
2009-10,0000031A,ΜΠΑΚΙΤΣ Μπόγιαν,ΜΑΥΡΟΒΟΥΝΙΟ,4,6.53,26.12,False,ESAKE country,False,https://www.esake.gr/el/action/EsakeStats?mode=2&idchampionship=00000004&idseason=00000001,00000014,00000020,ΤΡΙΚΑΛΑ BC ARIES,13,26,True
2009-10,0000032B,ΜΠΑΡΛΟΣ Νίκος,ΕΛΛΑΔΑ,19,17.71,336.49,True,ESAKE country,False,https://www.esake.gr/el/action/EsakeStats?mode=2&idchampionship=00000004&idseason=00000001,00000005,00000005,ΑΡΗΣ,7,26,False
2009-10,8DFB21EC,ΜΠΑΡΤΛΕΪ Φράνκ,ΗΠΑ,2,33.35,66.7,False,ESAKE country,True,https://www.esake.gr/el/action/EsakeStats?mode=2&idchampionship=00000004&idseason=00000001,00000010,00000016,ΑΕΚ,10,26,True
2009-10,00000333,ΜΠΑΤΗΣ Μάριος,ΕΛΛΑΔΑ,22,15.55,342.1,True,ESAKE country,False,https://www.esake.gr/el/action/EsakeStats?mode=2&idchampionship=00000004&idseason=00000001,0000000F,00000015,ΜΑΡΟΥΣΙ,3,26,False
2009-10,00000334,ΜΠΑΤΙΣΤ Μάικ,ΗΠΑ,21,18.2,382.2,False,ESAKE country,False,https://www.esake.gr/el/action/EsakeStats?mode=2&idchampionship=00000004&idseason=00000001,00000001,00000001,ΠΑΝΑΘΗΝΑΪΚΟΣ AKTOR,1,26,False
2009-10,00000335,ΜΠΑΤΛΕΡ Τζαμάρ,,18,29.82,536.76,False,Manual review of blank country,False,https://www.esake.gr/el/action/EsakeStats?mode=2&idchampionship=00000004&idseason=00000001,00000013,00000019,Γ.Σ.ΟΛΥΜΠΙΑ ΛΑΡΙΣΑΣ,14,26,True
2009-10,00000339,ΜΠΕΒΕΡΛΙ Πάτρικ,ΗΠΑ,12,17.65,211.8,False,ESAKE country,False,https://www.esake.gr/el/action/EsakeStats?mode=2&idchampionship=00000004&idseason=00000001,00000002,00000002,ΟΛΥΜΠΙΑΚΟΣ,2,26,False
2009-10,00000344,ΜΠΕΜΠΑ Ρούντι,,1,7.33,7.33,False,Manual review of blank country,False,https://www.esake.gr/el/action/EsakeStats?mode=2&idchampionship=00000004&idseason=00000001,0000000D,00000013,ΠΕΡΙΣΤΕΡΙ Betsson,9,26,True
2009-10,0000034A,ΜΠΕΝΤΟΝ Μάικλ,,9,11.47,103.23,False,Manual review of blank country,False,https://www.esake.gr/el/action/EsakeStats?mode=2&idchampionship=00000004&idseason=00000001,00000006,00000006,ΗΛΥΣΙΑΚΟΣ,12,26,True
2009-10,00000354,ΜΠΕΤΣ Άντριου,,23,25.02,575.46,False,Manual review of blank country,False,https://www.esake.gr/el/action/EsakeStats?mode=2&idchampionship=00000004&idseason=00000001,00000005,00000005,ΑΡΗΣ,7,26,False
2009-10,00000358,Μπιγκς Τάιρελ,,24,17.22,413.28,False,Manual review of blank country,False,https://www.esake.gr/el/action/EsakeStats?mode=2&idchampionship=00000004&idseason=00000001,00000014,00000020,ΤΡΙΚΑΛΑ BC ARIES,13,26,True
2009-10,0000035F,ΜΠΛΕΪΚΝΙ Ρόντερικ,,26,25.25,656.5,False,Manual review of blank country,False,https://www.esake.gr/el/action/EsakeStats?mode=2&idchampionship=00000004&idseason=00000001,00000012,00000018,ΠΑΝΕΛΛΗΝΙΟΣ,4,26,False
2009-10,00000363,ΜΠΟΓΔΑΝΟΣ Δημήτρης,,25,15.81,395.25,True,Manual review of blank country,False,https://www.esake.gr/el/action/EsakeStats?mode=2&idchampionship=00000004&idseason=00000001,00000013,00000019,Γ.Σ.ΟΛΥΜΠΙΑ ΛΑΡΙΣΑΣ,14,26,True
2009-10,00000366,ΜΠΟΓΡΗΣ Γιώργος,ΕΛΛΑΔΑ,5,8.02,40.1,True,ESAKE country,False,https://www.esake.gr/el/action/EsakeStats?mode=2&idchampionship=00000004&idseason=00000001,00000001,00000001,ΠΑΝΑΘΗΝΑΪΚΟΣ AKTOR,1,26,False
2009-10,00000373,ΜΠΟΡΟΒΝΙΑΚ Ντέγιαν,ΣΕΡΒΙΑ,4,10.75,43.0,False,ESAKE country,False,https://www.esake.gr/el/action/EsakeStats?mode=2&idchampionship=00000004&idseason=00000001,00000003,00000003,ΠΑΝΙΩΝΙΟΣ COSMORAMA TRAVEL,8,26,True
2009-10,00000379,ΜΠΟΥΡΟΥΣΗΣ Γιάννης,ΕΛΛΑΔΑ,18,18.32,329.76,True,ESAKE country,False,https://www.esake.gr/el/action/EsakeStats?mode=2&idchampionship=00000004&idseason=00000001,00000002,00000002,ΟΛΥΜΠΙΑΚΟΣ,2,26,False
2009-10,0000037B,ΜΠΟΥΤΣ Μπράιαν,,3,17.21,51.63,False,Manual review of blank country,False,https://www.esake.gr/el/action/EsakeStats?mode=2&idchampionship=00000004&idseason=00000001,00000006,00000006,ΗΛΥΣΙΑΚΟΣ,12,26,True
2009-10,0000037E,ΜΠΟΧΩΡΙΔΗΣ Ελευθέριος,ΕΛΛΑΔΑ,2,12.08,24.16,True,ESAKE country,True,https://www.esake.gr/el/action/EsakeStats?mode=2&idchampionship=00000004&idseason=00000001,00000005,00000005,ΑΡΗΣ,7,26,False
2009-10,00000380,ΜΠΡΑΪΑΝΤ Τράβον,,21,25.78,541.38,False,Manual review of blank country,False,https://www.esake.gr/el/action/EsakeStats?mode=2&idchampionship=00000004&idseason=00000001,00000003,00000003,ΠΑΝΙΩΝΙΟΣ COSMORAMA TRAVEL,8,26,True
2009-10,00000381,ΜΠΡΑΜΟΣ Μάικλ,ΕΛΛΑΔΑ,26,24.0,624.0,True,ESAKE country,False,https://www.esake.gr/el/action/EsakeStats?mode=2&idchampionship=00000004&idseason=00000001,0000000D,00000013,ΠΕΡΙΣΤΕΡΙ Betsson,9,26,True
2009-10,BC64636C,ΜΠΡΑΟΥΝ Γκρεγκορι,ΗΠΑ,2,23.18,46.36,False,ESAKE country,True,https://www.esake.gr/el/action/EsakeStats?mode=2&idchampionship=00000004&idseason=00000001,00000010,00000016,ΑΕΚ,10,26,True
2009-10,AFF632D9,ΜΠΡΙΓΚΣ Τζάστιν,ΗΠΑ,2,23.62,47.24,False,ESAKE country,True,https://www.esake.gr/el/action/EsakeStats?mode=2&idchampionship=00000004&idseason=00000001,,1052694769,,,,False
2009-10,000006DC,ΝΑΝΑΛΙ Τζέιμς Γουίλιαμ,ΗΠΑ,2,29.6,59.2,False,ESAKE country,True,https://www.esake.gr/el/action/EsakeStats?mode=2&idchampionship=00000004&idseason=00000001,00000010,00000016,ΑΕΚ,10,26,True
2009-10,0000039C,ΝΑΝΤΖΦΕΪ Στέφαν,ΣΕΡΒΙΑ,23,13.71,315.33,False,ESAKE country,False,https://www.esake.gr/el/action/EsakeStats?mode=2&idchampionship=00000004&idseason=00000001,0000000F,00000015,ΜΑΡΟΥΣΙ,3,26,False
2009-10,000003A0,ΝΕΛΣΟΝ Σπένσερ,,21,19.78,415.38,False,Manual review of blank country,False,https://www.esake.gr/el/action/EsakeStats?mode=2&idchampionship=00000004&idseason=00000001,0000000D,00000013,ΠΕΡΙΣΤΕΡΙ Betsson,9,26,True
2009-10,000003AC,ΝΙΚΟΛΑΪΔΗΣ Πρόδρομος,,26,31.73,824.98,True,Manual review of blank country,False,https://www.esake.gr/el/action/EsakeStats?mode=2&idchampionship=00000004&idseason=00000001,00000010,00000016,ΑΕΚ,10,26,True
2009-10,000003AE,ΝΙΚΟΛΑΣ Ντρου,,24,19.51,468.24,False,Manual review of blank country,False,https://www.esake.gr/el/action/EsakeStats?mode=2&idchampionship=00000004&idseason=00000001,00000001,00000001,ΠΑΝΑΘΗΝΑΪΚΟΣ AKTOR,1,26,False
2009-10,000003B3,ΝΙΚΟΥ Θωμάς,ΕΛΛΑΔΑ,10,4.4,44.0,True,ESAKE country,False,https://www.esake.gr/el/action/EsakeStats?mode=2&idchampionship=00000004&idseason=00000001,00000008,00000008,ΚΑΒΑΛΑ,11,26,True
2009-10,000003B8,ΝΟΕΑΣ Πέτρος,,19,9.26,175.94,True,Manual review of blank country,False,https://www.esake.gr/el/action/EsakeStats?mode=2&idchampionship=00000004&idseason=00000001,00000014,00000020,ΤΡΙΚΑΛΑ BC ARIES,13,26,True
2009-10,4517CD53,ΝΟΥΑ Αμίν,ΓΑΛΛΙΑ,2,31.97,63.94,False,ESAKE country,True,https://www.esake.gr/el/action/EsakeStats?mode=2&idchampionship=00000004&idseason=00000001,00000005,00000005,ΑΡΗΣ,7,26,False
2009-10,000003C6,ΝΤΑΝΙΕΛΣ Ουίλιαμ,,5,16.48,82.4,False,Manual review of blank country,False,https://www.esake.gr/el/action/EsakeStats?mode=2&idchampionship=00000004&idseason=00000001,0000000D,00000013,ΠΕΡΙΣΤΕΡΙ Betsson,9,26,True
2009-10,000003C9,ΝΤΕΪ Κουίντον,,2,11.52,23.04,False,Manual review of blank country,False,https://www.esake.gr/el/action/EsakeStats?mode=2&idchampionship=00000004&idseason=00000001,00000005,00000005,ΑΡΗΣ,7,26,False
2009-10,000003CF,ΝΤΕΪΒΙΣ Τζος,,20,17.85,357.0,False,Manual review of blank country,False,https://www.esake.gr/el/action/EsakeStats?mode=2&idchampionship=00000004&idseason=00000001,00000012,00000018,ΠΑΝΕΛΛΗΝΙΟΣ,4,26,False
2009-10,000003D1,ΝΤΕΛΙΝΙΚΑΪΤΙΣ Τόμας,ΛΙΘΟΥΑΝΙΑ,4,20.64,82.56,False,ESAKE country,False,https://www.esake.gr/el/action/EsakeStats?mode=2&idchampionship=00000004&idseason=00000001,0000000C,00000012,ΠΑΟΚ,5,26,False
2009-10,000003DB,ΝΤΙΚΕΛ Μαρκ,,17,26.17,444.89,False,Manual review of blank country,False,https://www.esake.gr/el/action/EsakeStats?mode=2&idchampionship=00000004&idseason=00000001,00000014,00000020,ΤΡΙΚΑΛΑ BC ARIES,13,26,True
2009-10,000003DC,ΝΤΙΚΟΥΔΗΣ Δήμος,,23,18.79,432.17,True,Manual review of blank country,False,https://www.esake.gr/el/action/EsakeStats?mode=2&idchampionship=00000004&idseason=00000001,00000005,00000005,ΑΡΗΣ,7,26,False
2009-10,000003E3,ΝΤΙΞΟΝ Χουάν,,7,22.26,155.82,False,Manual review of blank country,False,https://www.esake.gr/el/action/EsakeStats?mode=2&idchampionship=00000004&idseason=00000001,00000005,00000005,ΑΡΗΣ,7,26,False
2009-10,000003E7,ΝΤΟΖΙΕΡ Ρόμπερτ,,26,26.31,684.06,False,Manual review of blank country,False,https://www.esake.gr/el/action/EsakeStats?mode=2&idchampionship=00000004&idseason=00000001,0000000A,00000010,ΚΟΛΟΣΣΟΣ H HOTELS COLLECTION,6,26,False
2009-10,000003F4,ΝΤΡΟΜΠΝΙΑΚ Πρέντραγκ,,26,19.44,505.44,False,Manual review of blank country,False,https://www.esake.gr/el/action/EsakeStats?mode=2&idchampionship=00000004&idseason=00000001,0000000C,00000012,ΠΑΟΚ,5,26,False
2009-10,000003F5,ΞΑΝΘΟΠΟΥΛΟΣ Βασίλης,ΕΛΛΑΔΑ,26,10.5,273.0,True,ESAKE country,False,https://www.esake.gr/el/action/EsakeStats?mode=2&idchampionship=00000004&idseason=00000001,00000012,00000018,ΠΑΝΕΛΛΗΝΙΟΣ,4,26,False
2009-10,00000402,ΟΙΚΟΝΟΜΟΥ Μιχάλης,,2,0.71,1.42,True,Manual review of blank country,False,https://www.esake.gr/el/action/EsakeStats?mode=2&idchampionship=00000004&idseason=00000001,00000006,00000006,ΗΛΥΣΙΑΚΟΣ,12,26,True
2009-10,0000040B,ΟΟΥΕΝΣ Κρις,,9,17.72,159.48,False,Manual review of blank country,False,https://www.esake.gr/el/action/EsakeStats?mode=2&idchampionship=00000004&idseason=00000001,00000012,00000018,ΠΑΝΕΛΛΗΝΙΟΣ,4,26,False
2009-10,00000412,ΟΣΤΟΪΤΣ Τζούρο,,26,14.21,369.46,False,Manual review of blank country,False,https://www.esake.gr/el/action/EsakeStats?mode=2&idchampionship=00000004&idseason=00000001,00000012,00000018,ΠΑΝΕΛΛΗΝΙΟΣ,4,26,False
2009-10,0000041A,ΟΥΕΪΝΤ Λορέντζο,,3,26.78,80.34,False,Manual review of blank country,False,https://www.esake.gr/el/action/EsakeStats?mode=2&idchampionship=00000004&idseason=00000001,00000008,00000008,ΚΑΒΑΛΑ,11,26,True
2009-10,0000041B,ΟΥΕΪΦΕΡ Βον,,2,10.1,20.2,False,Manual review of blank country,False,https://www.esake.gr/el/action/EsakeStats?mode=2&idchampionship=00000004&idseason=00000001,00000002,00000002,ΟΛΥΜΠΙΑΚΟΣ,2,26,False
2009-10,0000042B,ΟΥΙΛΚΙΝΣΟΝ Γκάρι,,12,10.25,123.0,False,Manual review of blank country,False,https://www.esake.gr/el/action/EsakeStats?mode=2&idchampionship=00000004&idseason=00000001,0000000D,00000013,ΠΕΡΙΣΤΕΡΙ Betsson,9,26,True
2009-10,00000433,ΟΥΟΛΣ Ματ,,8,31.57,252.56,False,Manual review of blank country,False,https://www.esake.gr/el/action/EsakeStats?mode=2&idchampionship=00000004&idseason=00000001,00000005,00000005,ΑΡΗΣ,7,26,False
2009-10,0000043D,ΠΑΛΑΣΙΟ Μιλτ,,16,28.73,459.68,False,Manual review of blank country,False,https://www.esake.gr/el/action/EsakeStats?mode=2&idchampionship=00000004&idseason=00000001,00000008,00000008,ΚΑΒΑΛΑ,11,26,True
2009-10,00000449,ΠΑΝΤΕΛΙΑΔΗΣ Σπύρος,,25,10.33,258.25,True,Manual review of blank country,False,https://www.esake.gr/el/action/EsakeStats?mode=2&idchampionship=00000004&idseason=00000001,0000000A,00000010,ΚΟΛΟΣΣΟΣ H HOTELS COLLECTION,6,26,False
2009-10,0000044D,ΠΑΟΥΕΛ Κασίμπ,,10,30.29,302.9,False,Manual review of blank country,False,https://www.esake.gr/el/action/EsakeStats?mode=2&idchampionship=00000004&idseason=00000001,00000014,00000020,ΤΡΙΚΑΛΑ BC ARIES,13,26,True
2009-10,0000044E,ΠΑΟΥΝΙΤΣ Ιβάν,,16,13.95,223.2,False,Manual review of blank country,False,https://www.esake.gr/el/action/EsakeStats?mode=2&idchampionship=00000004&idseason=00000001,00000005,00000005,ΑΡΗΣ,7,26,False
2009-10,00000453,ΠΑΠΑΔΑΚΗΣ Γιώργος,,5,9.81,49.05,True,Manual review of blank country,False,https://www.esake.gr/el/action/EsakeStats?mode=2&idchampionship=00000004&idseason=00000001,00000006,00000006,ΗΛΥΣΙΑΚΟΣ,12,26,True
2009-10,00000460,ΠΑΠΑΔΟΠΟΥΛΟΣ Λάζαρος,,22,24.58,540.76,True,Manual review of blank country,False,https://www.esake.gr/el/action/EsakeStats?mode=2&idchampionship=00000004&idseason=00000001,0000000C,00000012,ΠΑΟΚ,5,26,False
2009-10,00000462,ΠΑΠΑΪΩΑΚΕΙΜ Παντελής,,9,15.41,138.69,True,Manual review of blank country,False,https://www.esake.gr/el/action/EsakeStats?mode=2&idchampionship=00000004&idseason=00000001,00000013,00000019,Γ.Σ.ΟΛΥΜΠΙΑ ΛΑΡΙΣΑΣ,14,26,True
2009-10,00000464,ΠΑΠΑΚΩΣΤΑΣ Φάνης,,21,5.44,114.24,True,Manual review of blank country,False,https://www.esake.gr/el/action/EsakeStats?mode=2&idchampionship=00000004&idseason=00000001,00000013,00000019,Γ.Σ.ΟΛΥΜΠΙΑ ΛΑΡΙΣΑΣ,14,26,True
2009-10,00000465,ΠΑΠΑΛΟΥΚΑΣ Θοδωρής,,19,20.74,394.06,True,Manual review of blank country,False,https://www.esake.gr/el/action/EsakeStats?mode=2&idchampionship=00000004&idseason=00000001,00000002,00000002,ΟΛΥΜΠΙΑΚΟΣ,2,26,False
2009-10,00000466,ΠΑΠΑΜΑΚΑΡΙΟΣ Μανόλης,ΕΛΛΑΔΑ,25,23.96,599.0,True,ESAKE country,False,https://www.esake.gr/el/action/EsakeStats?mode=2&idchampionship=00000004&idseason=00000001,00000012,00000018,ΠΑΝΕΛΛΗΝΙΟΣ,4,26,False
2009-10,00000467,ΠΑΠΑΝΙΚΟΛΑΟΥ Δημήτρης,,23,21.37,491.51,True,Manual review of blank country,False,https://www.esake.gr/el/action/EsakeStats?mode=2&idchampionship=00000004&idseason=00000001,00000003,00000003,ΠΑΝΙΩΝΙΟΣ COSMORAMA TRAVEL,8,26,True
2009-10,00000468,ΠΑΠΑΝΙΚΟΛΑΟΥ Κώστας,ΕΛΛΑΔΑ,17,10.32,175.44,True,ESAKE country,False,https://www.esake.gr/el/action/EsakeStats?mode=2&idchampionship=00000004&idseason=00000001,00000002,00000002,ΟΛΥΜΠΙΑΚΟΣ,2,26,False
2009-10,00000469,ΠΑΠΑΝΙΚΟΛΑΟΥ Νίκος,,23,19.52,448.96,True,Manual review of blank country,False,https://www.esake.gr/el/action/EsakeStats?mode=2&idchampionship=00000004&idseason=00000001,00000006,00000006,ΗΛΥΣΙΑΚΟΣ,12,26,True
2009-10,0000046A,ΠΑΠΑΝΙΚΟΛΑΟΥ Χρήστος,,3,0.97,2.91,True,Manual review of blank country,False,https://www.esake.gr/el/action/EsakeStats?mode=2&idchampionship=00000004&idseason=00000001,00000005,00000005,ΑΡΗΣ,7,26,False
2009-10,0000046B,ΠΑΠΑΝΙΚΟΛΟΠΟΥΛΟΣ Νίκος,ΕΛΛΑΔΑ,25,23.57,589.25,True,ESAKE country,False,https://www.esake.gr/el/action/EsakeStats?mode=2&idchampionship=00000004&idseason=00000001,0000000D,00000013,ΠΕΡΙΣΤΕΡΙ Betsson,9,26,True
2009-10,0000046D,ΠΑΠΑΝΤΩΝΑΚΟΣ Κώστας,,1,1.87,1.87,True,Manual review of blank country,False,https://www.esake.gr/el/action/EsakeStats?mode=2&idchampionship=00000004&idseason=00000001,0000000F,00000015,ΜΑΡΟΥΣΙ,3,26,False
2009-10,0000046F,ΠΑΠΑΝΤΩΝΙΟΥ Νώντας,ΕΛΛΑΔΑ,26,9.76,253.76,True,ESAKE country,False,https://www.esake.gr/el/action/EsakeStats?mode=2&idchampionship=00000004&idseason=00000001,00000010,00000016,ΑΕΚ,10,26,True
2009-10,00000476,ΠΑΠΑΧΡΗΣΤΟΣ Γιάννης,,23,17.07,392.61,True,Manual review of blank country,False,https://www.esake.gr/el/action/EsakeStats?mode=2&idchampionship=00000004&idseason=00000001,00000013,00000019,Γ.Σ.ΟΛΥΜΠΙΑ ΛΑΡΙΣΑΣ,14,26,True
2009-10,00000742,ΠΑΠΠΑΣ Γρηγόρης,,0,0.0,0.0,True,Manual review of blank country,False,https://www.esake.gr/el/action/EsakeStats?mode=2&idchampionship=00000004&idseason=00000001,0000000F,00000015,ΜΑΡΟΥΣΙ,3,26,False
2009-10,0000047A,ΠΑΠΠΑΣ Νίκος,ΕΛΛΑΔΑ,25,17.23,430.75,True,ESAKE country,False,https://www.esake.gr/el/action/EsakeStats?mode=2&idchampionship=00000004&idseason=00000001,0000000A,00000010,ΚΟΛΟΣΣΟΣ H HOTELS COLLECTION,6,26,False
2009-10,0000047D,ΠΑΡΑΓΥΙΟΣ Μιχάλης,,19,9.83,186.77,True,Manual review of blank country,False,https://www.esake.gr/el/action/EsakeStats?mode=2&idchampionship=00000004&idseason=00000001,00000003,00000003,ΠΑΝΙΩΝΙΟΣ COSMORAMA TRAVEL,8,26,True
2009-10,00000494,ΠΕΚΟΒΙΤΣ Νίκολα,,26,16.84,437.84,False,Manual review of blank country,False,https://www.esake.gr/el/action/EsakeStats?mode=2&idchampionship=00000004&idseason=00000001,00000001,00000001,ΠΑΝΑΘΗΝΑΪΚΟΣ AKTOR,1,26,False
2009-10,00000496,ΠΕΛΕΚΑΝΟΣ Μιχάλης,ΕΛΛΑΔΑ,25,25.72,643.0,True,ESAKE country,False,https://www.esake.gr/el/action/EsakeStats?mode=2&idchampionship=00000004&idseason=00000001,0000000F,00000015,ΜΑΡΟΥΣΙ,3,26,False
2009-10,00000497,ΠΕΝ Σκούνι,,15,19.36,290.4,False,Manual review of blank country,False,https://www.esake.gr/el/action/EsakeStats?mode=2&idchampionship=00000004&idseason=00000001,00000002,00000002,ΟΛΥΜΠΙΑΚΟΣ,2,26,False
2009-10,0000049F,ΠΕΡΠΕΡΟΓΛΟΥ Στράτος,ΕΛΛΑΔΑ,25,20.66,516.5,True,ESAKE country,False,https://www.esake.gr/el/action/EsakeStats?mode=2&idchampionship=00000004&idseason=00000001,00000001,00000001,ΠΑΝΑΘΗΝΑΪΚΟΣ AKTOR,1,26,False
2009-10,000004A4,ΠΕΤΓΟΥΕΪ Μπρεντ,ΗΠΑ,6,29.03,174.18,False,ESAKE country,False,https://www.esake.gr/el/action/EsakeStats?mode=2&idchampionship=00000004&idseason=00000001,00000006,00000006,ΗΛΥΣΙΑΚΟΣ,12,26,True
2009-10,000004A9,ΠΕΤΡΟΥΛΑΣ Αλέξανδρος,,20,8.61,172.2,True,Manual review of blank country,False,https://www.esake.gr/el/action/EsakeStats?mode=2&idchampionship=00000004&idseason=00000001,00000012,00000018,ΠΑΝΕΛΛΗΝΙΟΣ,4,26,False
2009-10,D8AAA670,ΠΕΤΣΑΡΣΚΙ Μάρκο,ΕΛΛΑΔΑ,0,0.0,0.0,True,ESAKE country,True,https://www.esake.gr/el/action/EsakeStats?mode=2&idchampionship=00000004&idseason=00000001,00000010,00000016,ΑΕΚ,10,26,True
2009-10,000004BD,ΠΟΠΟΒΙΤΣ Μάρκο,,2,12.79,25.58,False,Manual review of blank country,False,https://www.esake.gr/el/action/EsakeStats?mode=2&idchampionship=00000004&idseason=00000001,00000013,00000019,Γ.Σ.ΟΛΥΜΠΙΑ ΛΑΡΙΣΑΣ,14,26,True
2009-10,F42B3D2C,ΠΟΥΛΙΑΝΙΤΗΣ Στέλιος,ΕΛΛΑΔΑ,2,3.33,6.66,True,ESAKE country,True,https://www.esake.gr/el/action/EsakeStats?mode=2&idchampionship=00000004&idseason=00000001,00000005,00000005,ΑΡΗΣ,7,26,False
2009-10,59CC416B,ΠΟΥΡΛΙΔΑΣ Βασίλειος,ΕΛΛΑΔΑ,0,0.0,0.0,True,ESAKE country,True,https://www.esake.gr/el/action/EsakeStats?mode=2&idchampionship=00000004&idseason=00000001,00000005,00000005,ΑΡΗΣ,7,26,False
2009-10,000004CB,ΠΡΟΔΡΟΜΟΥ Γιάννης,,15,4.57,68.55,True,Manual review of blank country,False,https://www.esake.gr/el/action/EsakeStats?mode=2&idchampionship=00000004&idseason=00000001,00000014,00000020,ΤΡΙΚΑΛΑ BC ARIES,13,26,True
2009-10,000004CC,ΠΡΟΥΙΤ Σον,,2,12.04,24.08,False,Manual review of blank country,False,https://www.esake.gr/el/action/EsakeStats?mode=2&idchampionship=00000004&idseason=00000001,0000000D,00000013,ΠΕΡΙΣΤΕΡΙ Betsson,9,26,True
2009-10,000004D0,ΡΑΪΣ Ταϊρίς,ΗΠΑ,25,28.88,722.0,False,ESAKE country,False,https://www.esake.gr/el/action/EsakeStats?mode=2&idchampionship=00000004&idseason=00000001,00000003,00000003,ΠΑΝΙΩΝΙΟΣ COSMORAMA TRAVEL,8,26,True
2009-10,000004D1,ΡΑΪΣΕΒΙΤΣ Μίροσλαβ,,22,22.46,494.12,False,Manual review of blank country,False,https://www.esake.gr/el/action/EsakeStats?mode=2&idchampionship=00000004&idseason=00000001,00000008,00000008,ΚΑΒΑΛΑ,11,26,True
2009-10,0B4BA1C7,ΡΕΪ Κέντρικ,ΗΠΑ,2,13.28,26.56,False,ESAKE country,True,https://www.esake.gr/el/action/EsakeStats?mode=2&idchampionship=00000004&idseason=00000001,,1052694769,,,,False
2009-10,000004F5,ΡΙΤΣΑΡΝΤΣΟΝ Τζέρεμι,,24,27.08,649.92,False,Manual review of blank country,False,https://www.esake.gr/el/action/EsakeStats?mode=2&idchampionship=00000004&idseason=00000001,00000005,00000005,ΑΡΗΣ,7,26,False
2009-10,2C26B404,ΡΟΓΚΑΒΟΠΟΥΛΟΣ Νίκος,ΕΛΛΑΔΑ,2,28.63,57.26,True,ESAKE country,True,https://www.esake.gr/el/action/EsakeStats?mode=2&idchampionship=00000004&idseason=00000001,00000001,00000001,ΠΑΝΑΘΗΝΑΪΚΟΣ AKTOR,1,26,False
2009-10,00000506,ΡΟΤΖΕΡΣ Κέβιν,,3,27.36,82.08,False,Manual review of blank country,False,https://www.esake.gr/el/action/EsakeStats?mode=2&idchampionship=00000004&idseason=00000001,00000003,00000003,ΠΑΝΙΩΝΙΟΣ COSMORAMA TRAVEL,8,26,True
2009-10,00000510,ΣΑΚΕΛΛΑΡΙΟΥ Δημήτρης,ΕΛΛΑΔΑ,15,8.58,128.7,True,ESAKE country,False,https://www.esake.gr/el/action/EsakeStats?mode=2&idchampionship=00000004&idseason=00000001,00000014,00000020,ΤΡΙΚΑΛΑ BC ARIES,13,26,True
2009-10,00000516,ΣΑΛΣΜΠΕΡΙ Ντάστιν,ΗΠΑ,3,16.58,49.74,False,ESAKE country,False,https://www.esake.gr/el/action/EsakeStats?mode=2&idchampionship=00000004&idseason=00000001,00000013,00000019,Γ.Σ.ΟΛΥΜΠΙΑ ΛΑΡΙΣΑΣ,14,26,True
2009-10,B8E81349,ΣΑΜΟΝΤΟΥΡΟΒ Αλέξανδρος,ΕΛΛΑΔΑ,2,2.8,5.6,True,ESAKE country,True,https://www.esake.gr/el/action/EsakeStats?mode=2&idchampionship=00000004&idseason=00000001,00000001,00000001,ΠΑΝΑΘΗΝΑΪΚΟΣ AKTOR,1,26,False
2009-10,00000533,ΣΕΡΜΑΝΤΙΝΙ Γκιόργκι,ΓΕΩΡΓΙΑ,15,11.95,179.25,False,ESAKE country,False,https://www.esake.gr/el/action/EsakeStats?mode=2&idchampionship=00000004&idseason=00000001,00000001,00000001,ΠΑΝΑΘΗΝΑΪΚΟΣ AKTOR,1,26,False
2009-10,0000053A,ΣΙΓΚΟΥΝΑΣ Αλέξανδρος,ΕΛΛΑΔΑ,21,13.28,278.88,True,ESAKE country,False,https://www.esake.gr/el/action/EsakeStats?mode=2&idchampionship=00000004&idseason=00000001,00000008,00000008,ΚΑΒΑΛΑ,11,26,True
2009-10,306A4360,ΣΙΔΗΡΟΗΛΙΑΣ Γιάννης,ΕΛΛΑΔΑ,2,2.8,5.6,True,ESAKE country,True,https://www.esake.gr/el/action/EsakeStats?mode=2&idchampionship=00000004&idseason=00000001,,1052694769,,,,False
2009-10,0000053E,Σιλντς Έιχαρντ,,9,25.97,233.73,False,Manual review of blank country,False,https://www.esake.gr/el/action/EsakeStats?mode=2&idchampionship=00000004&idseason=00000001,00000008,00000008,ΚΑΒΑΛΑ,11,26,True
2009-10,0000053F,ΣΙΜΟΝΣ Σέντρικ,ΒΟΥΛΓΑΡΙΑ,4,15.94,63.76,False,ESAKE country,False,https://www.esake.gr/el/action/EsakeStats?mode=2&idchampionship=00000004&idseason=00000001,00000008,00000008,ΚΑΒΑΛΑ,11,26,True
2009-10,0000059C,ΣΙΜΤΣΑΚ Βασίλης,ΕΛΛΑΔΑ,25,16.95,423.75,True,ESAKE country,False,https://www.esake.gr/el/action/EsakeStats?mode=2&idchampionship=00000004&idseason=00000001,00000014,00000020,ΤΡΙΚΑΛΑ BC ARIES,13,26,True
2009-10,00000549,ΣΙΟΥΤΗΣ Θεόδωρος,ΕΛΛΑΔΑ,24,15.54,372.96,True,ESAKE country,False,https://www.esake.gr/el/action/EsakeStats?mode=2&idchampionship=00000004&idseason=00000001,00000006,00000006,ΗΛΥΣΙΑΚΟΣ,12,26,True
2009-10,00000554,ΣΚΟΡΔΙΛΗΣ Γάιος,ΕΛΛΑΔΑ,21,6.3,132.3,True,ESAKE country,False,https://www.esake.gr/el/action/EsakeStats?mode=2&idchampionship=00000004&idseason=00000001,00000005,00000005,ΑΡΗΣ,7,26,False
2009-10,00000559,ΣΚΟΥΛΙΔΑΣ Διονύσης,ΕΛΛΑΔΑ,2,22.03,44.06,True,ESAKE country,True,https://www.esake.gr/el/action/EsakeStats?mode=2&idchampionship=00000004&idseason=00000001,,1052694769,,,,False
2009-10,0000055C,ΣΛΟΥΚΑΣ Κώστας,ΕΛΛΑΔΑ,12,12.91,154.92,True,ESAKE country,False,https://www.esake.gr/el/action/EsakeStats?mode=2&idchampionship=00000004&idseason=00000001,00000002,00000002,ΟΛΥΜΠΙΑΚΟΣ,2,26,False
2009-10,0000055E,Σμιθ Ντέβιν,,23,28.11,646.53,False,Manual review of blank country,False,https://www.esake.gr/el/action/EsakeStats?mode=2&idchampionship=00000004&idseason=00000001,00000012,00000018,ΠΑΝΕΛΛΗΝΙΟΣ,4,26,False
2009-10,92C27E93,ΣΟΡΤΣ Τι Τζέι,ΗΠΑ,2,18.78,37.56,False,ESAKE country,True,https://www.esake.gr/el/action/EsakeStats?mode=2&idchampionship=00000004&idseason=00000001,00000001,00000001,ΠΑΝΑΘΗΝΑΪΚΟΣ AKTOR,1,26,False
2009-10,00000571,Σούντοφ Μπρούνο,,14,14.62,204.68,False,Manual review of blank country,False,https://www.esake.gr/el/action/EsakeStats?mode=2&idchampionship=00000004&idseason=00000001,00000008,00000008,ΚΑΒΑΛΑ,11,26,True
2009-10,00000576,Σπανός Νίκος,,18,8.06,145.08,True,Manual review of blank country,False,https://www.esake.gr/el/action/EsakeStats?mode=2&idchampionship=00000004&idseason=00000001,00000013,00000019,Γ.Σ.ΟΛΥΜΠΙΑ ΛΑΡΙΣΑΣ,14,26,True
2009-10,00000577,ΣΠΑΝΟΥΛΗΣ Βασίλης,ΕΛΛΑΔΑ,22,21.41,471.02,True,ESAKE country,False,https://www.esake.gr/el/action/EsakeStats?mode=2&idchampionship=00000004&idseason=00000001,00000001,00000001,ΠΑΝΑΘΗΝΑΪΚΟΣ AKTOR,1,26,False
2009-10,00000580,Σταμάτης Κώστας,,1,0.42,0.42,True,Manual review of blank country,False,https://www.esake.gr/el/action/EsakeStats?mode=2&idchampionship=00000004&idseason=00000001,00000010,00000016,ΑΕΚ,10,26,True
2009-10,00000589,ΣΤΕΦΑΝΙΔΗΣ Χριστόφορος,ΕΛΛΑΔΑ,21,6.83,143.43,True,ESAKE country,False,https://www.esake.gr/el/action/EsakeStats?mode=2&idchampionship=00000004&idseason=00000001,00000008,00000008,ΚΑΒΑΛΑ,11,26,True
2009-10,0000059F,ΣΧΟΡΤΣΑΝΙΤΗΣ Σοφοκλής,ΕΛΛΑΔΑ,21,13.6,285.6,True,ESAKE country,False,https://www.esake.gr/el/action/EsakeStats?mode=2&idchampionship=00000004&idseason=00000001,00000002,00000002,ΟΛΥΜΠΙΑΚΟΣ,2,26,False
2009-10,00000745,ΤΑΚΟΥΑΝ Ντιν,ΗΠΑ,4,28.62,114.48,False,ESAKE country,False,https://www.esake.gr/el/action/EsakeStats?mode=2&idchampionship=00000004&idseason=00000001,00000008,00000008,ΚΑΒΑΛΑ,11,26,True
2009-10,000005A7,ΤΑΠΟΥΤΟΣ Χρήστος,ΕΛΛΑΔΑ,24,20.06,481.44,True,ESAKE country,False,https://www.esake.gr/el/action/EsakeStats?mode=2&idchampionship=00000004&idseason=00000001,0000000C,00000012,ΠΑΟΚ,5,26,False
2009-10,000005B3,ΤΕΟΝΤΟΣΙΤΣ Μίλος,,24,26.46,635.04,False,Manual review of blank country,False,https://www.esake.gr/el/action/EsakeStats?mode=2&idchampionship=00000004&idseason=00000001,00000002,00000002,ΟΛΥΜΠΙΑΚΟΣ,2,26,False
2009-10,000005B4,ΤΕΠΙΤΣ Μιλένκο,ΣΕΡΒΙΑ,25,20.24,506.0,False,ESAKE country,False,https://www.esake.gr/el/action/EsakeStats?mode=2&idchampionship=00000004&idseason=00000001,00000001,00000001,ΠΑΝΑΘΗΝΑΪΚΟΣ AKTOR,1,26,False
2009-10,000005BA,ΤΖΑΚΟΠΟΥΛΟΣ Τριαντάφυλλος,,20,9.48,189.6,True,Manual review of blank country,False,https://www.esake.gr/el/action/EsakeStats?mode=2&idchampionship=00000004&idseason=00000001,00000013,00000019,Γ.Σ.ΟΛΥΜΠΙΑ ΛΑΡΙΣΑΣ,14,26,True
2009-10,000005BE,ΤΖΑΚΣΟΝ Στέφον,,11,23.22,255.42,False,Manual review of blank country,False,https://www.esake.gr/el/action/EsakeStats?mode=2&idchampionship=00000004&idseason=00000001,00000013,00000019,Γ.Σ.ΟΛΥΜΠΙΑ ΛΑΡΙΣΑΣ,14,26,True
2009-10,000005CB,ΤΖΙΓΚΑΝΟΒΙΤΣ Σάβο,,18,16.62,299.16,False,Manual review of blank country,False,https://www.esake.gr/el/action/EsakeStats?mode=2&idchampionship=00000004&idseason=00000001,00000014,00000020,ΤΡΙΚΑΛΑ BC ARIES,13,26,True
2009-10,000005D2,ΤΖΟΛΟΣ Βαγγέλης,ΕΛΛΑΔΑ,3,0.75,2.25,True,ESAKE country,False,https://www.esake.gr/el/action/EsakeStats?mode=2&idchampionship=00000004&idseason=00000001,00000010,00000016,ΑΕΚ,10,26,True
2009-10,000005D3,ΤΖΟΝΣΕΝ Μπρίτον,,13,15.85,206.05,False,Manual review of blank country,False,https://www.esake.gr/el/action/EsakeStats?mode=2&idchampionship=00000004&idseason=00000001,00000012,00000018,ΠΑΝΕΛΛΗΝΙΟΣ,4,26,False
2009-10,775E0986,ΤΖΟΟΥΝΣ Μπράις,ΗΠΑ,2,26.72,53.44,False,ESAKE country,True,https://www.esake.gr/el/action/EsakeStats?mode=2&idchampionship=00000004&idseason=00000001,00000005,00000005,ΑΡΗΣ,7,26,False
2009-10,D8361DB3,ΤΟΛΙΟΠΟΥΛΟΣ Βασίλης,ΕΛΛΑΔΑ,2,18.33,36.66,True,ESAKE country,True,https://www.esake.gr/el/action/EsakeStats?mode=2&idchampionship=00000004&idseason=00000001,00000001,00000001,ΠΑΝΑΘΗΝΑΪΚΟΣ AKTOR,1,26,False
2009-10,00000600,ΤΟΝΤΙΤΣ Μίροσλαβ,ΒΟΣΝΙΑ,12,15.15,181.8,False,ESAKE country,False,https://www.esake.gr/el/action/EsakeStats?mode=2&idchampionship=00000004&idseason=00000001,00000013,00000019,Γ.Σ.ΟΛΥΜΠΙΑ ΛΑΡΙΣΑΣ,14,26,True
2009-10,00000605,ΤΟΥΤΖΙΑΡΑΚΗΣ Σταύρος,ΕΛΛΑΔΑ,21,8.08,169.68,True,ESAKE country,False,https://www.esake.gr/el/action/EsakeStats?mode=2&idchampionship=00000004&idseason=00000001,00000010,00000016,ΑΕΚ,10,26,True
2009-10,0000060B,ΤΡΙΧΟΠΟΥΛΟΣ Γιώργος,,4,2.33,9.32,True,Manual review of blank country,False,https://www.esake.gr/el/action/EsakeStats?mode=2&idchampionship=00000004&idseason=00000001,00000013,00000019,Γ.Σ.ΟΛΥΜΠΙΑ ΛΑΡΙΣΑΣ,14,26,True
2009-10,0000060F,ΤΣΑΪΡΕΛΗΣ Μιχάλης,ΕΛΛΑΔΑ,22,9.28,204.16,True,ESAKE country,False,https://www.esake.gr/el/action/EsakeStats?mode=2&idchampionship=00000004&idseason=00000001,00000014,00000020,ΤΡΙΚΑΛΑ BC ARIES,13,26,True
2009-10,00000611,ΤΣΑΚΑΛΕΡΗΣ Ευθύμης,ΕΛΛΑΔΑ,2,2.18,4.36,True,ESAKE country,False,https://www.esake.gr/el/action/EsakeStats?mode=2&idchampionship=00000004&idseason=00000001,00000012,00000018,ΠΑΝΕΛΛΗΝΙΟΣ,4,26,False
2009-10,00000619,ΤΣΑΜΗΣ Άγγελος,ΕΛΛΑΔΑ,24,21.23,509.52,True,ESAKE country,False,https://www.esake.gr/el/action/EsakeStats?mode=2&idchampionship=00000004&idseason=00000001,0000000A,00000010,ΚΟΛΟΣΣΟΣ H HOTELS COLLECTION,6,26,False
2009-10,0000061E,ΤΣΑΡΤΣΑΡΗΣ Κώστας,,16,16.74,267.84,True,Manual review of blank country,False,https://www.esake.gr/el/action/EsakeStats?mode=2&idchampionship=00000004&idseason=00000001,00000001,00000001,ΠΑΝΑΘΗΝΑΪΚΟΣ AKTOR,1,26,False
2009-10,00000625,ΤΣΕΡΑΝΙΤΣ Ντράγκαν,,26,19.19,498.94,False,Manual review of blank country,False,https://www.esake.gr/el/action/EsakeStats?mode=2&idchampionship=00000004&idseason=00000001,00000008,00000008,ΚΑΒΑΛΑ,11,26,True
2009-10,00000628,ΤΣΙΑΚΟΣ Γιώργος,ΕΛΛΑΔΑ,26,18.46,479.96,True,ESAKE country,False,https://www.esake.gr/el/action/EsakeStats?mode=2&idchampionship=00000004&idseason=00000001,0000000D,00000013,ΠΕΡΙΣΤΕΡΙ Betsson,9,26,True
2009-10,00000629,ΤΣΙΑΡΑΣ Γιώργος,ΕΛΛΑΔΑ,12,7.22,86.64,True,ESAKE country,False,https://www.esake.gr/el/action/EsakeStats?mode=2&idchampionship=00000004&idseason=00000001,0000000C,00000012,ΠΑΟΚ,5,26,False
2009-10,0000062B,ΤΣΙΛΝΤΡΕΣ Τζος,,23,26.98,620.54,False,Manual review of blank country,False,https://www.esake.gr/el/action/EsakeStats?mode=2&idchampionship=00000004&idseason=00000001,00000002,00000002,ΟΛΥΜΠΙΑΚΟΣ,2,26,False
2009-10,0000062D,ΤΣΙΝΤΣΑΝΤΖΕ Γκιόργκι,,6,19.36,116.16,False,Manual review of blank country,False,https://www.esake.gr/el/action/EsakeStats?mode=2&idchampionship=00000004&idseason=00000001,00000014,00000020,ΤΡΙΚΑΛΑ BC ARIES,13,26,True
2009-10,00000633,ΤΣΚΙΤΙΣΒΙΛΙ Νικολόζ,,2,15.51,31.02,False,Manual review of blank country,False,https://www.esake.gr/el/action/EsakeStats?mode=2&idchampionship=00000004&idseason=00000001,00000003,00000003,ΠΑΝΙΩΝΙΟΣ COSMORAMA TRAVEL,8,26,True
2009-10,00000644,ΦΕΪΖΟΝ Μάρκους,,21,29.26,614.46,False,Manual review of blank country,False,https://www.esake.gr/el/action/EsakeStats?mode=2&idchampionship=00000004&idseason=00000001,0000000D,00000013,ΠΕΡΙΣΤΕΡΙ Betsson,9,26,True
2009-10,65AC3A56,ΦΙΖΕΛ Κέισον,ΗΠΑ,2,11.0,22.0,False,ESAKE country,True,https://www.esake.gr/el/action/EsakeStats?mode=2&idchampionship=00000004&idseason=00000001,00000010,00000016,ΑΕΚ,10,26,True
2009-10,B2A97905,ΦΛΙΩΝΗΣ Δημήτρης,ΕΛΛΑΔΑ,2,11.77,23.54,True,ESAKE country,True,https://www.esake.gr/el/action/EsakeStats?mode=2&idchampionship=00000004&idseason=00000001,00000010,00000016,ΑΕΚ,10,26,True
2009-10,00000653,ΦΟΝΤΕΝΕΤ Τζέισον,,7,23.87,167.09,False,Manual review of blank country,False,https://www.esake.gr/el/action/EsakeStats?mode=2&idchampionship=00000004&idseason=00000001,00000013,00000019,Γ.Σ.ΟΛΥΜΠΙΑ ΛΑΡΙΣΑΣ,14,26,True
2009-10,9DBC8FE2,ΦΟΡΕΣΤΕΡ Τζέϊκομπ,ΗΠΑ,2,17.75,35.5,False,ESAKE country,True,https://www.esake.gr/el/action/EsakeStats?mode=2&idchampionship=00000004&idseason=00000001,00000005,00000005,ΑΡΗΣ,7,26,False
2009-10,0000065F,ΦΡΑΝΣΙΣ Τορίν,,23,30.0,690.0,False,Manual review of blank country,False,https://www.esake.gr/el/action/EsakeStats?mode=2&idchampionship=00000004&idseason=00000001,00000010,00000016,ΑΕΚ,10,26,True
2009-10,00000666,ΦΩΤΣΗΣ Αντώνης,ΕΛΛΑΔΑ,26,20.26,526.76,True,ESAKE country,False,https://www.esake.gr/el/action/EsakeStats?mode=2&idchampionship=00000004&idseason=00000001,00000001,00000001,ΠΑΝΑΘΗΝΑΪΚΟΣ AKTOR,1,26,False
2009-10,0000066A,ΧΑΪΣΛΙΠ Μάρκους,,6,20.21,121.26,False,Manual review of blank country,False,https://www.esake.gr/el/action/EsakeStats?mode=2&idchampionship=00000004&idseason=00000001,00000001,00000001,ΠΑΝΑΘΗΝΑΪΚΟΣ AKTOR,1,26,False
2009-10,0000066D,ΧΑΛΠΕΡΙΝ Γιοτάμ,,19,20.25,384.75,False,Manual review of blank country,False,https://www.esake.gr/el/action/EsakeStats?mode=2&idchampionship=00000004&idseason=00000001,00000002,00000002,ΟΛΥΜΠΙΑΚΟΣ,2,26,False
2009-10,00000672,ΧΑΜΟΝΤΣ Κλιφ,ΗΠΑ,26,32.62,848.12,False,ESAKE country,False,https://www.esake.gr/el/action/EsakeStats?mode=2&idchampionship=00000004&idseason=00000001,0000000D,00000013,ΠΕΡΙΣΤΕΡΙ Betsson,9,26,True
2009-10,00000678,ΧΑΝΤΕΡ Οθέλο,ΗΠΑ,9,22.78,205.02,False,ESAKE country,False,https://www.esake.gr/el/action/EsakeStats?mode=2&idchampionship=00000004&idseason=00000001,00000006,00000006,ΗΛΥΣΙΑΚΟΣ,12,26,True
2009-10,0000067C,ΧΑΡΑΛΑΜΠΙΔΗΣ Κώστας,ΕΛΛΑΔΑ,25,22.53,563.25,True,ESAKE country,False,https://www.esake.gr/el/action/EsakeStats?mode=2&idchampionship=00000004&idseason=00000001,00000012,00000018,ΠΑΝΕΛΛΗΝΙΟΣ,4,26,False
2009-10,00000729,ΧΑΡΑΛΑΜΠΟΠΟΥΛΟΣ Βασίλης,ΕΛΛΑΔΑ,2,31.98,63.96,True,ESAKE country,True,https://www.esake.gr/el/action/EsakeStats?mode=2&idchampionship=00000004&idseason=00000001,00000010,00000016,ΑΕΚ,10,26,True
2009-10,13E498FF,ΧΑΡΕΛ Ρόνι,ΗΠΑ,2,35.52,71.04,False,ESAKE country,True,https://www.esake.gr/el/action/EsakeStats?mode=2&idchampionship=00000004&idseason=00000001,00000005,00000005,ΑΡΗΣ,7,26,False
2009-10,00000680,ΧΑΡΙΣ Λανς,,26,31.42,816.92,False,Manual review of blank country,False,https://www.esake.gr/el/action/EsakeStats?mode=2&idchampionship=00000004&idseason=00000001,0000000A,00000010,ΚΟΛΟΣΣΟΣ H HOTELS COLLECTION,6,26,False
2009-10,00000682,ΧΑΡΙΣΗΣ Κώστας,ΕΛΛΑΔΑ,24,21.82,523.68,True,ESAKE country,False,https://www.esake.gr/el/action/EsakeStats?mode=2&idchampionship=00000004&idseason=00000001,0000000A,00000010,ΚΟΛΟΣΣΟΣ H HOTELS COLLECTION,6,26,False
2009-10,00000685,ΧΑΡΙΤΟΠΟΥΛΟΣ Δημήτρης,ΕΛΛΑΔΑ,25,16.64,416.0,True,ESAKE country,False,https://www.esake.gr/el/action/EsakeStats?mode=2&idchampionship=00000004&idseason=00000001,00000003,00000003,ΠΑΝΙΩΝΙΟΣ COSMORAMA TRAVEL,8,26,True
2009-10,0000068D,ΧΑΤΖΗΒΡΕΤΤΑΣ Νίκος,,24,23.71,569.04,True,Manual review of blank country,False,https://www.esake.gr/el/action/EsakeStats?mode=2&idchampionship=00000004&idseason=00000001,00000005,00000005,ΑΡΗΣ,7,26,False
2009-10,00000690,ΧΑΤΖΗΣ Νίκος,ΕΛΛΑΔΑ,25,21.62,540.5,True,ESAKE country,False,https://www.esake.gr/el/action/EsakeStats?mode=2&idchampionship=00000004&idseason=00000001,00000006,00000006,ΗΛΥΣΙΑΚΟΣ,12,26,True
2009-10,00000696,ΧΑΦ Σον,,20,16.48,329.6,False,Manual review of blank country,False,https://www.esake.gr/el/action/EsakeStats?mode=2&idchampionship=00000004&idseason=00000001,00000008,00000008,ΚΑΒΑΛΑ,11,26,True
2009-10,192A9E36,ΧΕΪΖ-ΝΤΕΪΒΙΣ Ναϊτζελ,ΗΠΑ,2,23.98,47.96,False,ESAKE country,True,https://www.esake.gr/el/action/EsakeStats?mode=2&idchampionship=00000004&idseason=00000001,00000001,00000001,ΠΑΝΑΘΗΝΑΪΚΟΣ AKTOR,1,26,False
2009-10,00000698,ΧΕΛΙΓΟΥΕΛ Ουέιντ,,23,8.42,193.66,False,Manual review of blank country,False,https://www.esake.gr/el/action/EsakeStats?mode=2&idchampionship=00000004&idseason=00000001,0000000C,00000012,ΠΑΟΚ,5,26,False
2009-10,6E6CF8F4,ΧΕΣΟΝ Μάιλς,ΜΕΓΑΛΗ ΒΡΕΤΑΝΙΑ,2,15.1,30.2,False,ESAKE country,True,https://www.esake.gr/el/action/EsakeStats?mode=2&idchampionship=00000004&idseason=00000001,,1052694769,,,,False
2009-10,000006AA,ΧΟΜΑΝ Τζάρεντ,,25,20.44,511.0,False,Manual review of blank country,False,https://www.esake.gr/el/action/EsakeStats?mode=2&idchampionship=00000004&idseason=00000001,0000000F,00000015,ΜΑΡΟΥΣΙ,3,26,False
2009-10,000006BD,ΧΡΥΣΙΚΟΠΟΥΛΟΣ Λίνος,ΕΛΛΑΔΑ,5,4.78,23.9,True,ESAKE country,False,https://www.esake.gr/el/action/EsakeStats?mode=2&idchampionship=00000004&idseason=00000001,00000005,00000005,ΑΡΗΣ,7,26,False
2009-10,000006C0,ΨΑΡΟΠΟΥΛΟΣ Σωκράτης,ΕΛΛΑΔΑ,1,2.72,2.72,True,ESAKE country,False,https://www.esake.gr/el/action/EsakeStats?mode=2&idchampionship=00000004&idseason=00000001,0000000D,00000013,ΠΕΡΙΣΤΕΡΙ Betsson,9,26,True
2010-11,00000004,ΑΓΑΔΑΚΟΣ Λάζαρος,ΕΛΛΑΔΑ,25,15.93,398.25,True,ESAKE country,False,https://www.esake.gr/el/action/EsakeStats?mode=2&idchampionship=00000003&idseason=00000001,00000007,00000007,ΙΚΑΡΟΣ LUCY HTL,10,26,True
2010-11,00000006,ΑΓΓΕΛΑΚΟΠΟΥΛΟΣ Βασίλης,ΕΛΛΑΔΑ,21,17.13,359.73,True,ESAKE country,False,https://www.esake.gr/el/action/EsakeStats?mode=2&idchampionship=00000003&idseason=00000001,00000011,00000017,ΗΡΑΚΛΗΣ,14,26,True
2010-11,00000007,ΑΓΓΕΛΑΚΟΣ Αλέξανδρος,ΕΛΛΑΔΑ,1,1.33,1.33,True,ESAKE country,False,https://www.esake.gr/el/action/EsakeStats?mode=2&idchampionship=00000003&idseason=00000001,0000000A,00000010,ΚΟΛΟΣΣΟΣ H HOTELS COLLECTION,8,26,True
2010-11,0000000B,ΑΓΓΕΛΟΠΟΥΛΟΣ Νίκος,ΕΛΛΑΔΑ,25,16.11,402.75,True,ESAKE country,False,https://www.esake.gr/el/action/EsakeStats?mode=2&idchampionship=00000003&idseason=00000001,00000008,00000008,ΚΑΒΑΛΑ,6,26,False
2010-11,0000000F,ΑΓΡΑΒΑΝΗΣ Δημήτρης,ΕΛΛΑΔΑ,1,1.77,1.77,True,ESAKE country,False,https://www.esake.gr/el/action/EsakeStats?mode=2&idchampionship=00000003&idseason=00000001,0000000F,00000015,ΜΑΡΟΥΣΙ,5,26,False
2010-11,00000012,ΑΘΑΝΑΣΟΥΛΑΣ Γιάννης,ΕΛΛΑΔΑ,25,14.26,356.5,True,ESAKE country,False,https://www.esake.gr/el/action/EsakeStats?mode=2&idchampionship=00000003&idseason=00000001,00000003,00000003,ΠΑΝΙΩΝΙΟΣ COSMORAMA TRAVEL,9,26,True
2010-11,00000013,ΑΘΗΝΑΙΟΥ Γιάννης,ΕΛΛΑΔΑ,16,5.31,84.96,True,ESAKE country,False,https://www.esake.gr/el/action/EsakeStats?mode=2&idchampionship=00000003&idseason=00000001,00000003,00000003,ΠΑΝΙΩΝΙΟΣ COSMORAMA TRAVEL,9,26,True
2010-11,00000015,ΑΚΕΨΙΜΑΪΔΗΣ Ελευθέριος,ΕΛΛΑΔΑ,23,10.41,239.43,True,ESAKE country,False,https://www.esake.gr/el/action/EsakeStats?mode=2&idchampionship=00000003&idseason=00000001,0000000F,00000015,ΜΑΡΟΥΣΙ,5,26,False
2010-11,00000019,ΑΛΕΞΙΤΣ Μιλουτίν,,8,27.63,221.04,False,Manual review of blank country,False,https://www.esake.gr/el/action/EsakeStats?mode=2&idchampionship=00000003&idseason=00000001,00000003,00000003,ΠΑΝΙΩΝΙΟΣ COSMORAMA TRAVEL,9,26,True
2010-11,00000033,ΑΝΤΕΡΣΟΝ Ζόελ,,12,31.92,383.04,False,Manual review of blank country,False,https://www.esake.gr/el/action/EsakeStats?mode=2&idchampionship=00000003&idseason=00000001,00000003,00000003,ΠΑΝΙΩΝΙΟΣ COSMORAMA TRAVEL,9,26,True
2010-11,0000003B,ΑΝΤΩΝΑΚΗΣ Τάσος,ΕΛΛΑΔΑ,6,4.52,27.12,True,ESAKE country,False,https://www.esake.gr/el/action/EsakeStats?mode=2&idchampionship=00000003&idseason=00000001,00000010,00000016,ΑΕΚ,13,26,True
2010-11,0000003F,ΑΠΟΣΤΟΛΙΔΗΣ Γιώργος,ΕΛΛΑΔΑ,25,16.45,411.25,True,ESAKE country,False,https://www.esake.gr/el/action/EsakeStats?mode=2&idchampionship=00000003&idseason=00000001,0000000C,00000012,ΠΑΟΚ,3,26,False
2010-11,00000043,ΑΡΑΠΗΣ Δημήτρης,ΕΛΛΑΔΑ,15,3.46,51.9,True,ESAKE country,False,https://www.esake.gr/el/action/EsakeStats?mode=2&idchampionship=00000003&idseason=00000001,0000000C,00000012,ΠΑΟΚ,3,26,False
2010-11,0000004F,ΑΣΗΜΑΚΟΠΟΥΛΟΣ Αντώνης,ΕΛΛΑΔΑ,26,17.69,459.94,True,ESAKE country,False,https://www.esake.gr/el/action/EsakeStats?mode=2&idchampionship=00000003&idseason=00000001,0000000A,00000010,ΚΟΛΟΣΣΟΣ H HOTELS COLLECTION,8,26,True
2010-11,00000052,ΑΥΓΕΝΙΚΟΣ Αλέξανδρος,ΕΛΛΑΔΑ,6,0.56,3.36,True,ESAKE country,False,https://www.esake.gr/el/action/EsakeStats?mode=2&idchampionship=00000003&idseason=00000001,0000000A,00000010,ΚΟΛΟΣΣΟΣ H HOTELS COLLECTION,8,26,True
2010-11,00000053,ΒΑΒΑΤΣΙΚΟΣ Γιάννης,ΕΛΛΑΔΑ,12,3.04,36.48,True,ESAKE country,False,https://www.esake.gr/el/action/EsakeStats?mode=2&idchampionship=00000003&idseason=00000001,0000000F,00000015,ΜΑΡΟΥΣΙ,5,26,False
2010-11,00000060,ΒΑΣΙΛΕΙΑΔΗΣ Αλέξανδρος,ΕΛΛΑΔΑ,1,1.0,1.0,True,ESAKE country,False,https://www.esake.gr/el/action/EsakeStats?mode=2&idchampionship=00000003&idseason=00000001,00000005,00000005,ΑΡΗΣ,4,26,False
2010-11,00000065,ΒΑΣΙΛΟΠΟΥΛΟΣ Παναγιώτης,ΕΛΛΑΔΑ,4,11.25,45.0,True,ESAKE country,False,https://www.esake.gr/el/action/EsakeStats?mode=2&idchampionship=00000003&idseason=00000001,00000002,00000002,ΟΛΥΜΠΙΑΚΟΣ,1,26,False
2010-11,0000006B,ΒΕΡΓΙΝΗΣ Δημήτρης,ΕΛΛΑΔΑ,1,5.18,5.18,True,ESAKE country,False,https://www.esake.gr/el/action/EsakeStats?mode=2&idchampionship=00000003&idseason=00000001,00000005,00000005,ΑΡΗΣ,4,26,False
2010-11,00000079,ΒΟΥΓΙΑΝΙΤΣ Μίλος,,11,27.33,300.63,False,Manual review of blank country,False,https://www.esake.gr/el/action/EsakeStats?mode=2&idchampionship=00000003&idseason=00000001,00000003,00000003,ΠΑΝΙΩΝΙΟΣ COSMORAMA TRAVEL,9,26,True
2010-11,0000007A,ΒΟΥΓΙΟΥΚΑΣ Ίαν,ΕΛΛΑΔΑ,26,16.91,439.66,True,ESAKE country,False,https://www.esake.gr/el/action/EsakeStats?mode=2&idchampionship=00000003&idseason=00000001,00000001,00000001,ΠΑΝΑΘΗΝΑΪΚΟΣ AKTOR,2,26,False
2010-11,00000082,ΒΡΚΙΤΣ Ζόραν,,13,28.33,368.29,False,Manual review of blank country,False,https://www.esake.gr/el/action/EsakeStats?mode=2&idchampionship=00000003&idseason=00000001,0000000D,00000013,ΠΕΡΙΣΤΕΡΙ Betsson,7,26,False
2010-11,00000088,ΓΑΛΙΩΤΟΣ Γιώργος,ΕΛΛΑΔΑ,21,10.24,215.04,True,ESAKE country,False,https://www.esake.gr/el/action/EsakeStats?mode=2&idchampionship=00000003&idseason=00000001,00000006,00000006,ΗΛΥΣΙΑΚΟΣ,11,26,True
2010-11,0000008E,ΓΕΩΡΓΑΚΗΣ Γιώργος,ΕΛΛΑΔΑ,18,6.02,108.36,True,ESAKE country,False,https://www.esake.gr/el/action/EsakeStats?mode=2&idchampionship=00000003&idseason=00000001,00000008,00000008,ΚΑΒΑΛΑ,6,26,False
2010-11,00000091,ΓΕΩΡΓΑΛΛΗΣ Γιάννης,ΕΛΛΑΔΑ,18,9.03,162.54,True,ESAKE country,False,https://www.esake.gr/el/action/EsakeStats?mode=2&idchampionship=00000003&idseason=00000001,0000000A,00000010,ΚΟΛΟΣΣΟΣ H HOTELS COLLECTION,8,26,True
2010-11,0000009B,ΓΙΑΝΚΟΒΙΤΣ Βλαδίμηρος,ΕΛΛΑΔΑ,24,12.94,310.56,True,ESAKE country,False,https://www.esake.gr/el/action/EsakeStats?mode=2&idchampionship=00000003&idseason=00000001,00000003,00000003,ΠΑΝΙΩΝΙΟΣ COSMORAMA TRAVEL,9,26,True
2010-11,0000009F,ΓΙΑΝΝΑΚΙΔΗΣ Μιχάλης,ΕΛΛΑΔΑ,21,16.47,345.87,True,ESAKE country,False,https://www.esake.gr/el/action/EsakeStats?mode=2&idchampionship=00000003&idseason=00000001,0000000C,00000012,ΠΑΟΚ,3,26,False
2010-11,000000A4,ΓΙΑΝΝΟΠΟΥΛΟΣ Χάρης,ΕΛΛΑΔΑ,22,12.68,278.96,True,ESAKE country,False,https://www.esake.gr/el/action/EsakeStats?mode=2&idchampionship=00000003&idseason=00000001,00000003,00000003,ΠΑΝΙΩΝΙΟΣ COSMORAMA TRAVEL,9,26,True
2010-11,000000B1,ΓΙΟΡΟΒΙΤΣ Μπράνκο,,25,25.69,642.25,False,Manual review of blank country,False,https://www.esake.gr/el/action/EsakeStats?mode=2&idchampionship=00000003&idseason=00000001,00000008,00000008,ΚΑΒΑΛΑ,6,26,False
2010-11,000000B7,ΓΚΑΓΚΑΛΟΥΔΗΣ Γιάννης,ΕΛΛΑΔΑ,24,26.45,634.8,True,ESAKE country,False,https://www.esake.gr/el/action/EsakeStats?mode=2&idchampionship=00000003&idseason=00000001,0000000F,00000015,ΜΑΡΟΥΣΙ,5,26,False
2010-11,000000CC,ΓΚΕΛΙΟΣ Σωκράτης,ΕΛΛΑΔΑ,2,8.41,16.82,True,ESAKE country,False,https://www.esake.gr/el/action/EsakeStats?mode=2&idchampionship=00000003&idseason=00000001,00000008,00000008,ΚΑΒΑΛΑ,6,26,False
2010-11,00000103,ΓΛΥΝΙΑΔΑΚΗΣ Ανδρέας,ΕΛΛΑΔΑ,17,11.11,188.87,True,ESAKE country,False,https://www.esake.gr/el/action/EsakeStats?mode=2&idchampionship=00000003&idseason=00000001,00000002,00000002,ΟΛΥΜΠΙΑΚΟΣ,1,26,False
2010-11,0000010E,ΔΑΝΑΣ Γιώργος,ΕΛΛΑΔΑ,4,1.98,7.92,True,ESAKE country,False,https://www.esake.gr/el/action/EsakeStats?mode=2&idchampionship=00000003&idseason=00000001,0000000A,00000010,ΚΟΛΟΣΣΟΣ H HOTELS COLLECTION,8,26,True
2010-11,00000110,ΔΕΔΑΣ Γιώργος,ΕΛΛΑΔΑ,25,20.12,503.0,True,ESAKE country,False,https://www.esake.gr/el/action/EsakeStats?mode=2&idchampionship=00000003&idseason=00000001,0000000C,00000012,ΠΑΟΚ,3,26,False
2010-11,00000111,ΔΕΛΗΓΙΑΝΝΗΣ Γιώργος,ΕΛΛΑΔΑ,1,7.93,7.93,True,ESAKE country,False,https://www.esake.gr/el/action/EsakeStats?mode=2&idchampionship=00000003&idseason=00000001,00000007,00000007,ΙΚΑΡΟΣ LUCY HTL,10,26,True
2010-11,00000115,ΔΕΜΕΡΤΖΗΣ Γιάννης,ΕΛΛΑΔΑ,25,20.17,504.25,True,ESAKE country,False,https://www.esake.gr/el/action/EsakeStats?mode=2&idchampionship=00000003&idseason=00000001,00000011,00000017,ΗΡΑΚΛΗΣ,14,26,True
2010-11,00000116,ΔΕΣΠΟΣ Δημήτρης,ΕΛΛΑΔΑ,25,15.2,380.0,True,ESAKE country,False,https://www.esake.gr/el/action/EsakeStats?mode=2&idchampionship=00000003&idseason=00000001,00000011,00000017,ΗΡΑΚΛΗΣ,14,26,True
2010-11,0000011A,ΔΙΑΜΑΝΤΙΔΗΣ Δημήτρης,ΕΛΛΑΔΑ,26,19.66,511.16,True,ESAKE country,False,https://www.esake.gr/el/action/EsakeStats?mode=2&idchampionship=00000003&idseason=00000001,00000001,00000001,ΠΑΝΑΘΗΝΑΪΚΟΣ AKTOR,2,26,False
2010-11,0000011D,ΔΟΡΚΟΦΙΚΗΣ Περικλής,ΕΛΛΑΔΑ,23,19.27,443.21,True,ESAKE country,False,https://www.esake.gr/el/action/EsakeStats?mode=2&idchampionship=00000003&idseason=00000001,00000010,00000016,ΑΕΚ,13,26,True
2010-11,00000123,ΕΒΕΡΕΤ Τερέλ,,7,33.7,235.9,False,Manual review of blank country,False,https://www.esake.gr/el/action/EsakeStats?mode=2&idchampionship=00000003&idseason=00000001,00000011,00000017,ΗΡΑΚΛΗΣ,14,26,True
2010-11,0000012A,ΕΪΤΟΥΤΑΒΙΤΣΙΟΥΣ Αρβιντας,,24,25.54,612.96,False,Manual review of blank country,False,https://www.esake.gr/el/action/EsakeStats?mode=2&idchampionship=00000003&idseason=00000001,00000011,00000017,ΗΡΑΚΛΗΣ,14,26,True
2010-11,00000131,ΕΛΟΝΟΥ Τσιμενέλου,ΝΙΓΗΡΙΑ,9,21.26,191.34,False,ESAKE country,False,https://www.esake.gr/el/action/EsakeStats?mode=2&idchampionship=00000003&idseason=00000001,00000003,00000003,ΠΑΝΙΩΝΙΟΣ COSMORAMA TRAVEL,9,26,True
2010-11,0000013B,ΕΡΤΣΕΓΚ Ζόραν,,20,17.0,340.0,False,Manual review of blank country,False,https://www.esake.gr/el/action/EsakeStats?mode=2&idchampionship=00000003&idseason=00000001,00000002,00000002,ΟΛΥΜΠΙΑΚΟΣ,1,26,False
2010-11,00000140,ΖΑΡΑΣ Θοδωρής,ΕΛΛΑΔΑ,0,0.0,0.0,True,ESAKE country,False,https://www.esake.gr/el/action/EsakeStats?mode=2&idchampionship=00000003&idseason=00000001,00000008,00000008,ΚΑΒΑΛΑ,6,26,False
2010-11,0000014D,ΖΟΥΜΠΟΣ Φώτης,ΕΛΛΑΔΑ,11,7.83,86.13,True,ESAKE country,False,https://www.esake.gr/el/action/EsakeStats?mode=2&idchampionship=00000003&idseason=00000001,00000001,00000001,ΠΑΝΑΘΗΝΑΪΚΟΣ AKTOR,2,26,False
2010-11,00000152,ΗΛΙΑΔΗΣ Σάββας,ΕΛΛΑΔΑ,13,16.22,210.86,True,ESAKE country,False,https://www.esake.gr/el/action/EsakeStats?mode=2&idchampionship=00000003&idseason=00000001,00000011,00000017,ΗΡΑΚΛΗΣ,14,26,True
2010-11,0000015D,ΙΒΑΝΟΝΙΤΣ Νικόλα,,15,6.52,97.8,False,Manual review of blank country,False,https://www.esake.gr/el/action/EsakeStats?mode=2&idchampionship=00000003&idseason=00000001,0000000A,00000010,ΚΟΛΟΣΣΟΣ H HOTELS COLLECTION,8,26,True
2010-11,00000165,ΙΩΑΝΝΟΥ Στέλιος,ΕΛΛΑΔΑ,25,15.33,383.25,True,ESAKE country,False,https://www.esake.gr/el/action/EsakeStats?mode=2&idchampionship=00000003&idseason=00000001,00000003,00000003,ΠΑΝΙΩΝΙΟΣ COSMORAMA TRAVEL,9,26,True
2010-11,00000167,ΚΑΒΒΑΔΑΣ Βασίλης,ΕΛΛΑΔΑ,7,7.59,53.13,True,ESAKE country,False,https://www.esake.gr/el/action/EsakeStats?mode=2&idchampionship=00000003&idseason=00000001,00000003,00000003,ΠΑΝΙΩΝΙΟΣ COSMORAMA TRAVEL,9,26,True
2010-11,00000168,ΚΑΖΑΚΟΣ Μιχάλης,ΕΛΛΑΔΑ,1,1.08,1.08,True,ESAKE country,False,https://www.esake.gr/el/action/EsakeStats?mode=2&idchampionship=00000003&idseason=00000001,0000000C,00000012,ΠΑΟΚ,3,26,False
2010-11,0000016C,ΚΑΪΜΑΚΟΓΛΟΥ Κώστας,ΕΛΛΑΔΑ,22,17.56,386.32,True,ESAKE country,False,https://www.esake.gr/el/action/EsakeStats?mode=2&idchampionship=00000003&idseason=00000001,00000001,00000001,ΠΑΝΑΘΗΝΑΪΚΟΣ AKTOR,2,26,False
2010-11,00000174,ΚΑΛΑΘΗΣ Νικ,ΕΛΛΑΔΑ,25,19.57,489.25,True,ESAKE country,False,https://www.esake.gr/el/action/EsakeStats?mode=2&idchampionship=00000003&idseason=00000001,00000001,00000001,ΠΑΝΑΘΗΝΑΪΚΟΣ AKTOR,2,26,False
2010-11,00000175,ΚΑΛΑΘΗΣ Πατ,ΕΛΛΑΔΑ,26,31.26,812.76,True,ESAKE country,False,https://www.esake.gr/el/action/EsakeStats?mode=2&idchampionship=00000003&idseason=00000001,0000000A,00000010,ΚΟΛΟΣΣΟΣ H HOTELS COLLECTION,8,26,True
2010-11,00000176,ΚΑΛΑΪΤΖΗΣ Γιώργος,ΕΛΛΑΔΑ,18,13.37,240.66,True,ESAKE country,False,https://www.esake.gr/el/action/EsakeStats?mode=2&idchampionship=00000003&idseason=00000001,00000012,00000018,ΠΑΝΕΛΛΗΝΙΟΣ,12,26,True
2010-11,00000179,ΚΑΛΑΜΠΑΚΑΣ Δημήτρης,ΕΛΛΑΔΑ,12,2.54,30.48,True,ESAKE country,False,https://www.esake.gr/el/action/EsakeStats?mode=2&idchampionship=00000003&idseason=00000001,0000000C,00000012,ΠΑΟΚ,3,26,False
2010-11,0000017B,ΚΑΛΑΜΠΟΚΗΣ Γιάννης,ΕΛΛΑΔΑ,24,25.97,623.28,True,ESAKE country,False,https://www.esake.gr/el/action/EsakeStats?mode=2&idchampionship=00000003&idseason=00000001,00000007,00000007,ΙΚΑΡΟΣ LUCY HTL,10,26,True
2010-11,0000017E,ΚΑΛΛΕΣ Νίκος,ΕΛΛΑΔΑ,22,7.3,160.6,True,ESAKE country,False,https://www.esake.gr/el/action/EsakeStats?mode=2&idchampionship=00000003&idseason=00000001,0000000C,00000012,ΠΑΟΚ,3,26,False
2010-11,0000017C,ΚΑΛΛΙΝΙΚΙΔΗΣ Αβραάμ,ΕΛΛΑΔΑ,26,20.39,530.14,True,ESAKE country,False,https://www.esake.gr/el/action/EsakeStats?mode=2&idchampionship=00000003&idseason=00000001,00000010,00000016,ΑΕΚ,13,26,True
2010-11,0000017F,ΚΑΛΟΓΕΡΟΠΟΥΛΟΣ Δημήτρης,ΕΛΛΑΔΑ,3,3.28,9.84,True,ESAKE country,False,https://www.esake.gr/el/action/EsakeStats?mode=2&idchampionship=00000003&idseason=00000001,0000000F,00000015,ΜΑΡΟΥΣΙ,5,26,False
2010-11,00000181,ΚΑΛΟΓΙΑΝΝΙΔΗΣ Φίλιππος,ΕΛΛΑΔΑ,2,1.46,2.92,True,ESAKE country,False,https://www.esake.gr/el/action/EsakeStats?mode=2&idchampionship=00000003&idseason=00000001,0000000F,00000015,ΜΑΡΟΥΣΙ,5,26,False
2010-11,00000189,ΚΑΝΟΝΙΔΗΣ Ανδρέας,ΕΛΛΑΔΑ,12,2.74,32.88,True,ESAKE country,False,https://www.esake.gr/el/action/EsakeStats?mode=2&idchampionship=00000003&idseason=00000001,00000006,00000006,ΗΛΥΣΙΑΚΟΣ,11,26,True
2010-11,0000018C,ΚΑΠΙΝΙΑΡΗΣ Διονύσης,,10,2.41,24.1,True,Manual review of blank country,False,https://www.esake.gr/el/action/EsakeStats?mode=2&idchampionship=00000003&idseason=00000001,00000006,00000006,ΗΛΥΣΙΑΚΟΣ,11,26,True
2010-11,00000195,ΚΑΡΑΘΑΝΑΣΗΣ Γιάννης,ΕΛΛΑΔΑ,9,5.74,51.66,True,ESAKE country,False,https://www.esake.gr/el/action/EsakeStats?mode=2&idchampionship=00000003&idseason=00000001,00000012,00000018,ΠΑΝΕΛΛΗΝΙΟΣ,12,26,True
2010-11,00000196,ΚΑΡΑΜΑΛΕΓΚΟΣ Ιωάννης,ΕΛΛΑΔΑ,2,4.29,8.58,True,ESAKE country,False,https://www.esake.gr/el/action/EsakeStats?mode=2&idchampionship=00000003&idseason=00000001,00000001,00000001,ΠΑΝΑΘΗΝΑΪΚΟΣ AKTOR,2,26,False
2010-11,00000199,ΚΑΡΑΜΠΟΥΛΑΣ Βαγγέλης,,25,16.4,410.0,True,Manual review of blank country,False,https://www.esake.gr/el/action/EsakeStats?mode=2&idchampionship=00000003&idseason=00000001,00000007,00000007,ΙΚΑΡΟΣ LUCY HTL,10,26,True
2010-11,0000019B,ΚΑΡΑΠΟΣΤΟΛΟΥ Σωτήρης,,25,25.57,639.25,True,Manual review of blank country,False,https://www.esake.gr/el/action/EsakeStats?mode=2&idchampionship=00000003&idseason=00000001,00000008,00000008,ΚΑΒΑΛΑ,6,26,False
2010-11,000001A2,ΚΑΡΙ Σάροντ,,7,9.38,65.66,False,Manual review of blank country,False,https://www.esake.gr/el/action/EsakeStats?mode=2&idchampionship=00000003&idseason=00000001,00000010,00000016,ΑΕΚ,13,26,True
2010-11,000001A6,ΚΑΡΟΛ Πατ,,4,23.02,92.08,False,Manual review of blank country,False,https://www.esake.gr/el/action/EsakeStats?mode=2&idchampionship=00000003&idseason=00000001,00000007,00000007,ΙΚΑΡΟΣ LUCY HTL,10,26,True
2010-11,000001AC,ΚΑΡΥΔΑΣ Σάκης,,25,21.31,532.75,True,Manual review of blank country,False,https://www.esake.gr/el/action/EsakeStats?mode=2&idchampionship=00000003&idseason=00000001,00000006,00000006,ΗΛΥΣΙΑΚΟΣ,11,26,True
2010-11,000001AD,ΚΑΣΕΛΑΚΗΣ Λεωνίδας,ΕΛΛΑΔΑ,26,20.77,540.02,True,ESAKE country,False,https://www.esake.gr/el/action/EsakeStats?mode=2&idchampionship=00000003&idseason=00000001,00000006,00000006,ΗΛΥΣΙΑΚΟΣ,11,26,True
2010-11,000001B2,ΚΑΣΤΛ Τερέλ,,26,28.78,748.28,False,Manual review of blank country,False,https://www.esake.gr/el/action/EsakeStats?mode=2&idchampionship=00000003&idseason=00000001,00000010,00000016,ΑΕΚ,13,26,True
2010-11,000001B7,ΚΑΤΟΥΦΑΣ Σωτήρης,ΕΛΛΑΔΑ,18,10.93,196.74,True,ESAKE country,False,https://www.esake.gr/el/action/EsakeStats?mode=2&idchampionship=00000003&idseason=00000001,00000007,00000007,ΙΚΑΡΟΣ LUCY HTL,10,26,True
2010-11,000001BC,ΚΑΤΣΙΒΕΛΗΣ Δημήτρης,ΕΛΛΑΔΑ,15,9.16,137.4,True,ESAKE country,False,https://www.esake.gr/el/action/EsakeStats?mode=2&idchampionship=00000003&idseason=00000001,00000002,00000002,ΟΛΥΜΠΙΑΚΟΣ,1,26,False
2010-11,000001C1,ΚΑΥΚΗΣ Παναγιώτης,ΕΛΛΑΔΑ,21,11.52,241.92,True,ESAKE country,False,https://www.esake.gr/el/action/EsakeStats?mode=2&idchampionship=00000003&idseason=00000001,0000000A,00000010,ΚΟΛΟΣΣΟΣ H HOTELS COLLECTION,8,26,True
2010-11,000001C9,ΚΕΡΑΣΟΒΙΤΗΣ Γιώργος,,19,5.76,109.44,True,Manual review of blank country,False,https://www.esake.gr/el/action/EsakeStats?mode=2&idchampionship=00000003&idseason=00000001,00000007,00000007,ΙΚΑΡΟΣ LUCY HTL,10,26,True
2010-11,000001CB,ΚΕΣΕΛ Μάρκο,ΣΕΡΒΙΑ,17,12.79,217.43,False,ESAKE country,False,https://www.esake.gr/el/action/EsakeStats?mode=2&idchampionship=00000003&idseason=00000001,00000002,00000002,ΟΛΥΜΠΙΑΚΟΣ,1,26,False
2010-11,000001D7,ΚΙΝΓΚ Μάικλ,,15,31.36,470.4,False,Manual review of blank country,False,https://www.esake.gr/el/action/EsakeStats?mode=2&idchampionship=00000003&idseason=00000001,0000000D,00000013,ΠΕΡΙΣΤΕΡΙ Betsson,7,26,False
2010-11,000001DF,ΚΛΕΜΕΝΤΕ Ντένις,,13,17.49,227.37,False,Manual review of blank country,False,https://www.esake.gr/el/action/EsakeStats?mode=2&idchampionship=00000003&idseason=00000001,0000000F,00000015,ΜΑΡΟΥΣΙ,5,26,False
2010-11,000001E3,ΚΟΒΙΛ Ράιβον,,17,27.06,460.02,False,Manual review of blank country,False,https://www.esake.gr/el/action/EsakeStats?mode=2&idchampionship=00000003&idseason=00000001,00000003,00000003,ΠΑΝΙΩΝΙΟΣ COSMORAMA TRAVEL,9,26,True
2010-11,000001E4,ΚΟΓΙΑΝΤΙΝΟΒΙΤΣ Φέλιξ,,22,31.75,698.5,False,Manual review of blank country,False,https://www.esake.gr/el/action/EsakeStats?mode=2&idchampionship=00000003&idseason=00000001,0000000F,00000015,ΜΑΡΟΥΣΙ,5,26,False
2010-11,000001E7,ΚΟΛΕΜΑΝ Τζερόμ,,10,23.36,233.6,False,Manual review of blank country,False,https://www.esake.gr/el/action/EsakeStats?mode=2&idchampionship=00000003&idseason=00000001,00000011,00000017,ΗΡΑΚΛΗΣ,14,26,True
2010-11,000001EB,ΚΟΛΩΚΑΣ Μάρκος,,7,5.86,41.02,True,Manual review of blank country,False,https://www.esake.gr/el/action/EsakeStats?mode=2&idchampionship=00000003&idseason=00000001,00000012,00000018,ΠΑΝΕΛΛΗΝΙΟΣ,12,26,True
2010-11,000001EE,ΚΟΜΜΑΤΟΣ Νέστωρ,ΕΛΛΑΔΑ,17,31.43,534.31,True,ESAKE country,False,https://www.esake.gr/el/action/EsakeStats?mode=2&idchampionship=00000003&idseason=00000001,0000000F,00000015,ΜΑΡΟΥΣΙ,5,26,False
2010-11,000001EF,ΚΟΜΠΟΔΙΕΤΑΣ Δημήτρης,ΕΛΛΑΔΑ,20,10.18,203.6,True,ESAKE country,False,https://www.esake.gr/el/action/EsakeStats?mode=2&idchampionship=00000003&idseason=00000001,00000012,00000018,ΠΑΝΕΛΛΗΝΙΟΣ,12,26,True
2010-11,000001F7,ΚΟΠΡΙΒΙΤΣΑ Σλάβισα,,10,15.08,150.8,False,Manual review of blank country,False,https://www.esake.gr/el/action/EsakeStats?mode=2&idchampionship=00000003&idseason=00000001,00000011,00000017,ΗΡΑΚΛΗΣ,14,26,True
2010-11,00000200,ΚΟΣΤΟΒ Τσάβνταρ,ΒΟΥΛΓΑΡΙΑ,25,11.85,296.25,False,ESAKE country,False,https://www.esake.gr/el/action/EsakeStats?mode=2&idchampionship=00000003&idseason=00000001,00000008,00000008,ΚΑΒΑΛΑ,6,26,False
2010-11,0000020B,ΚΟΥΚΟΥΛΑΣ Μανόλης,ΕΛΛΑΔΑ,19,9.54,181.26,True,ESAKE country,False,https://www.esake.gr/el/action/EsakeStats?mode=2&idchampionship=00000003&idseason=00000001,00000006,00000006,ΗΛΥΣΙΑΚΟΣ,11,26,True
2010-11,00000212,ΚΟΥΜΠΟΥΡΑΣ Φάνης,ΕΛΛΑΔΑ,14,6.67,93.38,True,ESAKE country,False,https://www.esake.gr/el/action/EsakeStats?mode=2&idchampionship=00000003&idseason=00000001,00000005,00000005,ΑΡΗΣ,4,26,False
2010-11,00000222,ΚΟΧΑΝΤΑΡΕΒΙΤΣ Ντάρκο,,15,18.36,275.4,False,Manual review of blank country,False,https://www.esake.gr/el/action/EsakeStats?mode=2&idchampionship=00000003&idseason=00000001,00000010,00000016,ΑΕΚ,13,26,True
2010-11,00000223,ΚΡΑΜΠΕΝΧΟΦΤ Γιόσεφ,,26,22.61,587.86,False,Manual review of blank country,False,https://www.esake.gr/el/action/EsakeStats?mode=2&idchampionship=00000003&idseason=00000001,00000012,00000018,ΠΑΝΕΛΛΗΝΙΟΣ,12,26,True
2010-11,00000224,ΚΡΑΣΙΤΣ Μπάρισα,,22,16.7,367.4,False,Manual review of blank country,False,https://www.esake.gr/el/action/EsakeStats?mode=2&idchampionship=00000003&idseason=00000001,00000007,00000007,ΙΚΑΡΟΣ LUCY HTL,10,26,True
2010-11,00000227,ΚΡΙΣΤΜΑΣ Ντιόντε,ΗΠΑ,3,22.21,66.63,False,ESAKE country,False,https://www.esake.gr/el/action/EsakeStats?mode=2&idchampionship=00000003&idseason=00000001,0000000C,00000012,ΠΑΟΚ,3,26,False
2010-11,0000022F,ΚΥΡΙΤΣΗΣ Αλέξης,ΕΛΛΑΔΑ,24,26.88,645.12,True,ESAKE country,False,https://www.esake.gr/el/action/EsakeStats?mode=2&idchampionship=00000003&idseason=00000001,00000006,00000006,ΗΛΥΣΙΑΚΟΣ,11,26,True
2010-11,00000241,ΛΑΜΠΡΟΠΟΥΛΟΣ Φώτης,ΕΛΛΑΔΑ,18,22.0,396.0,True,ESAKE country,False,https://www.esake.gr/el/action/EsakeStats?mode=2&idchampionship=00000003&idseason=00000001,00000011,00000017,ΗΡΑΚΛΗΣ,14,26,True
2010-11,0000025F,ΛΙΟΥΙΣ Νικ,,5,22.21,111.05,False,Manual review of blank country,False,https://www.esake.gr/el/action/EsakeStats?mode=2&idchampionship=00000003&idseason=00000001,00000011,00000017,ΗΡΑΚΛΗΣ,14,26,True
2010-11,00000270,ΛΟΥΚΑΣ Τζαμόν,ΗΠΑ,20,18.73,374.6,False,ESAKE country,False,https://www.esake.gr/el/action/EsakeStats?mode=2&idchampionship=00000003&idseason=00000001,00000002,00000002,ΟΛΥΜΠΙΑΚΟΣ,1,26,False
2010-11,00000272,ΛΟΥΜΠΙ Κερτ,ΗΠΑ,26,23.89,621.14,False,ESAKE country,False,https://www.esake.gr/el/action/EsakeStats?mode=2&idchampionship=00000003&idseason=00000001,0000000D,00000013,ΠΕΡΙΣΤΕΡΙ Betsson,7,26,False
2010-11,0000027C,ΜΑΪΛΣ Άαρον,,2,23.55,47.1,False,Manual review of blank country,False,https://www.esake.gr/el/action/EsakeStats?mode=2&idchampionship=00000003&idseason=00000001,00000006,00000006,ΗΛΥΣΙΑΚΟΣ,11,26,True
2010-11,00000280,ΜΑΚ ΑΛΑΡΝΙ Κάιλ,,25,27.49,687.25,False,Manual review of blank country,False,https://www.esake.gr/el/action/EsakeStats?mode=2&idchampionship=00000003&idseason=00000001,00000007,00000007,ΙΚΑΡΟΣ LUCY HTL,10,26,True
2010-11,00000282,ΜΑΚ ΓΚΡΑΘ Ντόνι,ΗΠΑ,9,30.94,278.46,False,ESAKE country,False,https://www.esake.gr/el/action/EsakeStats?mode=2&idchampionship=00000003&idseason=00000001,0000000C,00000012,ΠΑΟΚ,3,26,False
2010-11,00000283,ΜΑΚ ΙΝΤΟΣ Λαμόντ,,23,21.91,503.93,False,Manual review of blank country,False,https://www.esake.gr/el/action/EsakeStats?mode=2&idchampionship=00000003&idseason=00000001,00000008,00000008,ΚΑΒΑΛΑ,6,26,False
2010-11,00000286,ΜΑΚ Λαμόντ,,13,22.13,287.69,False,Manual review of blank country,False,https://www.esake.gr/el/action/EsakeStats?mode=2&idchampionship=00000003&idseason=00000001,00000010,00000016,ΑΕΚ,13,26,True
2010-11,00000287,ΜΑΚ ΛΑΟΥΝΤ Κιθ,,8,23.02,184.16,False,Manual review of blank country,False,https://www.esake.gr/el/action/EsakeStats?mode=2&idchampionship=00000003&idseason=00000001,00000003,00000003,ΠΑΝΙΩΝΙΟΣ COSMORAMA TRAVEL,9,26,True
2010-11,00000299,ΜΑΝΤΑΛΒΑΝΟΣ Γεράσιμος,,1,1.17,1.17,True,Manual review of blank country,False,https://www.esake.gr/el/action/EsakeStats?mode=2&idchampionship=00000003&idseason=00000001,0000000F,00000015,ΜΑΡΟΥΣΙ,5,26,False
2010-11,0000029B,ΜΑΝΤΖΑΡΗΣ Αντώνης,ΕΛΛΑΔΑ,23,6.16,141.68,True,ESAKE country,False,https://www.esake.gr/el/action/EsakeStats?mode=2&idchampionship=00000003&idseason=00000001,0000000D,00000013,ΠΕΡΙΣΤΕΡΙ Betsson,7,26,False
2010-11,0000029C,ΜΑΝΤΖΑΡΗΣ Βαγγέλης,ΕΛΛΑΔΑ,26,24.51,637.26,True,ESAKE country,False,https://www.esake.gr/el/action/EsakeStats?mode=2&idchampionship=00000003&idseason=00000001,0000000D,00000013,ΠΕΡΙΣΤΕΡΙ Betsson,7,26,False
2010-11,0000029E,ΜΑΝΤΙΤΣ Βούκασιν,,11,18.65,205.15,False,Manual review of blank country,False,https://www.esake.gr/el/action/EsakeStats?mode=2&idchampionship=00000003&idseason=00000001,00000010,00000016,ΑΕΚ,13,26,True
2010-11,000002A2,ΜΑΝΩΛΟΠΟΥΛΟΣ Σωτήρης,ΕΛΛΑΔΑ,20,4.86,97.2,True,ESAKE country,False,https://www.esake.gr/el/action/EsakeStats?mode=2&idchampionship=00000003&idseason=00000001,0000000A,00000010,ΚΟΛΟΣΣΟΣ H HOTELS COLLECTION,8,26,True
2010-11,000002A5,ΜΑΡΑΓΚΟΣ Πάρης,ΕΛΛΑΔΑ,2,4.86,9.72,True,ESAKE country,False,https://www.esake.gr/el/action/EsakeStats?mode=2&idchampionship=00000003&idseason=00000001,00000001,00000001,ΠΑΝΑΘΗΝΑΪΚΟΣ AKTOR,2,26,False
2010-11,000002AC,ΜΑΡΙΝΟΣ Χρήστος,,12,1.21,14.52,True,Manual review of blank country,False,https://www.esake.gr/el/action/EsakeStats?mode=2&idchampionship=00000003&idseason=00000001,0000000D,00000013,ΠΕΡΙΣΤΕΡΙ Betsson,7,26,False
2010-11,000002AD,ΜΑΡΙΤΣ Αλεκς,,9,12.1,108.9,False,Manual review of blank country,False,https://www.esake.gr/el/action/EsakeStats?mode=2&idchampionship=00000003&idseason=00000001,00000001,00000001,ΠΑΝΑΘΗΝΑΪΚΟΣ AKTOR,2,26,False
2010-11,000002B3,ΜΑΡΜΑΡΙΝΟΣ Δημήτρης,ΕΛΛΑΔΑ,6,13.97,83.82,True,ESAKE country,False,https://www.esake.gr/el/action/EsakeStats?mode=2&idchampionship=00000003&idseason=00000001,00000011,00000017,ΗΡΑΚΛΗΣ,14,26,True
2010-11,000002B4,ΜΑΡΟΥΓΚΑΣ Σωτήρης,ΕΛΛΑΔΑ,5,1.52,7.6,True,ESAKE country,False,https://www.esake.gr/el/action/EsakeStats?mode=2&idchampionship=00000003&idseason=00000001,0000000D,00000013,ΠΕΡΙΣΤΕΡΙ Betsson,7,26,False
2010-11,000002B6,ΜΑΡΣΑΛ Ρόουλ,ΝΙΓΗΡΙΑ,26,32.41,842.66,False,ESAKE country,False,https://www.esake.gr/el/action/EsakeStats?mode=2&idchampionship=00000003&idseason=00000001,0000000C,00000012,ΠΑΟΚ,3,26,False
2010-11,000002C1,ΜΑΤΟΣ Ανέστης,,0,0.0,0.0,True,Manual review of blank country,False,https://www.esake.gr/el/action/EsakeStats?mode=2&idchampionship=00000003&idseason=00000001,00000010,00000016,ΑΕΚ,13,26,True
2010-11,000002C7,ΜΑΥΡΟΚΕΦΑΛΙΔΗΣ Λουκάς,ΕΛΛΑΔΑ,24,17.49,419.76,True,ESAKE country,False,https://www.esake.gr/el/action/EsakeStats?mode=2&idchampionship=00000003&idseason=00000001,00000002,00000002,ΟΛΥΜΠΙΑΚΟΣ,1,26,False
2010-11,000002D3,ΜΕΛΣ Ρόντριγκ,,11,18.47,203.17,False,Manual review of blank country,False,https://www.esake.gr/el/action/EsakeStats?mode=2&idchampionship=00000003&idseason=00000001,00000010,00000016,ΑΕΚ,13,26,True
2010-11,00000306,ΜΟΤΣΝΙΚ Γιούρε,,26,21.24,552.24,False,Manual review of blank country,False,https://www.esake.gr/el/action/EsakeStats?mode=2&idchampionship=00000003&idseason=00000001,0000000D,00000013,ΠΕΡΙΣΤΕΡΙ Betsson,7,26,False
2010-11,00000314,ΜΠΑΒΤΣΙΤΣ Έντιν,ΒΟΣΝΙΑ,6,24.23,145.38,False,ESAKE country,False,https://www.esake.gr/el/action/EsakeStats?mode=2&idchampionship=00000003&idseason=00000001,00000005,00000005,ΑΡΗΣ,4,26,False
2010-11,00000315,ΜΠΑΓΚΑΡΙΤΣ Ντάλιμπορ,,20,25.47,509.4,False,Manual review of blank country,False,https://www.esake.gr/el/action/EsakeStats?mode=2&idchampionship=00000003&idseason=00000001,0000000F,00000015,ΜΑΡΟΥΣΙ,5,26,False
2010-11,00000318,ΜΠΑΪΑΡΣ Ντέρικ,ΗΠΑ,5,29.04,145.2,False,ESAKE country,False,https://www.esake.gr/el/action/EsakeStats?mode=2&idchampionship=00000003&idseason=00000001,00000012,00000018,ΠΑΝΕΛΛΗΝΙΟΣ,12,26,True
2010-11,0000031F,ΜΠΑΛΝΤΟΥΙΝ Ματ,,10,25.85,258.5,False,Manual review of blank country,False,https://www.esake.gr/el/action/EsakeStats?mode=2&idchampionship=00000003&idseason=00000001,00000011,00000017,ΗΡΑΚΛΗΣ,14,26,True
2010-11,00000326,ΜΠΑΞΤΕΡ Τζίμι,,22,34.94,768.68,False,Manual review of blank country,False,https://www.esake.gr/el/action/EsakeStats?mode=2&idchampionship=00000003&idseason=00000001,00000006,00000006,ΗΛΥΣΙΑΚΟΣ,11,26,True
2010-11,0000032B,ΜΠΑΡΛΟΣ Νίκος,ΕΛΛΑΔΑ,23,21.27,489.21,True,ESAKE country,False,https://www.esake.gr/el/action/EsakeStats?mode=2&idchampionship=00000003&idseason=00000001,00000003,00000003,ΠΑΝΙΩΝΙΟΣ COSMORAMA TRAVEL,9,26,True
2010-11,00000332,ΜΠΑΣΝΤΕΝ Έντουαρντ,,6,29.61,177.66,False,Manual review of blank country,False,https://www.esake.gr/el/action/EsakeStats?mode=2&idchampionship=00000003&idseason=00000001,0000000F,00000015,ΜΑΡΟΥΣΙ,5,26,False
2010-11,00000333,ΜΠΑΤΗΣ Μάριος,ΕΛΛΑΔΑ,26,25.88,672.88,True,ESAKE country,False,https://www.esake.gr/el/action/EsakeStats?mode=2&idchampionship=00000003&idseason=00000001,00000003,00000003,ΠΑΝΙΩΝΙΟΣ COSMORAMA TRAVEL,9,26,True
2010-11,00000334,ΜΠΑΤΙΣΤ Μάικ,ΗΠΑ,23,16.13,370.99,False,ESAKE country,False,https://www.esake.gr/el/action/EsakeStats?mode=2&idchampionship=00000003&idseason=00000001,00000001,00000001,ΠΑΝΑΘΗΝΑΪΚΟΣ AKTOR,2,26,False
2010-11,0000033B,ΜΠΕΪΛΙ Μορίς,,23,22.78,523.94,False,Manual review of blank country,False,https://www.esake.gr/el/action/EsakeStats?mode=2&idchampionship=00000003&idseason=00000001,00000012,00000018,ΠΑΝΕΛΛΗΝΙΟΣ,12,26,True
2010-11,00000366,ΜΠΟΓΡΗΣ Γιώργος,ΕΛΛΑΔΑ,9,5.74,51.66,True,ESAKE country,False,https://www.esake.gr/el/action/EsakeStats?mode=2&idchampionship=00000003&idseason=00000001,00000001,00000001,ΠΑΝΑΘΗΝΑΪΚΟΣ AKTOR,2,26,False
2010-11,0000036A,Μπόιντ Φλίντερ,,6,15.53,93.18,False,Manual review of blank country,False,https://www.esake.gr/el/action/EsakeStats?mode=2&idchampionship=00000003&idseason=00000001,00000010,00000016,ΑΕΚ,13,26,True
2010-11,0000036C,Μπόιτς Αλεξάνταρ,,12,17.86,214.32,False,Manual review of blank country,False,https://www.esake.gr/el/action/EsakeStats?mode=2&idchampionship=00000003&idseason=00000001,0000000F,00000015,ΜΑΡΟΥΣΙ,5,26,False
2010-11,00000373,ΜΠΟΡΟΒΝΙΑΚ Ντέγιαν,ΣΕΡΒΙΑ,19,18.6,353.4,False,ESAKE country,False,https://www.esake.gr/el/action/EsakeStats?mode=2&idchampionship=00000003&idseason=00000001,00000005,00000005,ΑΡΗΣ,4,26,False
2010-11,00000379,ΜΠΟΥΡΟΥΣΗΣ Γιάννης,ΕΛΛΑΔΑ,21,19.1,401.1,True,ESAKE country,False,https://www.esake.gr/el/action/EsakeStats?mode=2&idchampionship=00000003&idseason=00000001,00000002,00000002,ΟΛΥΜΠΙΑΚΟΣ,1,26,False
2010-11,0000037E,ΜΠΟΧΩΡΙΔΗΣ Ελευθέριος,ΕΛΛΑΔΑ,3,11.94,35.82,True,ESAKE country,False,https://www.esake.gr/el/action/EsakeStats?mode=2&idchampionship=00000003&idseason=00000001,00000005,00000005,ΑΡΗΣ,4,26,False
2010-11,00000384,ΜΠΡΑΟΥΝ Αντρέ,,6,22.65,135.9,False,Manual review of blank country,False,https://www.esake.gr/el/action/EsakeStats?mode=2&idchampionship=00000003&idseason=00000001,00000012,00000018,ΠΑΝΕΛΛΗΝΙΟΣ,12,26,True
2010-11,00000389,ΜΠΡΑΟΥΝ Μπόμπι,ΗΠΑ,20,28.22,564.4,False,ESAKE country,False,https://www.esake.gr/el/action/EsakeStats?mode=2&idchampionship=00000003&idseason=00000001,00000005,00000005,ΑΡΗΣ,4,26,False
2010-11,000003A7,ΝΕΣΤΕΡΟΒΙΤΣ Ράσο,,19,18.05,342.95,False,Manual review of blank country,False,https://www.esake.gr/el/action/EsakeStats?mode=2&idchampionship=00000003&idseason=00000001,00000002,00000002,ΟΛΥΜΠΙΑΚΟΣ,1,26,False
2010-11,000003AC,ΝΙΚΟΛΑΪΔΗΣ Πρόδρομος,,26,26.95,700.7,True,Manual review of blank country,False,https://www.esake.gr/el/action/EsakeStats?mode=2&idchampionship=00000003&idseason=00000001,00000010,00000016,ΑΕΚ,13,26,True
2010-11,000003AE,ΝΙΚΟΛΑΣ Ντρου,,18,20.54,369.72,False,Manual review of blank country,False,https://www.esake.gr/el/action/EsakeStats?mode=2&idchampionship=00000003&idseason=00000001,00000001,00000001,ΠΑΝΑΘΗΝΑΪΚΟΣ AKTOR,2,26,False
2010-11,000003B4,ΝΙΛΣΕΝ Ματ,,16,20.87,333.92,False,Manual review of blank country,False,https://www.esake.gr/el/action/EsakeStats?mode=2&idchampionship=00000003&idseason=00000001,00000002,00000002,ΟΛΥΜΠΙΑΚΟΣ,1,26,False
2010-11,000003B8,ΝΟΕΑΣ Πέτρος,,20,11.44,228.8,True,Manual review of blank country,False,https://www.esake.gr/el/action/EsakeStats?mode=2&idchampionship=00000003&idseason=00000001,0000000F,00000015,ΜΑΡΟΥΣΙ,5,26,False
2010-11,000003C7,ΝΤΑΝΣΤΟΝ Μπράιαντ,ΗΠΑ,13,16.12,209.56,False,ESAKE country,False,https://www.esake.gr/el/action/EsakeStats?mode=2&idchampionship=00000003&idseason=00000001,00000005,00000005,ΑΡΗΣ,4,26,False
2010-11,000003CE,ΝΤΕΪΒΙΣ Τζερεμάια,,4,28.43,113.72,False,Manual review of blank country,False,https://www.esake.gr/el/action/EsakeStats?mode=2&idchampionship=00000003&idseason=00000001,00000006,00000006,ΗΛΥΣΙΑΚΟΣ,11,26,True
2010-11,000003D6,ΝΤΕΝΤΙΓΕ Φίλιπ,,4,5.3,21.2,False,Manual review of blank country,False,https://www.esake.gr/el/action/EsakeStats?mode=2&idchampionship=00000003&idseason=00000001,00000008,00000008,ΚΑΒΑΛΑ,6,26,False
2010-11,000003DC,ΝΤΙΚΟΥΔΗΣ Δήμος,,24,28.01,672.24,True,Manual review of blank country,False,https://www.esake.gr/el/action/EsakeStats?mode=2&idchampionship=00000003&idseason=00000001,00000010,00000016,ΑΕΚ,13,26,True
2010-11,000003E7,ΝΤΟΖΙΕΡ Ρόμπερτ,,24,25.34,608.16,False,Manual review of blank country,False,https://www.esake.gr/el/action/EsakeStats?mode=2&idchampionship=00000003&idseason=00000001,0000000C,00000012,ΠΑΟΚ,3,26,False
2010-11,000003ED,ΝΤΟΟΥΣΟΝ Μαρκ,,14,18.18,254.52,False,Manual review of blank country,False,https://www.esake.gr/el/action/EsakeStats?mode=2&idchampionship=00000003&idseason=00000001,00000006,00000006,ΗΛΥΣΙΑΚΟΣ,11,26,True
2010-11,000003F4,ΝΤΡΟΜΠΝΙΑΚ Πρέντραγκ,,2,26.31,52.62,False,Manual review of blank country,False,https://www.esake.gr/el/action/EsakeStats?mode=2&idchampionship=00000003&idseason=00000001,00000011,00000017,ΗΡΑΚΛΗΣ,14,26,True
2010-11,000003F5,ΞΑΝΘΟΠΟΥΛΟΣ Βασίλης,ΕΛΛΑΔΑ,25,24.18,604.5,True,ESAKE country,False,https://www.esake.gr/el/action/EsakeStats?mode=2&idchampionship=00000003&idseason=00000001,00000012,00000018,ΠΑΝΕΛΛΗΝΙΟΣ,12,26,True
2010-11,00000401,ΟΙΚΟΝΟΜΟΠΟΥΛΟΣ Ανδρέας,ΕΛΛΑΔΑ,1,0.08,0.08,True,ESAKE country,False,https://www.esake.gr/el/action/EsakeStats?mode=2&idchampionship=00000003&idseason=00000001,0000000A,00000010,ΚΟΛΟΣΣΟΣ H HOTELS COLLECTION,8,26,True
2010-11,00000409,ΟΛΡΕΝΤ Λανς,,3,19.09,57.27,False,Manual review of blank country,False,https://www.esake.gr/el/action/EsakeStats?mode=2&idchampionship=00000003&idseason=00000001,0000000F,00000015,ΜΑΡΟΥΣΙ,5,26,False
2010-11,00000412,ΟΣΤΟΪΤΣ Τζούρο,,21,15.45,324.45,False,Manual review of blank country,False,https://www.esake.gr/el/action/EsakeStats?mode=2&idchampionship=00000003&idseason=00000001,00000012,00000018,ΠΑΝΕΛΛΗΝΙΟΣ,12,26,True
2010-11,0000041C,ΟΥΕΜΠ Έρικ,,15,13.14,197.1,False,Manual review of blank country,False,https://www.esake.gr/el/action/EsakeStats?mode=2&idchampionship=00000003&idseason=00000001,00000006,00000006,ΗΛΥΣΙΑΚΟΣ,11,26,True
2010-11,0000042F,ΟΥΙΝΤΕΝ Άντονι,,9,25.18,226.62,False,Manual review of blank country,False,https://www.esake.gr/el/action/EsakeStats?mode=2&idchampionship=00000003&idseason=00000001,0000000F,00000015,ΜΑΡΟΥΣΙ,5,26,False
2010-11,00000430,ΟΥΙΝΤΕΡΣ Μπρένταν,,5,20.48,102.4,False,Manual review of blank country,False,https://www.esake.gr/el/action/EsakeStats?mode=2&idchampionship=00000003&idseason=00000001,00000005,00000005,ΑΡΗΣ,4,26,False
2010-11,00000431,ΟΥΝΤΡΙΧ Σάμο,,14,24.91,348.74,False,Manual review of blank country,False,https://www.esake.gr/el/action/EsakeStats?mode=2&idchampionship=00000003&idseason=00000001,00000012,00000018,ΠΑΝΕΛΛΗΝΙΟΣ,12,26,True
2010-11,0000043D,ΠΑΛΑΣΙΟ Μιλτ,,24,32.16,771.84,False,Manual review of blank country,False,https://www.esake.gr/el/action/EsakeStats?mode=2&idchampionship=00000003&idseason=00000001,00000008,00000008,ΚΑΒΑΛΑ,6,26,False
2010-11,0000043F,ΠΑΝΑΓΙΩΤΑΡΑΣ Σπύρος,,0,0.0,0.0,True,Manual review of blank country,False,https://www.esake.gr/el/action/EsakeStats?mode=2&idchampionship=00000003&idseason=00000001,00000003,00000003,ΠΑΝΙΩΝΙΟΣ COSMORAMA TRAVEL,9,26,True
2010-11,00000446,ΠΑΝΟΣ Στηβ,ΕΛΛΑΔΑ,20,9.65,193.0,True,ESAKE country,False,https://www.esake.gr/el/action/EsakeStats?mode=2&idchampionship=00000003&idseason=00000001,0000000A,00000010,ΚΟΛΟΣΣΟΣ H HOTELS COLLECTION,8,26,True
2010-11,00000460,ΠΑΠΑΔΟΠΟΥΛΟΣ Λάζαρος,,16,30.76,492.16,True,Manual review of blank country,False,https://www.esake.gr/el/action/EsakeStats?mode=2&idchampionship=00000003&idseason=00000001,0000000C,00000012,ΠΑΟΚ,3,26,False
2010-11,00000465,ΠΑΠΑΛΟΥΚΑΣ Θοδωρής,,20,20.65,413.0,True,Manual review of blank country,False,https://www.esake.gr/el/action/EsakeStats?mode=2&idchampionship=00000003&idseason=00000001,00000002,00000002,ΟΛΥΜΠΙΑΚΟΣ,1,26,False
2010-11,00000466,ΠΑΠΑΜΑΚΑΡΙΟΣ Μανόλης,ΕΛΛΑΔΑ,21,28.17,591.57,True,ESAKE country,False,https://www.esake.gr/el/action/EsakeStats?mode=2&idchampionship=00000003&idseason=00000001,00000012,00000018,ΠΑΝΕΛΛΗΝΙΟΣ,12,26,True
2010-11,00000467,ΠΑΠΑΝΙΚΟΛΑΟΥ Δημήτρης,,25,23.78,594.5,True,Manual review of blank country,False,https://www.esake.gr/el/action/EsakeStats?mode=2&idchampionship=00000003&idseason=00000001,0000000D,00000013,ΠΕΡΙΣΤΕΡΙ Betsson,7,26,False
2010-11,00000468,ΠΑΠΑΝΙΚΟΛΑΟΥ Κώστας,ΕΛΛΑΔΑ,22,17.71,389.62,True,ESAKE country,False,https://www.esake.gr/el/action/EsakeStats?mode=2&idchampionship=00000003&idseason=00000001,00000002,00000002,ΟΛΥΜΠΙΑΚΟΣ,1,26,False
2010-11,00000469,ΠΑΠΑΝΙΚΟΛΑΟΥ Νίκος,,22,11.22,246.84,True,Manual review of blank country,False,https://www.esake.gr/el/action/EsakeStats?mode=2&idchampionship=00000003&idseason=00000001,00000010,00000016,ΑΕΚ,13,26,True
2010-11,0000046A,ΠΑΠΑΝΙΚΟΛΑΟΥ Χρήστος,,16,6.01,96.16,True,Manual review of blank country,False,https://www.esake.gr/el/action/EsakeStats?mode=2&idchampionship=00000003&idseason=00000001,00000008,00000008,ΚΑΒΑΛΑ,6,26,False
2010-11,0000046B,ΠΑΠΑΝΙΚΟΛΟΠΟΥΛΟΣ Νίκος,ΕΛΛΑΔΑ,15,22.85,342.75,True,ESAKE country,False,https://www.esake.gr/el/action/EsakeStats?mode=2&idchampionship=00000003&idseason=00000001,00000011,00000017,ΗΡΑΚΛΗΣ,14,26,True
2010-11,0000046F,ΠΑΠΑΝΤΩΝΙΟΥ Νώντας,ΕΛΛΑΔΑ,25,11.45,286.25,True,ESAKE country,False,https://www.esake.gr/el/action/EsakeStats?mode=2&idchampionship=00000003&idseason=00000001,00000006,00000006,ΗΛΥΣΙΑΚΟΣ,11,26,True
2010-11,0000047A,ΠΑΠΠΑΣ Νίκος,ΕΛΛΑΔΑ,23,20.06,461.38,True,ESAKE country,False,https://www.esake.gr/el/action/EsakeStats?mode=2&idchampionship=00000003&idseason=00000001,0000000A,00000010,ΚΟΛΟΣΣΟΣ H HOTELS COLLECTION,8,26,True
2010-11,0000047D,ΠΑΡΑΓΥΙΟΣ Μιχάλης,,23,13.05,300.15,True,Manual review of blank country,False,https://www.esake.gr/el/action/EsakeStats?mode=2&idchampionship=00000003&idseason=00000001,00000003,00000003,ΠΑΝΙΩΝΙΟΣ COSMORAMA TRAVEL,9,26,True
2010-11,00000481,ΠΑΡΚΕΡ Σμους,,9,31.79,286.11,False,Manual review of blank country,False,https://www.esake.gr/el/action/EsakeStats?mode=2&idchampionship=00000003&idseason=00000001,00000011,00000017,ΗΡΑΚΛΗΣ,14,26,True
2010-11,00000496,ΠΕΛΕΚΑΝΟΣ Μιχάλης,ΕΛΛΑΔΑ,15,13.34,200.1,True,ESAKE country,False,https://www.esake.gr/el/action/EsakeStats?mode=2&idchampionship=00000003&idseason=00000001,00000002,00000002,ΟΛΥΜΠΙΑΚΟΣ,1,26,False
2010-11,0000049F,ΠΕΡΠΕΡΟΓΛΟΥ Στράτος,ΕΛΛΑΔΑ,25,20.64,516.0,True,ESAKE country,False,https://www.esake.gr/el/action/EsakeStats?mode=2&idchampionship=00000003&idseason=00000001,00000001,00000001,ΠΑΝΑΘΗΝΑΪΚΟΣ AKTOR,2,26,False
2010-11,000004A2,ΠΕΤΑΛΩΤΗΣ Τριαντάφυλλος,ΕΛΛΑΔΑ,4,2.02,8.08,True,ESAKE country,False,https://www.esake.gr/el/action/EsakeStats?mode=2&idchampionship=00000003&idseason=00000001,00000011,00000017,ΗΡΑΚΛΗΣ,14,26,True
2010-11,000004A5,ΠΕΤΡΟΒΙΤΣ - ΣΤΕΡΓΙΟΥ Βλάντιμιρ,ΕΛΛΑΔΑ,26,27.76,721.76,True,ESAKE country,False,https://www.esake.gr/el/action/EsakeStats?mode=2&idchampionship=00000003&idseason=00000001,00000011,00000017,ΗΡΑΚΛΗΣ,14,26,True
2010-11,000004A6,ΠΕΤΡΟΔΗΜΟΠΟΥΛΟΣ Χρήστος,ΕΛΛΑΔΑ,23,12.36,284.28,True,ESAKE country,False,https://www.esake.gr/el/action/EsakeStats?mode=2&idchampionship=00000003&idseason=00000001,00000007,00000007,ΙΚΑΡΟΣ LUCY HTL,10,26,True
2010-11,000004A9,ΠΕΤΡΟΥΛΑΣ Αλέξανδρος,,25,12.62,315.5,True,Manual review of blank country,False,https://www.esake.gr/el/action/EsakeStats?mode=2&idchampionship=00000003&idseason=00000001,0000000D,00000013,ΠΕΡΙΣΤΕΡΙ Betsson,7,26,False
2010-11,000004AE,ΠΙΕΒΑΛΙΤΣΑ Νικόλαος,,5,1.99,9.95,True,Manual review of blank country,False,https://www.esake.gr/el/action/EsakeStats?mode=2&idchampionship=00000003&idseason=00000001,00000008,00000008,ΚΑΒΑΛΑ,6,26,False
2010-11,000004B3,ΠΙΡΣ Πιέρ,,5,21.03,105.15,False,Manual review of blank country,False,https://www.esake.gr/el/action/EsakeStats?mode=2&idchampionship=00000003&idseason=00000001,00000005,00000005,ΑΡΗΣ,4,26,False
2010-11,000004B6,ΠΙΤΕΡΣ Τζέιμς,,3,15.64,46.92,False,Manual review of blank country,False,https://www.esake.gr/el/action/EsakeStats?mode=2&idchampionship=00000003&idseason=00000001,00000011,00000017,ΗΡΑΚΛΗΣ,14,26,True
2010-11,000004B7,ΠΙΤΕΡΣΟΝ Τζαμίν,,4,16.44,65.76,False,Manual review of blank country,False,https://www.esake.gr/el/action/EsakeStats?mode=2&idchampionship=00000003&idseason=00000001,0000000A,00000010,ΚΟΛΟΣΣΟΣ H HOTELS COLLECTION,8,26,True
2010-11,000004BB,ΠΟΛΥΤΑΡΧΟΥ Μιχάλης,ΕΛΛΑΔΑ,26,10.86,282.36,True,ESAKE country,False,https://www.esake.gr/el/action/EsakeStats?mode=2&idchampionship=00000003&idseason=00000001,00000007,00000007,ΙΚΑΡΟΣ LUCY HTL,10,26,True
2010-11,000004C4,ΠΡΕΚΑΣ Τρύφωνας,,0,0.0,0.0,True,Manual review of blank country,False,https://www.esake.gr/el/action/EsakeStats?mode=2&idchampionship=00000003&idseason=00000001,0000000D,00000013,ΠΕΡΙΣΤΕΡΙ Betsson,7,26,False
2010-11,000004CA,ΠΡΟΓΟΥΕΛ ΛαΚουάν,,7,21.97,153.79,False,Manual review of blank country,False,https://www.esake.gr/el/action/EsakeStats?mode=2&idchampionship=00000003&idseason=00000001,00000006,00000006,ΗΛΥΣΙΑΚΟΣ,11,26,True
2010-11,000004DE,ΡΑΝΤΣΙΤΣ Νταμίρ,,3,11.93,35.79,False,Manual review of blank country,False,https://www.esake.gr/el/action/EsakeStats?mode=2&idchampionship=00000003&idseason=00000001,00000012,00000018,ΠΑΝΕΛΛΗΝΙΟΣ,12,26,True
2010-11,0000050A,ΣΑΒΒΙΔΗΣ Παύλος,ΕΛΛΑΔΑ,1,0.52,0.52,True,ESAKE country,False,https://www.esake.gr/el/action/EsakeStats?mode=2&idchampionship=00000003&idseason=00000001,0000000C,00000012,ΠΑΟΚ,3,26,False
2010-11,0000051A,ΣΑΝΟΝ Έντυ,ΗΠΑ,2,14.4,28.8,False,ESAKE country,False,https://www.esake.gr/el/action/EsakeStats?mode=2&idchampionship=00000003&idseason=00000001,00000010,00000016,ΑΕΚ,13,26,True
2010-11,00000522,ΣΑΡΙΚΟΠΟΥΛΟΣ Ζήσης,ΕΛΛΑΔΑ,16,4.79,76.64,True,ESAKE country,False,https://www.esake.gr/el/action/EsakeStats?mode=2&idchampionship=00000003&idseason=00000001,00000003,00000003,ΠΑΝΙΩΝΙΟΣ COSMORAMA TRAVEL,9,26,True
2010-11,00000526,ΣΑΤΟ Ρομέιν,ΚΕΝΤΡΟΑΦΡΙΚΑΝΙΚΗ ΔΗΜΟΚΡΑΤΙΑ,25,20.36,509.0,False,ESAKE country,False,https://www.esake.gr/el/action/EsakeStats?mode=2&idchampionship=00000003&idseason=00000001,00000001,00000001,ΠΑΝΑΘΗΝΑΪΚΟΣ AKTOR,2,26,False
2010-11,00000530,Σένσλι Τζούλιαν,,10,22.54,225.4,False,Manual review of blank country,False,https://www.esake.gr/el/action/EsakeStats?mode=2&idchampionship=00000003&idseason=00000001,0000000D,00000013,ΠΕΡΙΣΤΕΡΙ Betsson,7,26,False
2010-11,00000534,ΣΕΦΕΡΙΔΗΣ Λάζαρος,,6,4.92,29.52,True,Manual review of blank country,False,https://www.esake.gr/el/action/EsakeStats?mode=2&idchampionship=00000003&idseason=00000001,0000000F,00000015,ΜΑΡΟΥΣΙ,5,26,False
2010-11,00000537,Σιαμανδούρας Άγγελος,,16,4.53,72.48,True,Manual review of blank country,False,https://www.esake.gr/el/action/EsakeStats?mode=2&idchampionship=00000003&idseason=00000001,0000000F,00000015,ΜΑΡΟΥΣΙ,5,26,False
2010-11,0000053F,ΣΙΜΟΝΣ Σέντρικ,ΒΟΥΛΓΑΡΙΑ,26,32.09,834.34,False,ESAKE country,False,https://www.esake.gr/el/action/EsakeStats?mode=2&idchampionship=00000003&idseason=00000001,00000008,00000008,ΚΑΒΑΛΑ,6,26,False
2010-11,00000544,Σιμς Ντε Σον,,2,27.62,55.24,False,Manual review of blank country,False,https://www.esake.gr/el/action/EsakeStats?mode=2&idchampionship=00000003&idseason=00000001,0000000C,00000012,ΠΑΟΚ,3,26,False
2010-11,0000059C,ΣΙΜΤΣΑΚ Βασίλης,ΕΛΛΑΔΑ,2,16.35,32.7,True,ESAKE country,False,https://www.esake.gr/el/action/EsakeStats?mode=2&idchampionship=00000003&idseason=00000001,00000008,00000008,ΚΑΒΑΛΑ,6,26,False
2010-11,0000054C,Σιώπης Αργύρης,,1,1.37,1.37,False,Manual review of blank country,False,https://www.esake.gr/el/action/EsakeStats?mode=2&idchampionship=00000003&idseason=00000001,00000005,00000005,ΑΡΗΣ,4,26,False
2010-11,00000531,Σκεπάνοβιτς Βλάντο,,5,11.57,57.85,False,Manual review of blank country,False,https://www.esake.gr/el/action/EsakeStats?mode=2&idchampionship=00000003&idseason=00000001,00000012,00000018,ΠΑΝΕΛΛΗΝΙΟΣ,12,26,True
2010-11,00000551,Σκλάβος Βαγγέλης,,26,13.96,362.96,True,Manual review of blank country,False,https://www.esake.gr/el/action/EsakeStats?mode=2&idchampionship=00000003&idseason=00000001,00000012,00000018,ΠΑΝΕΛΛΗΝΙΟΣ,12,26,True
2010-11,00000554,ΣΚΟΡΔΙΛΗΣ Γάιος,ΕΛΛΑΔΑ,11,5.94,65.34,True,ESAKE country,False,https://www.esake.gr/el/action/EsakeStats?mode=2&idchampionship=00000003&idseason=00000001,00000005,00000005,ΑΡΗΣ,4,26,False
2010-11,00000555,ΣΚΟΤ Ερνεστ,ΗΠΑ,26,29.92,777.92,False,ESAKE country,False,https://www.esake.gr/el/action/EsakeStats?mode=2&idchampionship=00000003&idseason=00000001,0000000D,00000013,ΠΕΡΙΣΤΕΡΙ Betsson,7,26,False
2010-11,0000055C,ΣΛΟΥΚΑΣ Κώστας,ΕΛΛΑΔΑ,24,23.36,560.64,True,ESAKE country,False,https://www.esake.gr/el/action/EsakeStats?mode=2&idchampionship=00000003&idseason=00000001,00000005,00000005,ΑΡΗΣ,4,26,False
2010-11,0000055F,Σμιθ Στίβεν,,18,32.49,584.82,False,Manual review of blank country,False,https://www.esake.gr/el/action/EsakeStats?mode=2&idchampionship=00000003&idseason=00000001,00000012,00000018,ΠΑΝΕΛΛΗΝΙΟΣ,12,26,True
2010-11,00000740,ΣΟΥΜΠΕΡ Μάρκους,,5,26.27,131.35,False,Manual review of blank country,False,https://www.esake.gr/el/action/EsakeStats?mode=2&idchampionship=00000003&idseason=00000001,0000000F,00000015,ΜΑΡΟΥΣΙ,5,26,False
2010-11,00000577,ΣΠΑΝΟΥΛΗΣ Βασίλης,ΕΛΛΑΔΑ,23,23.51,540.73,True,ESAKE country,False,https://www.esake.gr/el/action/EsakeStats?mode=2&idchampionship=00000003&idseason=00000001,00000002,00000002,ΟΛΥΜΠΙΑΚΟΣ,1,26,False
2010-11,00000579,Σπαρκς Πάτρικ,,8,15.54,124.32,False,Manual review of blank country,False,https://www.esake.gr/el/action/EsakeStats?mode=2&idchampionship=00000003&idseason=00000001,00000010,00000016,ΑΕΚ,13,26,True
2010-11,0000057B,ΣΠΥΡΟΠΟΥΛΟΣ Αναστάσιος,ΕΛΛΑΔΑ,2,1.53,3.06,True,ESAKE country,False,https://www.esake.gr/el/action/EsakeStats?mode=2&idchampionship=00000003&idseason=00000001,0000000C,00000012,ΠΑΟΚ,3,26,False
2010-11,00000589,ΣΤΕΦΑΝΙΔΗΣ Χριστόφορος,ΕΛΛΑΔΑ,19,20.97,398.43,True,ESAKE country,False,https://www.esake.gr/el/action/EsakeStats?mode=2&idchampionship=00000003&idseason=00000001,00000008,00000008,ΚΑΒΑΛΑ,6,26,False
2010-11,0000058F,ΣΤΙΓΚΕΡΣ Ντάντε,ΛΕΥΚΟΡΩΣΙΑ,6,30.76,184.56,False,ESAKE country,False,https://www.esake.gr/el/action/EsakeStats?mode=2&idchampionship=00000003&idseason=00000001,0000000C,00000012,ΠΑΟΚ,3,26,False
2010-11,00000597,ΣΤΡΝΑΝΤ Νίκο,ΣΛΟΒΕΝΙΑ,1,24.8,24.8,False,ESAKE country,False,https://www.esake.gr/el/action/EsakeStats?mode=2&idchampionship=00000003&idseason=00000001,00000008,00000008,ΚΑΒΑΛΑ,6,26,False
2010-11,000005A0,ΤΑΚΕΡ Αντονι,,18,32.45,584.1,False,Manual review of blank country,False,https://www.esake.gr/el/action/EsakeStats?mode=2&idchampionship=00000003&idseason=00000001,00000005,00000005,ΑΡΗΣ,4,26,False
2010-11,00000745,ΤΑΚΟΥΑΝ Ντιν,ΗΠΑ,3,15.31,45.93,False,ESAKE country,False,https://www.esake.gr/el/action/EsakeStats?mode=2&idchampionship=00000003&idseason=00000001,0000000C,00000012,ΠΑΟΚ,3,26,False
2010-11,000005A7,ΤΑΠΟΥΤΟΣ Χρήστος,ΕΛΛΑΔΑ,24,28.55,685.2,True,ESAKE country,False,https://www.esake.gr/el/action/EsakeStats?mode=2&idchampionship=00000003&idseason=00000001,00000005,00000005,ΑΡΗΣ,4,26,False
2010-11,000005B3,ΤΕΟΝΤΟΣΙΤΣ Μίλος,,21,21.49,451.29,False,Manual review of blank country,False,https://www.esake.gr/el/action/EsakeStats?mode=2&idchampionship=00000003&idseason=00000001,00000002,00000002,ΟΛΥΜΠΙΑΚΟΣ,1,26,False
2010-11,000005B4,ΤΕΠΙΤΣ Μιλένκο,ΣΕΡΒΙΑ,25,20.66,516.5,False,ESAKE country,False,https://www.esake.gr/el/action/EsakeStats?mode=2&idchampionship=00000003&idseason=00000001,00000001,00000001,ΠΑΝΑΘΗΝΑΪΚΟΣ AKTOR,2,26,False
2010-11,000005B8,ΤΖΑΖΒΙΝ Ερμίν,,7,24.42,170.94,False,Manual review of blank country,False,https://www.esake.gr/el/action/EsakeStats?mode=2&idchampionship=00000003&idseason=00000001,00000011,00000017,ΗΡΑΚΛΗΣ,14,26,True
2010-11,000005BA,ΤΖΑΚΟΠΟΥΛΟΣ Τριαντάφυλλος,,4,11.06,44.24,True,Manual review of blank country,False,https://www.esake.gr/el/action/EsakeStats?mode=2&idchampionship=00000003&idseason=00000001,0000000F,00000015,ΜΑΡΟΥΣΙ,5,26,False
2010-11,000005CB,ΤΖΙΓΚΑΝΟΒΙΤΣ Σάβο,,7,5.53,38.71,False,Manual review of blank country,False,https://www.esake.gr/el/action/EsakeStats?mode=2&idchampionship=00000003&idseason=00000001,00000007,00000007,ΙΚΑΡΟΣ LUCY HTL,10,26,True
2010-11,000005D2,ΤΖΟΛΟΣ Βαγγέλης,ΕΛΛΑΔΑ,4,5.0,20.0,True,ESAKE country,False,https://www.esake.gr/el/action/EsakeStats?mode=2&idchampionship=00000003&idseason=00000001,00000010,00000016,ΑΕΚ,13,26,True
2010-11,000005E6,ΤΖΟΡΝΤΑΝ Τζάρεντ,,25,28.29,707.25,False,Manual review of blank country,False,https://www.esake.gr/el/action/EsakeStats?mode=2&idchampionship=00000003&idseason=00000001,0000000A,00000010,ΚΟΛΟΣΣΟΣ H HOTELS COLLECTION,8,26,True
2010-11,000005F3,ΤΟΜΑΣ Τζαμέλ,,12,20.98,251.76,False,Manual review of blank country,False,https://www.esake.gr/el/action/EsakeStats?mode=2&idchampionship=00000003&idseason=00000001,00000005,00000005,ΑΡΗΣ,4,26,False
2010-11,000005FD,ΤΟΜΠΣΟΝ Ντι Τζέι,,7,26.43,185.01,False,Manual review of blank country,False,https://www.esake.gr/el/action/EsakeStats?mode=2&idchampionship=00000003&idseason=00000001,00000006,00000006,ΗΛΥΣΙΑΚΟΣ,11,26,True
2010-11,000005FE,ΤΟΜΠΣΟΝ Ντίον,,25,30.49,762.25,False,Manual review of blank country,False,https://www.esake.gr/el/action/EsakeStats?mode=2&idchampionship=00000003&idseason=00000001,00000007,00000007,ΙΚΑΡΟΣ LUCY HTL,10,26,True
2010-11,00000600,ΤΟΝΤΙΤΣ Μίροσλαβ,ΒΟΣΝΙΑ,24,20.9,501.6,False,ESAKE country,False,https://www.esake.gr/el/action/EsakeStats?mode=2&idchampionship=00000003&idseason=00000001,00000006,00000006,ΗΛΥΣΙΑΚΟΣ,11,26,True
2010-11,00000605,ΤΟΥΤΖΙΑΡΑΚΗΣ Σταύρος,ΕΛΛΑΔΑ,8,4.82,38.56,True,ESAKE country,False,https://www.esake.gr/el/action/EsakeStats?mode=2&idchampionship=00000003&idseason=00000001,00000007,00000007,ΙΚΑΡΟΣ LUCY HTL,10,26,True
2010-11,00000606,ΤΡΑΪΑΝΟΣ Τάσος,,2,16.61,33.22,True,Manual review of blank country,False,https://www.esake.gr/el/action/EsakeStats?mode=2&idchampionship=00000003&idseason=00000001,00000011,00000017,ΗΡΑΚΛΗΣ,14,26,True
2010-11,0000060F,ΤΣΑΪΡΕΛΗΣ Μιχάλης,ΕΛΛΑΔΑ,19,10.9,207.1,True,ESAKE country,False,https://www.esake.gr/el/action/EsakeStats?mode=2&idchampionship=00000003&idseason=00000001,00000005,00000005,ΑΡΗΣ,4,26,False
2010-11,00000611,ΤΣΑΚΑΛΕΡΗΣ Ευθύμης,ΕΛΛΑΔΑ,6,7.34,44.04,True,ESAKE country,False,https://www.esake.gr/el/action/EsakeStats?mode=2&idchampionship=00000003&idseason=00000001,00000012,00000018,ΠΑΝΕΛΛΗΝΙΟΣ,12,26,True
2010-11,00000615,ΤΣΑΛΚΙΤΖΗΣ Θωμάς,,3,1.99,5.97,True,Manual review of blank country,False,https://www.esake.gr/el/action/EsakeStats?mode=2&idchampionship=00000003&idseason=00000001,00000011,00000017,ΗΡΑΚΛΗΣ,14,26,True
2010-11,00000619,ΤΣΑΜΗΣ Άγγελος,ΕΛΛΑΔΑ,26,25.23,655.98,True,ESAKE country,False,https://www.esake.gr/el/action/EsakeStats?mode=2&idchampionship=00000003&idseason=00000001,0000000A,00000010,ΚΟΛΟΣΣΟΣ H HOTELS COLLECTION,8,26,True
2010-11,0000061C,ΤΣΑΠΡΟΥΝΗΣ Κώστας,,0,0.0,0.0,True,Manual review of blank country,False,https://www.esake.gr/el/action/EsakeStats?mode=2&idchampionship=00000003&idseason=00000001,00000010,00000016,ΑΕΚ,13,26,True
2010-11,0000061E,ΤΣΑΡΤΣΑΡΗΣ Κώστας,,24,15.29,366.96,True,Manual review of blank country,False,https://www.esake.gr/el/action/EsakeStats?mode=2&idchampionship=00000003&idseason=00000001,00000001,00000001,ΠΑΝΑΘΗΝΑΪΚΟΣ AKTOR,2,26,False
2010-11,00000628,ΤΣΙΑΚΟΣ Γιώργος,ΕΛΛΑΔΑ,20,15.3,306.0,True,ESAKE country,False,https://www.esake.gr/el/action/EsakeStats?mode=2&idchampionship=00000003&idseason=00000001,0000000D,00000013,ΠΕΡΙΣΤΕΡΙ Betsson,7,26,False
2010-11,00000629,ΤΣΙΑΡΑΣ Γιώργος,ΕΛΛΑΔΑ,25,21.14,528.5,True,ESAKE country,False,https://www.esake.gr/el/action/EsakeStats?mode=2&idchampionship=00000003&idseason=00000001,00000003,00000003,ΠΑΝΙΩΝΙΟΣ COSMORAMA TRAVEL,9,26,True
2010-11,00000634,ΤΣΟΝΤΖΟΣ Λάμπρος,,6,4.47,26.82,True,Manual review of blank country,False,https://www.esake.gr/el/action/EsakeStats?mode=2&idchampionship=00000003&idseason=00000001,0000000F,00000015,ΜΑΡΟΥΣΙ,5,26,False
2010-11,0000063C,ΦΑΛΕΚΑΣ Αλέξης,,24,12.65,303.6,True,Manual review of blank country,False,https://www.esake.gr/el/action/EsakeStats?mode=2&idchampionship=00000003&idseason=00000001,00000007,00000007,ΙΚΑΡΟΣ LUCY HTL,10,26,True
2010-11,00000656,ΦΟΡΝΤ Κέβιν,,6,17.37,104.22,False,Manual review of blank country,False,https://www.esake.gr/el/action/EsakeStats?mode=2&idchampionship=00000003&idseason=00000001,0000000A,00000010,ΚΟΛΟΣΣΟΣ H HOTELS COLLECTION,8,26,True
2010-11,0000065F,ΦΡΑΝΣΙΣ Τορίν,,16,24.41,390.56,False,Manual review of blank country,False,https://www.esake.gr/el/action/EsakeStats?mode=2&idchampionship=00000003&idseason=00000001,00000012,00000018,ΠΑΝΕΛΛΗΝΙΟΣ,12,26,True
2010-11,00000666,ΦΩΤΣΗΣ Αντώνης,ΕΛΛΑΔΑ,26,18.63,484.38,True,ESAKE country,False,https://www.esake.gr/el/action/EsakeStats?mode=2&idchampionship=00000003&idseason=00000001,00000001,00000001,ΠΑΝΑΘΗΝΑΪΚΟΣ AKTOR,2,26,False
2010-11,0000066D,ΧΑΛΠΕΡΙΝ Γιοτάμ,,20,21.46,429.2,False,Manual review of blank country,False,https://www.esake.gr/el/action/EsakeStats?mode=2&idchampionship=00000003&idseason=00000001,00000002,00000002,ΟΛΥΜΠΙΑΚΟΣ,1,26,False
2010-11,0000067C,ΧΑΡΑΛΑΜΠΙΔΗΣ Κώστας,ΕΛΛΑΔΑ,25,26.12,653.0,True,ESAKE country,False,https://www.esake.gr/el/action/EsakeStats?mode=2&idchampionship=00000003&idseason=00000001,00000005,00000005,ΑΡΗΣ,4,26,False
2010-11,00000680,ΧΑΡΙΣ Λανς,,20,31.13,622.6,False,Manual review of blank country,False,https://www.esake.gr/el/action/EsakeStats?mode=2&idchampionship=00000003&idseason=00000001,00000007,00000007,ΙΚΑΡΟΣ LUCY HTL,10,26,True
2010-11,00000682,ΧΑΡΙΣΗΣ Κώστας,ΕΛΛΑΔΑ,24,24.76,594.24,True,ESAKE country,False,https://www.esake.gr/el/action/EsakeStats?mode=2&idchampionship=00000003&idseason=00000001,0000000A,00000010,ΚΟΛΟΣΣΟΣ H HOTELS COLLECTION,8,26,True
2010-11,00000685,ΧΑΡΙΤΟΠΟΥΛΟΣ Δημήτρης,ΕΛΛΑΔΑ,26,24.95,648.7,True,ESAKE country,False,https://www.esake.gr/el/action/EsakeStats?mode=2&idchampionship=00000003&idseason=00000001,0000000F,00000015,ΜΑΡΟΥΣΙ,5,26,False
2010-11,00000132,ΧΑΡΝΤΙΝΓΚ Νάνα,ΚΑΜΕΡΟΥΝ,3,24.12,72.36,False,ESAKE country,False,https://www.esake.gr/el/action/EsakeStats?mode=2&idchampionship=00000003&idseason=00000001,00000006,00000006,ΗΛΥΣΙΑΚΟΣ,11,26,True
2010-11,00000687,ΧΑΡΤ Τζάρεντ,,12,20.61,247.32,False,Manual review of blank country,False,https://www.esake.gr/el/action/EsakeStats?mode=2&idchampionship=00000003&idseason=00000001,00000010,00000016,ΑΕΚ,13,26,True
2010-11,0000068D,ΧΑΤΖΗΒΡΕΤΤΑΣ Νίκος,,21,22.78,478.38,True,Manual review of blank country,False,https://www.esake.gr/el/action/EsakeStats?mode=2&idchampionship=00000003&idseason=00000001,00000005,00000005,ΑΡΗΣ,4,26,False
2010-11,00000690,ΧΑΤΖΗΣ Νίκος,ΕΛΛΑΔΑ,25,20.72,518.0,True,ESAKE country,False,https://www.esake.gr/el/action/EsakeStats?mode=2&idchampionship=00000003&idseason=00000001,00000006,00000006,ΗΛΥΣΙΑΚΟΣ,11,26,True
2010-11,00000696,ΧΑΦ Σον,,17,23.58,400.86,False,Manual review of blank country,False,https://www.esake.gr/el/action/EsakeStats?mode=2&idchampionship=00000003&idseason=00000001,00000008,00000008,ΚΑΒΑΛΑ,6,26,False
2010-11,000006B0,ΧΟΥΕΡΤΑΣ Ντέιβιντ,,20,27.02,540.4,False,Manual review of blank country,False,https://www.esake.gr/el/action/EsakeStats?mode=2&idchampionship=00000003&idseason=00000001,0000000F,00000015,ΜΑΡΟΥΣΙ,5,26,False
2010-11,000006BD,ΧΡΥΣΙΚΟΠΟΥΛΟΣ Λίνος,ΕΛΛΑΔΑ,19,9.02,171.38,True,ESAKE country,False,https://www.esake.gr/el/action/EsakeStats?mode=2&idchampionship=00000003&idseason=00000001,00000005,00000005,ΑΡΗΣ,4,26,False
2010-11,000006C0,ΨΑΡΟΠΟΥΛΟΣ Σωκράτης,ΕΛΛΑΔΑ,8,3.64,29.12,True,ESAKE country,False,https://www.esake.gr/el/action/EsakeStats?mode=2&idchampionship=00000003&idseason=00000001,0000000D,00000013,ΠΕΡΙΣΤΕΡΙ Betsson,7,26,False
2011-12,00000004,ΑΓΑΔΑΚΟΣ Λάζαρος,ΕΛΛΑΔΑ,13,18.62,242.06,True,ESAKE country,False,https://www.esake.gr/el/action/EsakeStats?mode=2&idchampionship=00000002&idseason=00000001,00000007,00000007,ΙΚΑΡΟΣ LUCY HTL,10,24,True
2011-12,00000006,ΑΓΓΕΛΑΚΟΠΟΥΛΟΣ Βασίλης,ΕΛΛΑΔΑ,1,4.98,4.98,True,ESAKE country,False,https://www.esake.gr/el/action/EsakeStats?mode=2&idchampionship=00000002&idseason=00000001,0000000E,00000014,ΡΕΘΥΜΝΟ CRETAN KINGS,4,24,False
2011-12,00000007,ΑΓΓΕΛΑΚΟΣ Αλέξανδρος,ΕΛΛΑΔΑ,3,0.59,1.77,True,ESAKE country,False,https://www.esake.gr/el/action/EsakeStats?mode=2&idchampionship=00000002&idseason=00000001,0000000A,00000010,ΚΟΛΟΣΣΟΣ H HOTELS COLLECTION,3,24,False
2011-12,0000000B,ΑΓΓΕΛΟΠΟΥΛΟΣ Νίκος,ΕΛΛΑΔΑ,24,18.38,441.12,True,ESAKE country,False,https://www.esake.gr/el/action/EsakeStats?mode=2&idchampionship=00000002&idseason=00000001,00000008,00000008,ΚΑΒΑΛΑ,6,24,False
2011-12,0000000F,ΑΓΡΑΒΑΝΗΣ Δημήτρης,ΕΛΛΑΔΑ,14,11.97,167.58,True,ESAKE country,False,https://www.esake.gr/el/action/EsakeStats?mode=2&idchampionship=00000002&idseason=00000001,0000000F,00000015,ΜΑΡΟΥΣΙ,13,24,True
2011-12,00000012,ΑΘΑΝΑΣΟΥΛΑΣ Γιάννης,ΕΛΛΑΔΑ,22,10.4,228.8,True,ESAKE country,False,https://www.esake.gr/el/action/EsakeStats?mode=2&idchampionship=00000002&idseason=00000001,00000003,00000003,ΠΑΝΙΩΝΙΟΣ COSMORAMA TRAVEL,5,24,False
2011-12,00000013,ΑΘΗΝΑΙΟΥ Γιάννης,ΕΛΛΑΔΑ,24,21.94,526.56,True,ESAKE country,False,https://www.esake.gr/el/action/EsakeStats?mode=2&idchampionship=00000002&idseason=00000001,00000009,00000009,ΚΑΟΔ AM.GENETICS,9,24,True
2011-12,00000015,ΑΚΕΨΙΜΑΪΔΗΣ Ελευθέριος,ΕΛΛΑΔΑ,24,24.41,585.84,True,ESAKE country,False,https://www.esake.gr/el/action/EsakeStats?mode=2&idchampionship=00000002&idseason=00000001,0000000F,00000015,ΜΑΡΟΥΣΙ,13,24,True
2011-12,0000001F,ΑΛΕΞΙΟΥ Γιώργος,ΕΛΛΑΔΑ,6,2.88,17.28,True,ESAKE country,False,https://www.esake.gr/el/action/EsakeStats?mode=2&idchampionship=00000002&idseason=00000001,0000000F,00000015,ΜΑΡΟΥΣΙ,13,24,True
2011-12,00000019,ΑΛΕΞΙΤΣ Μιλουτίν,,13,22.39,291.07,False,Manual review of blank country,False,https://www.esake.gr/el/action/EsakeStats?mode=2&idchampionship=00000002&idseason=00000001,0000000C,00000012,ΠΑΟΚ,8,24,True
2011-12,000006FE,ΑΜΠΑΡΑΣ Θωμάς,ΕΛΛΑΔΑ,0,0.0,0.0,True,ESAKE country,False,https://www.esake.gr/el/action/EsakeStats?mode=2&idchampionship=00000002&idseason=00000001,0000000C,00000012,ΠΑΟΚ,8,24,True
2011-12,00000038,ΑΝΤΙΤΣ Πέρο,ΣΚΟΠΙΑ,22,17.19,378.18,False,ESAKE country,False,https://www.esake.gr/el/action/EsakeStats?mode=2&idchampionship=00000002&idseason=00000001,00000002,00000002,ΟΛΥΜΠΙΑΚΟΣ,1,24,False
2011-12,0000003A,ΑΝΤΡΙΟΥΣΚΕΒΙΤΣΙΟΥΣ Μαρτίνας,,5,6.92,34.6,False,Manual review of blank country,False,https://www.esake.gr/el/action/EsakeStats?mode=2&idchampionship=00000002&idseason=00000001,0000000C,00000012,ΠΑΟΚ,8,24,True
2011-12,0000003D,ΑΝΤΩΝΟΠΟΥΛΟΣ Φοίβος,ΕΛΛΑΔΑ,1,1.08,1.08,True,ESAKE country,False,https://www.esake.gr/el/action/EsakeStats?mode=2&idchampionship=00000002&idseason=00000001,0000000F,00000015,ΜΑΡΟΥΣΙ,13,24,True
2011-12,0000003F,ΑΠΟΣΤΟΛΙΔΗΣ Γιώργος,ΕΛΛΑΔΑ,23,19.08,438.84,True,ESAKE country,False,https://www.esake.gr/el/action/EsakeStats?mode=2&idchampionship=00000002&idseason=00000001,00000006,00000006,ΗΛΥΣΙΑΚΟΣ,11,24,True
2011-12,00000043,ΑΡΑΠΗΣ Δημήτρης,ΕΛΛΑΔΑ,20,4.27,85.4,True,ESAKE country,False,https://www.esake.gr/el/action/EsakeStats?mode=2&idchampionship=00000002&idseason=00000001,0000000C,00000012,ΠΑΟΚ,8,24,True
2011-12,00000044,ΑΡΑΠΗΣ Θωμάς,ΕΛΛΑΔΑ,3,1.46,4.38,True,ESAKE country,False,https://www.esake.gr/el/action/EsakeStats?mode=2&idchampionship=00000002&idseason=00000001,00000008,00000008,ΚΑΒΑΛΑ,6,24,False
2011-12,0000004F,ΑΣΗΜΑΚΟΠΟΥΛΟΣ Αντώνης,ΕΛΛΑΔΑ,24,20.4,489.6,True,ESAKE country,False,https://www.esake.gr/el/action/EsakeStats?mode=2&idchampionship=00000002&idseason=00000001,0000000A,00000010,ΚΟΛΟΣΣΟΣ H HOTELS COLLECTION,3,24,False
2011-12,00000052,ΑΥΓΕΝΙΚΟΣ Αλέξανδρος,ΕΛΛΑΔΑ,13,1.97,25.61,True,ESAKE country,False,https://www.esake.gr/el/action/EsakeStats?mode=2&idchampionship=00000002&idseason=00000001,0000000A,00000010,ΚΟΛΟΣΣΟΣ H HOTELS COLLECTION,3,24,False
2011-12,00000063,ΒΑΣΙΛΙΕΒΙΤΣ Σάσα,,15,17.7,265.5,False,Manual review of blank country,False,https://www.esake.gr/el/action/EsakeStats?mode=2&idchampionship=00000002&idseason=00000001,00000007,00000007,ΙΚΑΡΟΣ LUCY HTL,10,24,True
2011-12,00000065,ΒΑΣΙΛΟΠΟΥΛΟΣ Παναγιώτης,ΕΛΛΑΔΑ,1,7.02,7.02,True,ESAKE country,False,https://www.esake.gr/el/action/EsakeStats?mode=2&idchampionship=00000002&idseason=00000001,00000002,00000002,ΟΛΥΜΠΙΑΚΟΣ,1,24,False
2011-12,00000069,ΒΕΖΕΝΚΟΦ Αλέξανδρος,ΚΥΠΡΟΣ,8,1.25,10.0,False,ESAKE country,False,https://www.esake.gr/el/action/EsakeStats?mode=2&idchampionship=00000002&idseason=00000001,00000005,00000005,ΑΡΗΣ,7,24,False
2011-12,0000006B,ΒΕΡΓΙΝΗΣ Δημήτρης,ΕΛΛΑΔΑ,24,17.96,431.04,True,ESAKE country,False,https://www.esake.gr/el/action/EsakeStats?mode=2&idchampionship=00000002&idseason=00000001,00000005,00000005,ΑΡΗΣ,7,24,False
2011-12,00000071,ΒΛΑΧΟΣ Λάμπρος,ΕΛΛΑΔΑ,1,1.77,1.77,True,ESAKE country,False,https://www.esake.gr/el/action/EsakeStats?mode=2&idchampionship=00000002&idseason=00000001,00000007,00000007,ΙΚΑΡΟΣ LUCY HTL,10,24,True
2011-12,0000007A,ΒΟΥΓΙΟΥΚΑΣ Ίαν,ΕΛΛΑΔΑ,22,14.94,328.68,True,ESAKE country,False,https://www.esake.gr/el/action/EsakeStats?mode=2&idchampionship=00000002&idseason=00000001,00000001,00000001,ΠΑΝΑΘΗΝΑΪΚΟΣ AKTOR,2,24,False
2011-12,00000088,ΓΑΛΙΩΤΟΣ Γιώργος,ΕΛΛΑΔΑ,19,11.07,210.33,True,ESAKE country,False,https://www.esake.gr/el/action/EsakeStats?mode=2&idchampionship=00000002&idseason=00000001,00000006,00000006,ΗΛΥΣΙΑΚΟΣ,11,24,True
2011-12,0000008E,ΓΕΩΡΓΑΚΗΣ Γιώργος,ΕΛΛΑΔΑ,16,4.41,70.56,True,ESAKE country,False,https://www.esake.gr/el/action/EsakeStats?mode=2&idchampionship=00000002&idseason=00000001,00000008,00000008,ΚΑΒΑΛΑ,6,24,False
2011-12,00000091,ΓΕΩΡΓΑΛΛΗΣ Γιάννης,ΕΛΛΑΔΑ,22,15.72,345.84,True,ESAKE country,False,https://www.esake.gr/el/action/EsakeStats?mode=2&idchampionship=00000002&idseason=00000001,0000000A,00000010,ΚΟΛΟΣΣΟΣ H HOTELS COLLECTION,3,24,False
2011-12,0000009B,ΓΙΑΝΚΟΒΙΤΣ Βλαδίμηρος,ΕΛΛΑΔΑ,19,19.69,374.11,True,ESAKE country,False,https://www.esake.gr/el/action/EsakeStats?mode=2&idchampionship=00000002&idseason=00000001,00000003,00000003,ΠΑΝΙΩΝΙΟΣ COSMORAMA TRAVEL,5,24,False
2011-12,0000009F,ΓΙΑΝΝΑΚΙΔΗΣ Μιχάλης,ΕΛΛΑΔΑ,24,20.66,495.84,True,ESAKE country,False,https://www.esake.gr/el/action/EsakeStats?mode=2&idchampionship=00000002&idseason=00000001,0000000C,00000012,ΠΑΟΚ,8,24,True
2011-12,000000A4,ΓΙΑΝΝΟΠΟΥΛΟΣ Χάρης,ΕΛΛΑΔΑ,24,32.63,783.12,True,ESAKE country,False,https://www.esake.gr/el/action/EsakeStats?mode=2&idchampionship=00000002&idseason=00000001,0000000D,00000013,ΠΕΡΙΣΤΕΡΙ Betsson,12,24,True
2011-12,000000AA,ΓΙΑΣΙΚΕΒΙΤΣΙΟΥΣ Σαρούνας,ΛΙΘΟΥΑΝΙΑ,24,15.28,366.72,False,ESAKE country,False,https://www.esake.gr/el/action/EsakeStats?mode=2&idchampionship=00000002&idseason=00000001,00000001,00000001,ΠΑΝΑΘΗΝΑΪΚΟΣ AKTOR,2,24,False
2011-12,000000AE,ΓΙΟΒΟΒΙΤΣ Μπόσκο,,9,20.46,184.14,False,Manual review of blank country,False,https://www.esake.gr/el/action/EsakeStats?mode=2&idchampionship=00000002&idseason=00000001,0000000D,00000013,ΠΕΡΙΣΤΕΡΙ Betsson,12,24,True
2011-12,000000B7,ΓΚΑΓΚΑΛΟΥΔΗΣ Γιάννης,ΕΛΛΑΔΑ,16,35.93,574.88,True,ESAKE country,False,https://www.esake.gr/el/action/EsakeStats?mode=2&idchampionship=00000002&idseason=00000001,0000000F,00000015,ΜΑΡΟΥΣΙ,13,24,True
2011-12,000000CC,ΓΚΕΛΙΟΣ Σωκράτης,ΕΛΛΑΔΑ,5,1.16,5.8,True,ESAKE country,False,https://www.esake.gr/el/action/EsakeStats?mode=2&idchampionship=00000002&idseason=00000001,00000008,00000008,ΚΑΒΑΛΑ,6,24,False
2011-12,000000CE,ΓΚΕΤΣΕΒΙΤΣΙΟΥΣ Μαρτίνας,ΛΙΘΟΥΑΝΙΑ,21,17.76,372.96,False,ESAKE country,False,https://www.esake.gr/el/action/EsakeStats?mode=2&idchampionship=00000002&idseason=00000001,00000002,00000002,ΟΛΥΜΠΙΑΚΟΣ,1,24,False
2011-12,00000103,ΓΛΥΝΙΑΔΑΚΗΣ Ανδρέας,ΕΛΛΑΔΑ,16,13.06,208.96,True,ESAKE country,False,https://www.esake.gr/el/action/EsakeStats?mode=2&idchampionship=00000002&idseason=00000001,00000002,00000002,ΟΛΥΜΠΙΑΚΟΣ,1,24,False
2011-12,0000010E,ΔΑΝΑΣ Γιώργος,ΕΛΛΑΔΑ,3,2.01,6.03,True,ESAKE country,False,https://www.esake.gr/el/action/EsakeStats?mode=2&idchampionship=00000002&idseason=00000001,0000000A,00000010,ΚΟΛΟΣΣΟΣ H HOTELS COLLECTION,3,24,False
2011-12,00000110,ΔΕΔΑΣ Γιώργος,ΕΛΛΑΔΑ,23,15.64,359.72,True,ESAKE country,False,https://www.esake.gr/el/action/EsakeStats?mode=2&idchampionship=00000002&idseason=00000001,0000000E,00000014,ΡΕΘΥΜΝΟ CRETAN KINGS,4,24,False
2011-12,00000115,ΔΕΜΕΡΤΖΗΣ Γιάννης,ΕΛΛΑΔΑ,23,22.73,522.79,True,ESAKE country,False,https://www.esake.gr/el/action/EsakeStats?mode=2&idchampionship=00000002&idseason=00000001,0000000F,00000015,ΜΑΡΟΥΣΙ,13,24,True
2011-12,00000119,ΔΗΜΑΣ Τάσος,ΕΛΛΑΔΑ,13,2.28,29.64,True,ESAKE country,False,https://www.esake.gr/el/action/EsakeStats?mode=2&idchampionship=00000002&idseason=00000001,00000005,00000005,ΑΡΗΣ,7,24,False
2011-12,0000011A,ΔΙΑΜΑΝΤΙΔΗΣ Δημήτρης,ΕΛΛΑΔΑ,22,22.09,485.98,True,ESAKE country,False,https://www.esake.gr/el/action/EsakeStats?mode=2&idchampionship=00000002&idseason=00000001,00000001,00000001,ΠΑΝΑΘΗΝΑΪΚΟΣ AKTOR,2,24,False
2011-12,0000011D,ΔΟΡΚΟΦΙΚΗΣ Περικλής,ΕΛΛΑΔΑ,22,11.93,262.46,True,ESAKE country,False,https://www.esake.gr/el/action/EsakeStats?mode=2&idchampionship=00000002&idseason=00000001,0000000E,00000014,ΡΕΘΥΜΝΟ CRETAN KINGS,4,24,False
2011-12,0000012C,ΕΛΕΓΚΑΡ Φρανκ,,13,27.95,363.35,False,Manual review of blank country,False,https://www.esake.gr/el/action/EsakeStats?mode=2&idchampionship=00000002&idseason=00000001,0000000F,00000015,ΜΑΡΟΥΣΙ,13,24,True
2011-12,00000136,ΕΝΤΟΥΑΡΝΤΣ Γκάβιν,,19,24.78,470.82,False,Manual review of blank country,False,https://www.esake.gr/el/action/EsakeStats?mode=2&idchampionship=00000002&idseason=00000001,0000000D,00000013,ΠΕΡΙΣΤΕΡΙ Betsson,12,24,True
2011-12,00000140,ΖΑΡΑΣ Θοδωρής,ΕΛΛΑΔΑ,23,13.17,302.91,True,ESAKE country,False,https://www.esake.gr/el/action/EsakeStats?mode=2&idchampionship=00000002&idseason=00000001,00000009,00000009,ΚΑΟΔ AM.GENETICS,9,24,True
2011-12,00000147,ΖΙΜΙΤΣ Εμίρ,,2,9.18,18.36,False,Manual review of blank country,False,https://www.esake.gr/el/action/EsakeStats?mode=2&idchampionship=00000002&idseason=00000001,0000000D,00000013,ΠΕΡΙΣΤΕΡΙ Betsson,12,24,True
2011-12,0000014D,ΖΟΥΜΠΟΣ Φώτης,ΕΛΛΑΔΑ,2,9.47,18.94,True,ESAKE country,False,https://www.esake.gr/el/action/EsakeStats?mode=2&idchampionship=00000002&idseason=00000001,0000000F,00000015,ΜΑΡΟΥΣΙ,13,24,True
2011-12,00000158,ΘΕΟΔΩΡΟΥ Ηλίας,ΕΛΛΑΔΑ,1,0.73,0.73,True,ESAKE country,False,https://www.esake.gr/el/action/EsakeStats?mode=2&idchampionship=00000002&idseason=00000001,00000006,00000006,ΗΛΥΣΙΑΚΟΣ,11,24,True
2011-12,00000162,ΙΩΑΚΕΙΜΙΔΗΣ Θανάσης,ΕΛΛΑΔΑ,14,3.32,46.48,True,ESAKE country,False,https://www.esake.gr/el/action/EsakeStats?mode=2&idchampionship=00000002&idseason=00000001,00000009,00000009,ΚΑΟΔ AM.GENETICS,9,24,True
2011-12,00000165,ΙΩΑΝΝΟΥ Στέλιος,ΕΛΛΑΔΑ,20,7.4,148.0,True,ESAKE country,False,https://www.esake.gr/el/action/EsakeStats?mode=2&idchampionship=00000002&idseason=00000001,00000003,00000003,ΠΑΝΙΩΝΙΟΣ COSMORAMA TRAVEL,5,24,False
2011-12,00000167,ΚΑΒΒΑΔΑΣ Βασίλης,ΕΛΛΑΔΑ,19,11.13,211.47,True,ESAKE country,False,https://www.esake.gr/el/action/EsakeStats?mode=2&idchampionship=00000002&idseason=00000001,00000003,00000003,ΠΑΝΙΩΝΙΟΣ COSMORAMA TRAVEL,5,24,False
2011-12,0000016C,ΚΑΪΜΑΚΟΓΛΟΥ Κώστας,ΕΛΛΑΔΑ,23,19.44,447.12,True,ESAKE country,False,https://www.esake.gr/el/action/EsakeStats?mode=2&idchampionship=00000002&idseason=00000001,00000001,00000001,ΠΑΝΑΘΗΝΑΪΚΟΣ AKTOR,2,24,False
2011-12,0000016E,ΚΑΚΑΡΟΥΔΗΣ Κώστας,ΕΛΛΑΔΑ,22,15.19,334.18,True,ESAKE country,False,https://www.esake.gr/el/action/EsakeStats?mode=2&idchampionship=00000002&idseason=00000001,00000009,00000009,ΚΑΟΔ AM.GENETICS,9,24,True
2011-12,00000174,ΚΑΛΑΘΗΣ Νικ,ΕΛΛΑΔΑ,24,22.33,535.92,True,ESAKE country,False,https://www.esake.gr/el/action/EsakeStats?mode=2&idchampionship=00000002&idseason=00000001,00000001,00000001,ΠΑΝΑΘΗΝΑΪΚΟΣ AKTOR,2,24,False
2011-12,00000175,ΚΑΛΑΘΗΣ Πατ,ΕΛΛΑΔΑ,9,10.83,97.47,True,ESAKE country,False,https://www.esake.gr/el/action/EsakeStats?mode=2&idchampionship=00000002&idseason=00000001,00000001,00000001,ΠΑΝΑΘΗΝΑΪΚΟΣ AKTOR,2,24,False
2011-12,00000176,ΚΑΛΑΪΤΖΗΣ Γιώργος,ΕΛΛΑΔΑ,14,15.93,223.02,True,ESAKE country,False,https://www.esake.gr/el/action/EsakeStats?mode=2&idchampionship=00000002&idseason=00000001,0000000A,00000010,ΚΟΛΟΣΣΟΣ H HOTELS COLLECTION,3,24,False
2011-12,00000179,ΚΑΛΑΜΠΑΚΑΣ Δημήτρης,ΕΛΛΑΔΑ,16,7.46,119.36,True,ESAKE country,False,https://www.esake.gr/el/action/EsakeStats?mode=2&idchampionship=00000002&idseason=00000001,0000000C,00000012,ΠΑΟΚ,8,24,True
2011-12,0000017B,ΚΑΛΑΜΠΟΚΗΣ Γιάννης,ΕΛΛΑΔΑ,18,26.09,469.62,True,ESAKE country,False,https://www.esake.gr/el/action/EsakeStats?mode=2&idchampionship=00000002&idseason=00000001,0000000C,00000012,ΠΑΟΚ,8,24,True
2011-12,0000017E,ΚΑΛΛΕΣ Νίκος,ΕΛΛΑΔΑ,24,13.04,312.96,True,ESAKE country,False,https://www.esake.gr/el/action/EsakeStats?mode=2&idchampionship=00000002&idseason=00000001,0000000C,00000012,ΠΑΟΚ,8,24,True
2011-12,0000017C,ΚΑΛΛΙΝΙΚΙΔΗΣ Αβραάμ,ΕΛΛΑΔΑ,24,13.61,326.64,True,ESAKE country,False,https://www.esake.gr/el/action/EsakeStats?mode=2&idchampionship=00000002&idseason=00000001,0000000E,00000014,ΡΕΘΥΜΝΟ CRETAN KINGS,4,24,False
2011-12,00000181,ΚΑΛΟΓΙΑΝΝΙΔΗΣ Φίλιππος,ΕΛΛΑΔΑ,14,4.64,64.96,True,ESAKE country,False,https://www.esake.gr/el/action/EsakeStats?mode=2&idchampionship=00000002&idseason=00000001,0000000F,00000015,ΜΑΡΟΥΣΙ,13,24,True
2011-12,00000186,ΚΑΜΠΟΥΡΗΣ Θεόδωρος,,1,0.73,0.73,True,Manual review of blank country,False,https://www.esake.gr/el/action/EsakeStats?mode=2&idchampionship=00000002&idseason=00000001,00000006,00000006,ΗΛΥΣΙΑΚΟΣ,11,24,True
2011-12,00000189,ΚΑΝΟΝΙΔΗΣ Ανδρέας,ΕΛΛΑΔΑ,7,29.27,204.89,True,ESAKE country,False,https://www.esake.gr/el/action/EsakeStats?mode=2&idchampionship=00000002&idseason=00000001,0000000F,00000015,ΜΑΡΟΥΣΙ,13,24,True
2011-12,00000195,ΚΑΡΑΘΑΝΑΣΗΣ Γιάννης,ΕΛΛΑΔΑ,5,7.38,36.9,True,ESAKE country,False,https://www.esake.gr/el/action/EsakeStats?mode=2&idchampionship=00000002&idseason=00000001,00000008,00000008,ΚΑΒΑΛΑ,6,24,False
2011-12,00000199,ΚΑΡΑΜΠΟΥΛΑΣ Βαγγέλης,,22,16.85,370.7,True,Manual review of blank country,False,https://www.esake.gr/el/action/EsakeStats?mode=2&idchampionship=00000002&idseason=00000001,00000007,00000007,ΙΚΑΡΟΣ LUCY HTL,10,24,True
2011-12,0000019B,ΚΑΡΑΠΟΣΤΟΛΟΥ Σωτήρης,,24,28.05,673.2,True,Manual review of blank country,False,https://www.esake.gr/el/action/EsakeStats?mode=2&idchampionship=00000002&idseason=00000001,00000008,00000008,ΚΑΒΑΛΑ,6,24,False
2011-12,000001AB,ΚΑΡΤΕΡΟΛΙΩΤΗΣ Ευθύμιος,,2,2.03,4.06,True,Manual review of blank country,False,https://www.esake.gr/el/action/EsakeStats?mode=2&idchampionship=00000002&idseason=00000001,0000000F,00000015,ΜΑΡΟΥΣΙ,13,24,True
2011-12,000001AC,ΚΑΡΥΔΑΣ Σάκης,,20,19.16,383.2,True,Manual review of blank country,False,https://www.esake.gr/el/action/EsakeStats?mode=2&idchampionship=00000002&idseason=00000001,00000009,00000009,ΚΑΟΔ AM.GENETICS,9,24,True
2011-12,000001AD,ΚΑΣΕΛΑΚΗΣ Λεωνίδας,ΕΛΛΑΔΑ,24,25.42,610.08,True,ESAKE country,False,https://www.esake.gr/el/action/EsakeStats?mode=2&idchampionship=00000002&idseason=00000001,00000006,00000006,ΗΛΥΣΙΑΚΟΣ,11,24,True
2011-12,000001B9,ΚΑΤΣΑΡΕΣ Νίκος,,23,6.29,144.67,True,Manual review of blank country,False,https://www.esake.gr/el/action/EsakeStats?mode=2&idchampionship=00000002&idseason=00000001,0000000E,00000014,ΡΕΘΥΜΝΟ CRETAN KINGS,4,24,False
2011-12,000001BC,ΚΑΤΣΙΒΕΛΗΣ Δημήτρης,ΕΛΛΑΔΑ,9,8.07,72.63,True,ESAKE country,False,https://www.esake.gr/el/action/EsakeStats?mode=2&idchampionship=00000002&idseason=00000001,00000002,00000002,ΟΛΥΜΠΙΑΚΟΣ,1,24,False
2011-12,000001C1,ΚΑΥΚΗΣ Παναγιώτης,ΕΛΛΑΔΑ,22,19.51,429.22,True,ESAKE country,False,https://www.esake.gr/el/action/EsakeStats?mode=2&idchampionship=00000002&idseason=00000001,0000000D,00000013,ΠΕΡΙΣΤΕΡΙ Betsson,12,24,True
2011-12,000001CA,ΚΕΡΟΥΣ Σέρχιο,,24,19.59,470.16,False,Manual review of blank country,False,https://www.esake.gr/el/action/EsakeStats?mode=2&idchampionship=00000002&idseason=00000001,00000005,00000005,ΑΡΗΣ,7,24,False
2011-12,000001CB,ΚΕΣΕΛ Μάρκο,ΣΕΡΒΙΑ,17,16.08,273.36,False,ESAKE country,False,https://www.esake.gr/el/action/EsakeStats?mode=2&idchampionship=00000002&idseason=00000001,00000002,00000002,ΟΛΥΜΠΙΑΚΟΣ,1,24,False
2011-12,000001CE,ΚΕΦΑΛΑΣ Δημήτριος,,1,13.73,13.73,True,Manual review of blank country,False,https://www.esake.gr/el/action/EsakeStats?mode=2&idchampionship=00000002&idseason=00000001,00000007,00000007,ΙΚΑΡΟΣ LUCY HTL,10,24,True
2011-12,000001CF,ΚΕΧΡΗΣ Ευάγγελος,,1,1.03,1.03,True,Manual review of blank country,False,https://www.esake.gr/el/action/EsakeStats?mode=2&idchampionship=00000002&idseason=00000001,0000000F,00000015,ΜΑΡΟΥΣΙ,13,24,True
2011-12,000001D7,ΚΙΝΓΚ Μάικλ,,7,28.48,199.36,False,Manual review of blank country,False,https://www.esake.gr/el/action/EsakeStats?mode=2&idchampionship=00000002&idseason=00000001,00000007,00000007,ΙΚΑΡΟΣ LUCY HTL,10,24,True
2011-12,000001DA,ΚΙΣ Μπίλι,,24,28.24,677.76,False,Manual review of blank country,False,https://www.esake.gr/el/action/EsakeStats?mode=2&idchampionship=00000002&idseason=00000001,00000003,00000003,ΠΑΝΙΩΝΙΟΣ COSMORAMA TRAVEL,5,24,False
2011-12,000001DB,ΚΙΤΣΟΥΛΗΣ Βασίλης,,24,14.34,344.16,True,Manual review of blank country,False,https://www.esake.gr/el/action/EsakeStats?mode=2&idchampionship=00000002&idseason=00000001,00000009,00000009,ΚΑΟΔ AM.GENETICS,9,24,True
2011-12,000001E4,ΚΟΓΙΑΝΤΙΝΟΒΙΤΣ Φέλιξ,,7,24.11,168.77,False,Manual review of blank country,False,https://www.esake.gr/el/action/EsakeStats?mode=2&idchampionship=00000002&idseason=00000001,0000000F,00000015,ΜΑΡΟΥΣΙ,13,24,True
2011-12,000001E7,ΚΟΛΕΜΑΝ Τζερόμ,,2,14.28,28.56,False,Manual review of blank country,False,https://www.esake.gr/el/action/EsakeStats?mode=2&idchampionship=00000002&idseason=00000001,0000000E,00000014,ΡΕΘΥΜΝΟ CRETAN KINGS,4,24,False
2011-12,000001EE,ΚΟΜΜΑΤΟΣ Νέστωρ,ΕΛΛΑΔΑ,16,35.58,569.28,True,ESAKE country,False,https://www.esake.gr/el/action/EsakeStats?mode=2&idchampionship=00000002&idseason=00000001,0000000F,00000015,ΜΑΡΟΥΣΙ,13,24,True
2011-12,000001EF,ΚΟΜΠΟΔΙΕΤΑΣ Δημήτρης,ΕΛΛΑΔΑ,16,8.33,133.28,True,ESAKE country,False,https://www.esake.gr/el/action/EsakeStats?mode=2&idchampionship=00000002&idseason=00000001,0000000A,00000010,ΚΟΛΟΣΣΟΣ H HOTELS COLLECTION,3,24,False
2011-12,00000200,ΚΟΣΤΟΒ Τσάβνταρ,ΒΟΥΛΓΑΡΙΑ,23,20.07,461.61,False,ESAKE country,False,https://www.esake.gr/el/action/EsakeStats?mode=2&idchampionship=00000002&idseason=00000001,00000008,00000008,ΚΑΒΑΛΑ,6,24,False
2011-12,00000210,ΚΟΥΜΟΥΛΟΣ Γιώργος,,23,6.3,144.9,True,Manual review of blank country,False,https://www.esake.gr/el/action/EsakeStats?mode=2&idchampionship=00000002&idseason=00000001,0000000E,00000014,ΡΕΘΥΜΝΟ CRETAN KINGS,4,24,False
2011-12,00000212,ΚΟΥΜΠΟΥΡΑΣ Φάνης,ΕΛΛΑΔΑ,23,22.12,508.76,True,ESAKE country,False,https://www.esake.gr/el/action/EsakeStats?mode=2&idchampionship=00000002&idseason=00000001,00000007,00000007,ΙΚΑΡΟΣ LUCY HTL,10,24,True
2011-12,00000222,ΚΟΧΑΝΤΑΡΕΒΙΤΣ Ντάρκο,,11,15.77,173.47,False,Manual review of blank country,False,https://www.esake.gr/el/action/EsakeStats?mode=2&idchampionship=00000002&idseason=00000001,00000006,00000006,ΗΛΥΣΙΑΚΟΣ,11,24,True
2011-12,00000227,ΚΡΙΣΤΜΑΣ Ντιόντε,ΗΠΑ,24,31.99,767.76,False,ESAKE country,False,https://www.esake.gr/el/action/EsakeStats?mode=2&idchampionship=00000002&idseason=00000001,0000000E,00000014,ΡΕΘΥΜΝΟ CRETAN KINGS,4,24,False
2011-12,0000022B,ΚΡΟΥΣΙΤΣ Ματέι,,22,9.99,219.78,False,Manual review of blank country,False,https://www.esake.gr/el/action/EsakeStats?mode=2&idchampionship=00000002&idseason=00000001,00000005,00000005,ΑΡΗΣ,7,24,False
2011-12,0000022F,ΚΥΡΙΤΣΗΣ Αλέξης,ΕΛΛΑΔΑ,9,11.05,99.45,True,ESAKE country,False,https://www.esake.gr/el/action/EsakeStats?mode=2&idchampionship=00000002&idseason=00000001,00000001,00000001,ΠΑΝΑΘΗΝΑΪΚΟΣ AKTOR,2,24,False
2011-12,00000245,ΛΑΡΕΝΤΖΑΚΗΣ Γιαννούλης,ΕΛΛΑΔΑ,12,8.92,107.04,True,ESAKE country,False,https://www.esake.gr/el/action/EsakeStats?mode=2&idchampionship=00000002&idseason=00000001,00000007,00000007,ΙΚΑΡΟΣ LUCY HTL,10,24,True
2011-12,00000249,ΛΑΤΟΒΙΤΣ Νταμίρ,ΣΕΡΒΙΑ,24,21.65,519.6,False,ESAKE country,False,https://www.esake.gr/el/action/EsakeStats?mode=2&idchampionship=00000002&idseason=00000001,0000000E,00000014,ΡΕΘΥΜΝΟ CRETAN KINGS,4,24,False
2011-12,00000255,ΛΙΑΚΟΠΟΥΛΟΣ Νίκος,ΕΛΛΑΔΑ,24,20.76,498.24,True,ESAKE country,False,https://www.esake.gr/el/action/EsakeStats?mode=2&idchampionship=00000002&idseason=00000001,0000000A,00000010,ΚΟΛΟΣΣΟΣ H HOTELS COLLECTION,3,24,False
2011-12,00000261,ΛΙΟΥΜΠΙΣΙΤΣ Μάρκο,,23,21.57,496.11,False,Manual review of blank country,False,https://www.esake.gr/el/action/EsakeStats?mode=2&idchampionship=00000002&idseason=00000001,00000007,00000007,ΙΚΑΡΟΣ LUCY HTL,10,24,True
2011-12,00000262,ΛΟ Έισι,ΗΠΑ,8,17.13,137.04,False,ESAKE country,False,https://www.esake.gr/el/action/EsakeStats?mode=2&idchampionship=00000002&idseason=00000001,00000002,00000002,ΟΛΥΜΠΙΑΚΟΣ,1,24,False
2011-12,00000263,ΛΟΓΚΑΝ Ντέιβιντ,,23,19.3,443.9,False,Manual review of blank country,False,https://www.esake.gr/el/action/EsakeStats?mode=2&idchampionship=00000002&idseason=00000001,00000001,00000001,ΠΑΝΑΘΗΝΑΪΚΟΣ AKTOR,2,24,False
2011-12,0000026F,ΛΟΥΚΑΣ Κειλίν,,11,20.14,221.54,False,Manual review of blank country,False,https://www.esake.gr/el/action/EsakeStats?mode=2&idchampionship=00000002&idseason=00000001,00000002,00000002,ΟΛΥΜΠΙΑΚΟΣ,1,24,False
2011-12,00000299,ΜΑΝΤΑΛΒΑΝΟΣ Γεράσιμος,,8,5.66,45.28,True,Manual review of blank country,False,https://www.esake.gr/el/action/EsakeStats?mode=2&idchampionship=00000002&idseason=00000001,0000000F,00000015,ΜΑΡΟΥΣΙ,13,24,True
2011-12,0000029C,ΜΑΝΤΖΑΡΗΣ Βαγγέλης,ΕΛΛΑΔΑ,19,16.97,322.43,True,ESAKE country,False,https://www.esake.gr/el/action/EsakeStats?mode=2&idchampionship=00000002&idseason=00000001,00000002,00000002,ΟΛΥΜΠΙΑΚΟΣ,1,24,False
2011-12,000002A2,ΜΑΝΩΛΟΠΟΥΛΟΣ Σωτήρης,ΕΛΛΑΔΑ,19,18.49,351.31,True,ESAKE country,False,https://www.esake.gr/el/action/EsakeStats?mode=2&idchampionship=00000002&idseason=00000001,0000000D,00000013,ΠΕΡΙΣΤΕΡΙ Betsson,12,24,True
2011-12,000002AD,ΜΑΡΙΤΣ Αλεκς,,21,11.39,239.19,False,Manual review of blank country,False,https://www.esake.gr/el/action/EsakeStats?mode=2&idchampionship=00000002&idseason=00000001,00000001,00000001,ΠΑΝΑΘΗΝΑΪΚΟΣ AKTOR,2,24,False
2011-12,000002B4,ΜΑΡΟΥΓΚΑΣ Σωτήρης,ΕΛΛΑΔΑ,7,1.85,12.95,True,ESAKE country,False,https://www.esake.gr/el/action/EsakeStats?mode=2&idchampionship=00000002&idseason=00000001,0000000D,00000013,ΠΕΡΙΣΤΕΡΙ Betsson,12,24,True
2011-12,000002BF,ΜΑΤΑΛΩΝ Μάριος,ΕΛΛΑΔΑ,19,10.4,197.6,True,ESAKE country,False,https://www.esake.gr/el/action/EsakeStats?mode=2&idchampionship=00000002&idseason=00000001,00000006,00000006,ΗΛΥΣΙΑΚΟΣ,11,24,True
2011-12,EF90BC21,ΜΑΥΡΟΕΙΔΗΣ Ντάνιελ,ΕΛΛΑΔΑ,23,17.82,409.86,True,ESAKE country,False,https://www.esake.gr/el/action/EsakeStats?mode=2&idchampionship=00000002&idseason=00000001,00000005,00000005,ΑΡΗΣ,7,24,False
2011-12,00000709,ΜΗΤΣΙΑΛΟΣ Αλέξανδρος,,0,0.0,0.0,True,Manual review of blank country,False,https://www.esake.gr/el/action/EsakeStats?mode=2&idchampionship=00000002&idseason=00000001,00000007,00000007,ΙΚΑΡΟΣ LUCY HTL,10,24,True
2011-12,000002E9,ΜΙΣΕΛ Γκάι Μαρκ,ΓΑΛΛΙΑ,23,12.63,290.49,False,ESAKE country,False,https://www.esake.gr/el/action/EsakeStats?mode=2&idchampionship=00000002&idseason=00000001,00000009,00000009,ΚΑΟΔ AM.GENETICS,9,24,True
2011-12,000002ED,ΜΙΤΡΟΒΙΤΣ Αλεξάνταρ,,6,6.0,36.0,False,Manual review of blank country,False,https://www.esake.gr/el/action/EsakeStats?mode=2&idchampionship=00000002&idseason=00000001,0000000D,00000013,ΠΕΡΙΣΤΕΡΙ Betsson,12,24,True
2011-12,000002F6,ΜΟΝΡΟ Κρις,,4,19.67,78.68,False,Manual review of blank country,False,https://www.esake.gr/el/action/EsakeStats?mode=2&idchampionship=00000002&idseason=00000001,00000009,00000009,ΚΑΟΔ AM.GENETICS,9,24,True
2011-12,00000305,ΜΟΤΣΕΝΙΓΟΣ Σπύρος,ΕΛΛΑΔΑ,6,12.22,73.32,True,ESAKE country,False,https://www.esake.gr/el/action/EsakeStats?mode=2&idchampionship=00000002&idseason=00000001,0000000E,00000014,ΡΕΘΥΜΝΟ CRETAN KINGS,4,24,False
2011-12,00000306,ΜΟΤΣΝΙΚ Γιούρε,,14,29.6,414.4,False,Manual review of blank country,False,https://www.esake.gr/el/action/EsakeStats?mode=2&idchampionship=00000002&idseason=00000001,0000000D,00000013,ΠΕΡΙΣΤΕΡΙ Betsson,12,24,True
2011-12,0000030B,ΜΟΥΛΝΤΡΟΟΥ Σαμ,,24,22.48,539.52,False,Manual review of blank country,False,https://www.esake.gr/el/action/EsakeStats?mode=2&idchampionship=00000002&idseason=00000001,00000005,00000005,ΑΡΗΣ,7,24,False
2011-12,00000314,ΜΠΑΒΤΣΙΤΣ Έντιν,ΒΟΣΝΙΑ,18,25.07,451.26,False,ESAKE country,False,https://www.esake.gr/el/action/EsakeStats?mode=2&idchampionship=00000002&idseason=00000001,00000009,00000009,ΚΑΟΔ AM.GENETICS,9,24,True
2011-12,00000326,ΜΠΑΞΤΕΡ Τζίμι,,12,32.01,384.12,False,Manual review of blank country,False,https://www.esake.gr/el/action/EsakeStats?mode=2&idchampionship=00000002&idseason=00000001,00000007,00000007,ΙΚΑΡΟΣ LUCY HTL,10,24,True
2011-12,0000032B,ΜΠΑΡΛΟΣ Νίκος,ΕΛΛΑΔΑ,12,17.2,206.4,True,ESAKE country,False,https://www.esake.gr/el/action/EsakeStats?mode=2&idchampionship=00000002&idseason=00000001,00000003,00000003,ΠΑΝΙΩΝΙΟΣ COSMORAMA TRAVEL,5,24,False
2011-12,00000333,ΜΠΑΤΗΣ Μάριος,ΕΛΛΑΔΑ,16,21.84,349.44,True,ESAKE country,False,https://www.esake.gr/el/action/EsakeStats?mode=2&idchampionship=00000002&idseason=00000001,00000003,00000003,ΠΑΝΙΩΝΙΟΣ COSMORAMA TRAVEL,5,24,False
2011-12,00000334,ΜΠΑΤΙΣΤ Μάικ,ΗΠΑ,22,15.97,351.34,False,ESAKE country,False,https://www.esake.gr/el/action/EsakeStats?mode=2&idchampionship=00000002&idseason=00000001,00000001,00000001,ΠΑΝΑΘΗΝΑΪΚΟΣ AKTOR,2,24,False
2011-12,0000033D,ΜΠΕΪΝΣ Άρον,,23,27.95,642.85,False,Manual review of blank country,False,https://www.esake.gr/el/action/EsakeStats?mode=2&idchampionship=00000002&idseason=00000001,00000007,00000007,ΙΚΑΡΟΣ LUCY HTL,10,24,True
2011-12,0000033F,ΜΠΕΚ Ρόμελ,ΗΠΑ,16,25.06,400.96,False,ESAKE country,False,https://www.esake.gr/el/action/EsakeStats?mode=2&idchampionship=00000002&idseason=00000001,00000007,00000007,ΙΚΑΡΟΣ LUCY HTL,10,24,True
2011-12,00000345,ΜΠΕΜΠΗΣ Βαγγέλης,ΕΛΛΑΔΑ,1,0.23,0.23,True,ESAKE country,False,https://www.esake.gr/el/action/EsakeStats?mode=2&idchampionship=00000002&idseason=00000001,00000006,00000006,ΗΛΥΣΙΑΚΟΣ,11,24,True
2011-12,00000346,ΜΠΕΝΑΣ Σταμάτης,ΕΛΛΑΔΑ,17,4.96,84.32,True,ESAKE country,False,https://www.esake.gr/el/action/EsakeStats?mode=2&idchampionship=00000002&idseason=00000001,00000009,00000009,ΚΑΟΔ AM.GENETICS,9,24,True
2011-12,00000362,Μπόατεγκ Έρικ,,7,18.16,127.12,False,Manual review of blank country,False,https://www.esake.gr/el/action/EsakeStats?mode=2&idchampionship=00000002&idseason=00000001,0000000D,00000013,ΠΕΡΙΣΤΕΡΙ Betsson,12,24,True
2011-12,00000364,Μπόγιοβιτς Μίλος,,5,12.95,64.75,False,Manual review of blank country,False,https://www.esake.gr/el/action/EsakeStats?mode=2&idchampionship=00000002&idseason=00000001,0000000C,00000012,ΠΑΟΚ,8,24,True
2011-12,00000366,ΜΠΟΓΡΗΣ Γιώργος,ΕΛΛΑΔΑ,17,18.03,306.51,True,ESAKE country,False,https://www.esake.gr/el/action/EsakeStats?mode=2&idchampionship=00000002&idseason=00000001,00000005,00000005,ΑΡΗΣ,7,24,False
2011-12,00000369,Μπόικιν Ρούμπιν,,24,27.25,654.0,False,Manual review of blank country,False,https://www.esake.gr/el/action/EsakeStats?mode=2&idchampionship=00000002&idseason=00000001,0000000A,00000010,ΚΟΛΟΣΣΟΣ H HOTELS COLLECTION,3,24,False
2011-12,0000036B,ΜΠΟΪΣΑ Βλάντιμιρ,,9,15.22,136.98,False,Manual review of blank country,False,https://www.esake.gr/el/action/EsakeStats?mode=2&idchampionship=00000002&idseason=00000001,00000003,00000003,ΠΑΝΙΩΝΙΟΣ COSMORAMA TRAVEL,5,24,False
2011-12,0000037E,ΜΠΟΧΩΡΙΔΗΣ Ελευθέριος,ΕΛΛΑΔΑ,10,5.21,52.1,True,ESAKE country,False,https://www.esake.gr/el/action/EsakeStats?mode=2&idchampionship=00000002&idseason=00000001,00000005,00000005,ΑΡΗΣ,7,24,False
2011-12,00000399,ΝΑΓΚΙΣ Τόμας,,1,1.83,1.83,False,Manual review of blank country,False,https://www.esake.gr/el/action/EsakeStats?mode=2&idchampionship=00000002&idseason=00000001,0000000E,00000014,ΡΕΘΥΜΝΟ CRETAN KINGS,4,24,False
2011-12,0000039C,ΝΑΝΤΖΦΕΪ Στέφαν,ΣΕΡΒΙΑ,24,19.23,461.52,False,ESAKE country,False,https://www.esake.gr/el/action/EsakeStats?mode=2&idchampionship=00000002&idseason=00000001,00000003,00000003,ΠΑΝΙΩΝΙΟΣ COSMORAMA TRAVEL,5,24,False
2011-12,000003AC,ΝΙΚΟΛΑΪΔΗΣ Πρόδρομος,,19,22.79,433.01,True,Manual review of blank country,False,https://www.esake.gr/el/action/EsakeStats?mode=2&idchampionship=00000002&idseason=00000001,0000000F,00000015,ΜΑΡΟΥΣΙ,13,24,True
2011-12,000003C4,ΝΤΑΜΙΑΝΟΒΙΤΣ Αλεξάνταρ,,3,14.8,44.4,False,Manual review of blank country,False,https://www.esake.gr/el/action/EsakeStats?mode=2&idchampionship=00000002&idseason=00000001,00000008,00000008,ΚΑΒΑΛΑ,6,24,False
2011-12,000003CC,ΝΤΕΪΒΙΣ Ρόλαντ,,20,28.25,565.0,False,Manual review of blank country,False,https://www.esake.gr/el/action/EsakeStats?mode=2&idchampionship=00000002&idseason=00000001,00000005,00000005,ΑΡΗΣ,7,24,False
2011-12,000003DC,ΝΤΙΚΟΥΔΗΣ Δήμος,,24,29.82,715.68,True,Manual review of blank country,False,https://www.esake.gr/el/action/EsakeStats?mode=2&idchampionship=00000002&idseason=00000001,0000000C,00000012,ΠΑΟΚ,8,24,True
2011-12,000003DD,ΝΤΙΜΠΛΕΡ Τζον,,24,24.01,576.24,False,Manual review of blank country,False,https://www.esake.gr/el/action/EsakeStats?mode=2&idchampionship=00000002&idseason=00000001,00000003,00000003,ΠΑΝΙΩΝΙΟΣ COSMORAMA TRAVEL,5,24,False
2011-12,000003EF,ΝΤΟΡΣΕΪ Τζόε,ΗΠΑ,11,16.84,185.24,False,ESAKE country,False,https://www.esake.gr/el/action/EsakeStats?mode=2&idchampionship=00000002&idseason=00000001,00000002,00000002,ΟΛΥΜΠΙΑΚΟΣ,1,24,False
2011-12,000003F0,ΝΤΟΥΒΝΙΑΚ Ούρος,ΣΕΡΒΙΑ,9,25.83,232.47,False,ESAKE country,False,https://www.esake.gr/el/action/EsakeStats?mode=2&idchampionship=00000002&idseason=00000001,0000000C,00000012,ΠΑΟΚ,8,24,True
2011-12,000003F5,ΞΑΝΘΟΠΟΥΛΟΣ Βασίλης,ΕΛΛΑΔΑ,24,25.9,621.6,True,ESAKE country,False,https://www.esake.gr/el/action/EsakeStats?mode=2&idchampionship=00000002&idseason=00000001,00000003,00000003,ΠΑΝΙΩΝΙΟΣ COSMORAMA TRAVEL,5,24,False
2011-12,000003FB,Ο' ΜΠΡΑΪΑΝΤ Πάτρικ,,19,22.49,427.31,False,Manual review of blank country,False,https://www.esake.gr/el/action/EsakeStats?mode=2&idchampionship=00000002&idseason=00000001,00000008,00000008,ΚΑΒΑΛΑ,6,24,False
2011-12,00000401,ΟΙΚΟΝΟΜΟΠΟΥΛΟΣ Ανδρέας,ΕΛΛΑΔΑ,2,0.94,1.88,True,ESAKE country,False,https://www.esake.gr/el/action/EsakeStats?mode=2&idchampionship=00000002&idseason=00000001,00000007,00000007,ΙΚΑΡΟΣ LUCY HTL,10,24,True
2011-12,00000406,ΟΛΙΒΕΡ Άντριαν,,3,25.94,77.82,False,Manual review of blank country,False,https://www.esake.gr/el/action/EsakeStats?mode=2&idchampionship=00000002&idseason=00000001,00000005,00000005,ΑΡΗΣ,7,24,False
2011-12,0000043F,ΠΑΝΑΓΙΩΤΑΡΑΣ Σπύρος,,1,1.65,1.65,True,Manual review of blank country,False,https://www.esake.gr/el/action/EsakeStats?mode=2&idchampionship=00000002&idseason=00000001,00000007,00000007,ΙΚΑΡΟΣ LUCY HTL,10,24,True
2011-12,00000446,ΠΑΝΟΣ Στηβ,ΕΛΛΑΔΑ,23,11.87,273.01,True,ESAKE country,False,https://www.esake.gr/el/action/EsakeStats?mode=2&idchampionship=00000002&idseason=00000001,0000000A,00000010,ΚΟΛΟΣΣΟΣ H HOTELS COLLECTION,3,24,False
2011-12,00000451,ΠΑΠΑΓΙΑΝΝΗΣ Γιώργος,ΕΛΛΑΔΑ,6,3.76,22.56,True,ESAKE country,False,https://www.esake.gr/el/action/EsakeStats?mode=2&idchampionship=00000002&idseason=00000001,0000000D,00000013,ΠΕΡΙΣΤΕΡΙ Betsson,12,24,True
2011-12,00000460,ΠΑΠΑΔΟΠΟΥΛΟΣ Λάζαρος,,10,10.63,106.3,True,Manual review of blank country,False,https://www.esake.gr/el/action/EsakeStats?mode=2&idchampionship=00000002&idseason=00000001,00000002,00000002,ΟΛΥΜΠΙΑΚΟΣ,1,24,False
2011-12,00000468,ΠΑΠΑΝΙΚΟΛΑΟΥ Κώστας,ΕΛΛΑΔΑ,23,20.36,468.28,True,ESAKE country,False,https://www.esake.gr/el/action/EsakeStats?mode=2&idchampionship=00000002&idseason=00000001,00000002,00000002,ΟΛΥΜΠΙΑΚΟΣ,1,24,False
2011-12,00000469,ΠΑΠΑΝΙΚΟΛΑΟΥ Νίκος,,24,18.23,437.52,True,Manual review of blank country,False,https://www.esake.gr/el/action/EsakeStats?mode=2&idchampionship=00000002&idseason=00000001,0000000E,00000014,ΡΕΘΥΜΝΟ CRETAN KINGS,4,24,False
2011-12,0000046B,ΠΑΠΑΝΙΚΟΛΟΠΟΥΛΟΣ Νίκος,ΕΛΛΑΔΑ,20,15.34,306.8,True,ESAKE country,False,https://www.esake.gr/el/action/EsakeStats?mode=2&idchampionship=00000002&idseason=00000001,00000006,00000006,ΗΛΥΣΙΑΚΟΣ,11,24,True
2011-12,0000046F,ΠΑΠΑΝΤΩΝΙΟΥ Νώντας,ΕΛΛΑΔΑ,23,20.16,463.68,True,ESAKE country,False,https://www.esake.gr/el/action/EsakeStats?mode=2&idchampionship=00000002&idseason=00000001,0000000D,00000013,ΠΕΡΙΣΤΕΡΙ Betsson,12,24,True
2011-12,00000472,ΠΑΠΑΡΓΥΡΟΠΟΥΛΟΣ Ρήγας,,14,10.61,148.54,True,Manual review of blank country,False,https://www.esake.gr/el/action/EsakeStats?mode=2&idchampionship=00000002&idseason=00000001,00000007,00000007,ΙΚΑΡΟΣ LUCY HTL,10,24,True
2011-12,00000475,ΠΑΠΑΦΛΩΡΑΤΟΣ Στέλιος,,2,1.0,2.0,True,Manual review of blank country,False,https://www.esake.gr/el/action/EsakeStats?mode=2&idchampionship=00000002&idseason=00000001,0000000F,00000015,ΜΑΡΟΥΣΙ,13,24,True
2011-12,0000047A,ΠΑΠΠΑΣ Νίκος,ΕΛΛΑΔΑ,9,18.76,168.84,True,ESAKE country,False,https://www.esake.gr/el/action/EsakeStats?mode=2&idchampionship=00000002&idseason=00000001,0000000C,00000012,ΠΑΟΚ,8,24,True
2011-12,0000047D,ΠΑΡΑΓΥΙΟΣ Μιχάλης,,20,9.55,191.0,True,Manual review of blank country,False,https://www.esake.gr/el/action/EsakeStats?mode=2&idchampionship=00000002&idseason=00000001,00000003,00000003,ΠΑΝΙΩΝΙΟΣ COSMORAMA TRAVEL,5,24,False
2011-12,00000483,ΠΑΣΑΛΙΤΣ Μοχάμεντ,ΒΟΣΝΙΑ,24,27.63,663.12,False,ESAKE country,False,https://www.esake.gr/el/action/EsakeStats?mode=2&idchampionship=00000002&idseason=00000001,00000008,00000008,ΚΑΒΑΛΑ,6,24,False
2011-12,00000496,ΠΕΛΕΚΑΝΟΣ Μιχάλης,ΕΛΛΑΔΑ,17,13.8,234.6,True,ESAKE country,False,https://www.esake.gr/el/action/EsakeStats?mode=2&idchampionship=00000002&idseason=00000001,00000002,00000002,ΟΛΥΜΠΙΑΚΟΣ,1,24,False
2011-12,0000049F,ΠΕΡΠΕΡΟΓΛΟΥ Στράτος,ΕΛΛΑΔΑ,13,21.26,276.38,True,ESAKE country,False,https://www.esake.gr/el/action/EsakeStats?mode=2&idchampionship=00000002&idseason=00000001,00000001,00000001,ΠΑΝΑΘΗΝΑΪΚΟΣ AKTOR,2,24,False
2011-12,000004A3,ΠΕΤΓΟΥΕΪ Άαρον,,11,16.22,178.42,False,Manual review of blank country,False,https://www.esake.gr/el/action/EsakeStats?mode=2&idchampionship=00000002&idseason=00000001,0000000C,00000012,ΠΑΟΚ,8,24,True
2011-12,000004A4,ΠΕΤΓΟΥΕΪ Μπρεντ,ΗΠΑ,24,25.53,612.72,False,ESAKE country,False,https://www.esake.gr/el/action/EsakeStats?mode=2&idchampionship=00000002&idseason=00000001,0000000E,00000014,ΡΕΘΥΜΝΟ CRETAN KINGS,4,24,False
2011-12,000004A9,ΠΕΤΡΟΥΛΑΣ Αλέξανδρος,,18,20.88,375.84,True,Manual review of blank country,False,https://www.esake.gr/el/action/EsakeStats?mode=2&idchampionship=00000002&idseason=00000001,0000000D,00000013,ΠΕΡΙΣΤΕΡΙ Betsson,12,24,True
2011-12,000004AE,ΠΙΕΒΑΛΙΤΣΑ Νικόλαος,,1,1.28,1.28,True,Manual review of blank country,False,https://www.esake.gr/el/action/EsakeStats?mode=2&idchampionship=00000002&idseason=00000001,00000008,00000008,ΚΑΒΑΛΑ,6,24,False
2011-12,000004BB,ΠΟΛΥΤΑΡΧΟΥ Μιχάλης,ΕΛΛΑΔΑ,21,8.65,181.65,True,ESAKE country,False,https://www.esake.gr/el/action/EsakeStats?mode=2&idchampionship=00000002&idseason=00000001,00000007,00000007,ΙΚΑΡΟΣ LUCY HTL,10,24,True
2011-12,000004C2,ΠΟΥΛΚΟ Χβρόγε,,4,12.46,49.84,False,Manual review of blank country,False,https://www.esake.gr/el/action/EsakeStats?mode=2&idchampionship=00000002&idseason=00000001,0000000D,00000013,ΠΕΡΙΣΤΕΡΙ Betsson,12,24,True
2011-12,000004C4,ΠΡΕΚΑΣ Τρύφωνας,,5,9.31,46.55,True,Manual review of blank country,False,https://www.esake.gr/el/action/EsakeStats?mode=2&idchampionship=00000002&idseason=00000001,0000000D,00000013,ΠΕΡΙΣΤΕΡΙ Betsson,12,24,True
2011-12,000004C7,ΠΡΙΝΤΕΖΗΣ Γιώργος,ΕΛΛΑΔΑ,24,21.0,504.0,True,ESAKE country,False,https://www.esake.gr/el/action/EsakeStats?mode=2&idchampionship=00000002&idseason=00000001,00000002,00000002,ΟΛΥΜΠΙΑΚΟΣ,1,24,False
2011-12,000004D2,ΡΑΪΤ Ζακ,ΒΟΣΝΙΑ,22,29.11,640.42,False,ESAKE country,False,https://www.esake.gr/el/action/EsakeStats?mode=2&idchampionship=00000002&idseason=00000001,0000000E,00000014,ΡΕΘΥΜΝΟ CRETAN KINGS,4,24,False
2011-12,000004D4,ΡΑΪΤ Ρασάντ,,11,27.43,301.73,False,Manual review of blank country,False,https://www.esake.gr/el/action/EsakeStats?mode=2&idchampionship=00000002&idseason=00000001,0000000C,00000012,ΠΑΟΚ,8,24,True
2011-12,000004D6,ΡΑΚΙΤΣ Μίλιαν,,2,12.23,24.46,False,Manual review of blank country,False,https://www.esake.gr/el/action/EsakeStats?mode=2&idchampionship=00000002&idseason=00000001,00000009,00000009,ΚΑΟΔ AM.GENETICS,9,24,True
2011-12,000004FB,ΡΟΜΠΙ  Ρίτσαρντ,,8,29.05,232.4,False,Manual review of blank country,False,https://www.esake.gr/el/action/EsakeStats?mode=2&idchampionship=00000002&idseason=00000001,0000000D,00000013,ΠΕΡΙΣΤΕΡΙ Betsson,12,24,True
2011-12,00000510,ΣΑΚΕΛΛΑΡΙΟΥ Δημήτρης,ΕΛΛΑΔΑ,21,13.45,282.45,True,ESAKE country,False,https://www.esake.gr/el/action/EsakeStats?mode=2&idchampionship=00000002&idseason=00000001,0000000F,00000015,ΜΑΡΟΥΣΙ,13,24,True
2011-12,0000051D,ΣΑΝΤΕΡΣ Τζαμάρ,ΗΠΑ,6,25.76,154.56,False,ESAKE country,False,https://www.esake.gr/el/action/EsakeStats?mode=2&idchampionship=00000002&idseason=00000001,00000009,00000009,ΚΑΟΔ AM.GENETICS,9,24,True
2011-12,00000522,ΣΑΡΙΚΟΠΟΥΛΟΣ Ζήσης,ΕΛΛΑΔΑ,21,7.67,161.07,True,ESAKE country,False,https://www.esake.gr/el/action/EsakeStats?mode=2&idchampionship=00000002&idseason=00000001,00000003,00000003,ΠΑΝΙΩΝΙΟΣ COSMORAMA TRAVEL,5,24,False
2011-12,00000526,ΣΑΤΟ Ρομέιν,ΚΕΝΤΡΟΑΦΡΙΚΑΝΙΚΗ ΔΗΜΟΚΡΑΤΙΑ,23,20.61,474.03,False,ESAKE country,False,https://www.esake.gr/el/action/EsakeStats?mode=2&idchampionship=00000002&idseason=00000001,00000001,00000001,ΠΑΝΑΘΗΝΑΪΚΟΣ AKTOR,2,24,False
2011-12,00000530,Σένσλι Τζούλιαν,,4,22.28,89.12,False,Manual review of blank country,False,https://www.esake.gr/el/action/EsakeStats?mode=2&idchampionship=00000002&idseason=00000001,00000007,00000007,ΙΚΑΡΟΣ LUCY HTL,10,24,True
2011-12,0000059C,ΣΙΜΤΣΑΚ Βασίλης,ΕΛΛΑΔΑ,24,27.21,653.04,True,ESAKE country,False,https://www.esake.gr/el/action/EsakeStats?mode=2&idchampionship=00000002&idseason=00000001,00000008,00000008,ΚΑΒΑΛΑ,6,24,False
2011-12,00000554,ΣΚΟΡΔΙΛΗΣ Γάιος,ΕΛΛΑΔΑ,16,14.14,226.24,True,ESAKE country,False,https://www.esake.gr/el/action/EsakeStats?mode=2&idchampionship=00000002&idseason=00000001,00000007,00000007,ΙΚΑΡΟΣ LUCY HTL,10,24,True
2011-12,00000555,ΣΚΟΤ Ερνεστ,ΗΠΑ,14,33.61,470.54,False,ESAKE country,False,https://www.esake.gr/el/action/EsakeStats?mode=2&idchampionship=00000002&idseason=00000001,0000000D,00000013,ΠΕΡΙΣΤΕΡΙ Betsson,12,24,True
2011-12,00000559,ΣΚΟΥΛΙΔΑΣ Διονύσης,ΕΛΛΑΔΑ,1,1.28,1.28,True,ESAKE country,False,https://www.esake.gr/el/action/EsakeStats?mode=2&idchampionship=00000002&idseason=00000001,0000000D,00000013,ΠΕΡΙΣΤΕΡΙ Betsson,12,24,True
2011-12,0000055C,ΣΛΟΥΚΑΣ Κώστας,ΕΛΛΑΔΑ,22,15.38,338.36,True,ESAKE country,False,https://www.esake.gr/el/action/EsakeStats?mode=2&idchampionship=00000002&idseason=00000001,00000002,00000002,ΟΛΥΜΠΙΑΚΟΣ,1,24,False
2011-12,0000055F,Σμιθ Στίβεν,,21,17.64,370.44,False,Manual review of blank country,False,https://www.esake.gr/el/action/EsakeStats?mode=2&idchampionship=00000002&idseason=00000001,00000001,00000001,ΠΑΝΑΘΗΝΑΪΚΟΣ AKTOR,2,24,False
2011-12,00000573,Σουρμπής Ιωάννης,,1,2.6,2.6,True,Manual review of blank country,False,https://www.esake.gr/el/action/EsakeStats?mode=2&idchampionship=00000002&idseason=00000001,0000000F,00000015,ΜΑΡΟΥΣΙ,13,24,True
2011-12,00000575,ΣΠΑΝΟΣ Αλέξανδρος,ΕΛΛΑΔΑ,20,7.7,154.0,True,ESAKE country,False,https://www.esake.gr/el/action/EsakeStats?mode=2&idchampionship=00000002&idseason=00000001,00000006,00000006,ΗΛΥΣΙΑΚΟΣ,11,24,True
2011-12,00000577,ΣΠΑΝΟΥΛΗΣ Βασίλης,ΕΛΛΑΔΑ,21,21.87,459.27,True,ESAKE country,False,https://www.esake.gr/el/action/EsakeStats?mode=2&idchampionship=00000002&idseason=00000001,00000002,00000002,ΟΛΥΜΠΙΑΚΟΣ,1,24,False
2011-12,00000589,ΣΤΕΦΑΝΙΔΗΣ Χριστόφορος,ΕΛΛΑΔΑ,24,20.64,495.36,True,ESAKE country,False,https://www.esake.gr/el/action/EsakeStats?mode=2&idchampionship=00000002&idseason=00000001,00000008,00000008,ΚΑΒΑΛΑ,6,24,False
2011-12,0000058C,Στεφάνοφ Ρίστε,,10,8.11,81.1,False,Manual review of blank country,False,https://www.esake.gr/el/action/EsakeStats?mode=2&idchampionship=00000002&idseason=00000001,00000006,00000006,ΗΛΥΣΙΑΚΟΣ,11,24,True
2011-12,0000058E,Στίβεσον Άλεξ,,19,23.98,455.62,False,Manual review of blank country,False,https://www.esake.gr/el/action/EsakeStats?mode=2&idchampionship=00000002&idseason=00000001,00000003,00000003,ΠΑΝΙΩΝΙΟΣ COSMORAMA TRAVEL,5,24,False
2011-12,0000058F,ΣΤΙΓΚΕΡΣ Ντάντε,ΛΕΥΚΟΡΩΣΙΑ,24,18.84,452.16,False,ESAKE country,False,https://www.esake.gr/el/action/EsakeStats?mode=2&idchampionship=00000002&idseason=00000001,0000000C,00000012,ΠΑΟΚ,8,24,True
2011-12,0000059A,Στυλίδης Φώτης,,4,0.68,2.72,True,Manual review of blank country,False,https://www.esake.gr/el/action/EsakeStats?mode=2&idchampionship=00000002&idseason=00000001,00000009,00000009,ΚΑΟΔ AM.GENETICS,9,24,True
2011-12,000005A7,ΤΑΠΟΥΤΟΣ Χρήστος,ΕΛΛΑΔΑ,23,27.44,631.12,True,ESAKE country,False,https://www.esake.gr/el/action/EsakeStats?mode=2&idchampionship=00000002&idseason=00000001,00000005,00000005,ΑΡΗΣ,7,24,False
2011-12,000005AE,ΤΕΪΛΟΡ Μάικλ,,22,28.28,622.16,False,Manual review of blank country,False,https://www.esake.gr/el/action/EsakeStats?mode=2&idchampionship=00000002&idseason=00000001,00000008,00000008,ΚΑΒΑΛΑ,6,24,False
2011-12,000005C1,ΤΖΕΪΜΣ Ντομινίκ,,14,28.88,404.32,False,Manual review of blank country,False,https://www.esake.gr/el/action/EsakeStats?mode=2&idchampionship=00000002&idseason=00000001,00000005,00000005,ΑΡΗΣ,7,24,False
2011-12,000005CA,ΤΖΙΑΛΛΑΣ Κώστας,,8,4.05,32.4,True,Manual review of blank country,False,https://www.esake.gr/el/action/EsakeStats?mode=2&idchampionship=00000002&idseason=00000001,00000007,00000007,ΙΚΑΡΟΣ LUCY HTL,10,24,True
2011-12,000005CB,ΤΖΙΓΚΑΝΟΒΙΤΣ Σάβο,,2,13.43,26.86,False,Manual review of blank country,False,https://www.esake.gr/el/action/EsakeStats?mode=2&idchampionship=00000002&idseason=00000001,0000000F,00000015,ΜΑΡΟΥΣΙ,13,24,True
2011-12,000005D6,ΤΖΟΝΣΟΝ Κάιλ,,3,11.07,33.21,False,Manual review of blank country,False,https://www.esake.gr/el/action/EsakeStats?mode=2&idchampionship=00000002&idseason=00000001,00000006,00000006,ΗΛΥΣΙΑΚΟΣ,11,24,True
2011-12,000005DE,ΤΖΟΝΣΟΝ Ράβερν,,7,25.6,179.2,False,Manual review of blank country,False,https://www.esake.gr/el/action/EsakeStats?mode=2&idchampionship=00000002&idseason=00000001,00000007,00000007,ΙΚΑΡΟΣ LUCY HTL,10,24,True
2011-12,000005DF,ΤΖΟΝΣΟΝ Ταρίκ,,14,19.35,270.9,False,Manual review of blank country,False,https://www.esake.gr/el/action/EsakeStats?mode=2&idchampionship=00000002&idseason=00000001,0000000E,00000014,ΡΕΘΥΜΝΟ CRETAN KINGS,4,24,False
2011-12,000005FC,ΤΟΜΠΣΟΝ Ντάριλ,,24,29.77,714.48,False,Manual review of blank country,False,https://www.esake.gr/el/action/EsakeStats?mode=2&idchampionship=00000002&idseason=00000001,00000006,00000006,ΗΛΥΣΙΑΚΟΣ,11,24,True
2011-12,00000600,ΤΟΝΤΙΤΣ Μίροσλαβ,ΒΟΣΝΙΑ,11,23.93,263.23,False,ESAKE country,False,https://www.esake.gr/el/action/EsakeStats?mode=2&idchampionship=00000002&idseason=00000001,00000006,00000006,ΗΛΥΣΙΑΚΟΣ,11,24,True
2011-12,0000060F,ΤΣΑΪΡΕΛΗΣ Μιχάλης,ΕΛΛΑΔΑ,23,8.13,186.99,True,ESAKE country,False,https://www.esake.gr/el/action/EsakeStats?mode=2&idchampionship=00000002&idseason=00000001,00000005,00000005,ΑΡΗΣ,7,24,False
2011-12,00000611,ΤΣΑΚΑΛΕΡΗΣ Ευθύμης,ΕΛΛΑΔΑ,14,7.81,109.34,True,ESAKE country,False,https://www.esake.gr/el/action/EsakeStats?mode=2&idchampionship=00000002&idseason=00000001,0000000C,00000012,ΠΑΟΚ,8,24,True
2011-12,00000614,ΤΣΑΛΔΑΡΗΣ Δημήτρης,ΕΛΛΑΔΑ,18,24.29,437.22,True,ESAKE country,False,https://www.esake.gr/el/action/EsakeStats?mode=2&idchampionship=00000002&idseason=00000001,00000005,00000005,ΑΡΗΣ,7,24,False
2011-12,00000619,ΤΣΑΜΗΣ Άγγελος,ΕΛΛΑΔΑ,24,29.06,697.44,True,ESAKE country,False,https://www.esake.gr/el/action/EsakeStats?mode=2&idchampionship=00000002&idseason=00000001,0000000A,00000010,ΚΟΛΟΣΣΟΣ H HOTELS COLLECTION,3,24,False
2011-12,0000061C,ΤΣΑΠΡΟΥΝΗΣ Κώστας,,8,1.13,9.04,True,Manual review of blank country,False,https://www.esake.gr/el/action/EsakeStats?mode=2&idchampionship=00000002&idseason=00000001,00000006,00000006,ΗΛΥΣΙΑΚΟΣ,11,24,True
2011-12,0000061E,ΤΣΑΡΤΣΑΡΗΣ Κώστας,,17,15.57,264.69,True,Manual review of blank country,False,https://www.esake.gr/el/action/EsakeStats?mode=2&idchampionship=00000002&idseason=00000001,00000001,00000001,ΠΑΝΑΘΗΝΑΪΚΟΣ AKTOR,2,24,False
2011-12,00000625,ΤΣΕΡΑΝΙΤΣ Ντράγκαν,,24,19.26,462.24,False,Manual review of blank country,False,https://www.esake.gr/el/action/EsakeStats?mode=2&idchampionship=00000002&idseason=00000001,00000009,00000009,ΚΑΟΔ AM.GENETICS,9,24,True
2011-12,00000628,ΤΣΙΑΚΟΣ Γιώργος,ΕΛΛΑΔΑ,15,16.9,253.5,True,ESAKE country,False,https://www.esake.gr/el/action/EsakeStats?mode=2&idchampionship=00000002&idseason=00000001,00000006,00000006,ΗΛΥΣΙΑΚΟΣ,11,24,True
2011-12,00000629,ΤΣΙΑΡΑΣ Γιώργος,ΕΛΛΑΔΑ,19,20.07,381.33,True,ESAKE country,False,https://www.esake.gr/el/action/EsakeStats?mode=2&idchampionship=00000002&idseason=00000001,00000007,00000007,ΙΚΑΡΟΣ LUCY HTL,10,24,True
2011-12,0000062C,ΤΣΙΛΟΥΛΗΣ Θεόδωρος,ΕΛΛΑΔΑ,13,11.64,151.32,True,ESAKE country,False,https://www.esake.gr/el/action/EsakeStats?mode=2&idchampionship=00000002&idseason=00000001,0000000D,00000013,ΠΕΡΙΣΤΕΡΙ Betsson,12,24,True
2011-12,00000634,ΤΣΟΝΤΖΟΣ Λάμπρος,,18,13.37,240.66,True,Manual review of blank country,False,https://www.esake.gr/el/action/EsakeStats?mode=2&idchampionship=00000002&idseason=00000001,0000000F,00000015,ΜΑΡΟΥΣΙ,13,24,True
2011-12,00000639,ΤΣΟΧΛΑΣ Απόλλων,ΕΛΛΑΔΑ,22,10.4,228.8,True,ESAKE country,False,https://www.esake.gr/el/action/EsakeStats?mode=2&idchampionship=00000002&idseason=00000001,0000000E,00000014,ΡΕΘΥΜΝΟ CRETAN KINGS,4,24,False
2011-12,00000641,ΦΑΣΙΑΝΟΣ Στέφανος,,2,0.89,1.78,True,Manual review of blank country,False,https://www.esake.gr/el/action/EsakeStats?mode=2&idchampionship=00000002&idseason=00000001,0000000F,00000015,ΜΑΡΟΥΣΙ,13,24,True
2011-12,00000650,ΦΛΑΟΥΕΡΣ Γκάρι,,6,31.38,188.28,False,Manual review of blank country,False,https://www.esake.gr/el/action/EsakeStats?mode=2&idchampionship=00000002&idseason=00000001,00000009,00000009,ΚΑΟΔ AM.GENETICS,9,24,True
2011-12,00000669,ΧΑΪΝΣ Κάιλ,,24,18.68,448.32,False,Manual review of blank country,False,https://www.esake.gr/el/action/EsakeStats?mode=2&idchampionship=00000002&idseason=00000001,00000002,00000002,ΟΛΥΜΠΙΑΚΟΣ,1,24,False
2011-12,00000676,ΧΑΝΤ Τζέρεμι,ΗΠΑ,16,27.25,436.0,False,ESAKE country,False,https://www.esake.gr/el/action/EsakeStats?mode=2&idchampionship=00000002&idseason=00000001,00000009,00000009,ΚΑΟΔ AM.GENETICS,9,24,True
2011-12,0000067A,ΧΑΟΥΑΡΝΤ Ματ,,6,10.3,61.8,False,Manual review of blank country,False,https://www.esake.gr/el/action/EsakeStats?mode=2&idchampionship=00000002&idseason=00000001,00000002,00000002,ΟΛΥΜΠΙΑΚΟΣ,1,24,False
2011-12,0000067C,ΧΑΡΑΛΑΜΠΙΔΗΣ Κώστας,ΕΛΛΑΔΑ,22,28.26,621.72,True,ESAKE country,False,https://www.esake.gr/el/action/EsakeStats?mode=2&idchampionship=00000002&idseason=00000001,00000009,00000009,ΚΑΟΔ AM.GENETICS,9,24,True
2011-12,00000682,ΧΑΡΙΣΗΣ Κώστας,ΕΛΛΑΔΑ,23,21.99,505.77,True,ESAKE country,False,https://www.esake.gr/el/action/EsakeStats?mode=2&idchampionship=00000002&idseason=00000001,0000000A,00000010,ΚΟΛΟΣΣΟΣ H HOTELS COLLECTION,3,24,False
2011-12,00000685,ΧΑΡΙΤΟΠΟΥΛΟΣ Δημήτρης,ΕΛΛΑΔΑ,14,32.26,451.64,True,ESAKE country,False,https://www.esake.gr/el/action/EsakeStats?mode=2&idchampionship=00000002&idseason=00000001,0000000F,00000015,ΜΑΡΟΥΣΙ,13,24,True
2011-12,00000132,ΧΑΡΝΤΙΝΓΚ Νάνα,ΚΑΜΕΡΟΥΝ,22,28.01,616.22,False,ESAKE country,False,https://www.esake.gr/el/action/EsakeStats?mode=2&idchampionship=00000002&idseason=00000001,00000006,00000006,ΗΛΥΣΙΑΚΟΣ,11,24,True
2011-12,0000068B,ΧΑΤΕΝ Μάρκους,,23,25.52,586.96,False,Manual review of blank country,False,https://www.esake.gr/el/action/EsakeStats?mode=2&idchampionship=00000002&idseason=00000001,0000000A,00000010,ΚΟΛΟΣΣΟΣ H HOTELS COLLECTION,3,24,False
2011-12,00000690,ΧΑΤΖΗΣ Νίκος,ΕΛΛΑΔΑ,24,22.07,529.68,True,ESAKE country,False,https://www.esake.gr/el/action/EsakeStats?mode=2&idchampionship=00000002&idseason=00000001,00000006,00000006,ΗΛΥΣΙΑΚΟΣ,11,24,True
2011-12,000006AB,ΧΟΜΠΣΟΝ Σκότι,,24,19.14,459.36,False,Manual review of blank country,False,https://www.esake.gr/el/action/EsakeStats?mode=2&idchampionship=00000002&idseason=00000001,0000000A,00000010,ΚΟΛΟΣΣΟΣ H HOTELS COLLECTION,3,24,False
2011-12,000006B1,ΧΟΥΜΑΣ Χριστόφορος,,11,3.17,34.87,True,Manual review of blank country,False,https://www.esake.gr/el/action/EsakeStats?mode=2&idchampionship=00000002&idseason=00000001,00000009,00000009,ΚΑΟΔ AM.GENETICS,9,24,True
2011-12,000006C0,ΨΑΡΟΠΟΥΛΟΣ Σωκράτης,ΕΛΛΑΔΑ,18,8.81,158.58,True,ESAKE country,False,https://www.esake.gr/el/action/EsakeStats?mode=2&idchampionship=00000002&idseason=00000001,0000000D,00000013,ΠΕΡΙΣΤΕΡΙ Betsson,12,24,True
2012-13,00000715,ΑΒΡΑΜΙΔΗΣ Δήμος,ΕΛΛΑΔΑ,21,10.38,217.98,True,ESAKE country,False,https://www.esake.gr/el/action/EsakeStats?mode=2&idchampionship=00000001&idseason=00000001,0000000B,00000011,ΠΑΝΕΛΕΥΣΙΝΙΑΚΟΣ,11,26,True
2012-13,00000004,ΑΓΑΔΑΚΟΣ Λάζαρος,ΕΛΛΑΔΑ,19,11.15,211.85,True,ESAKE country,False,https://www.esake.gr/el/action/EsakeStats?mode=2&idchampionship=00000001&idseason=00000001,00000007,00000007,ΙΚΑΡΟΣ LUCY HTL,7,26,False
2012-13,0000000B,ΑΓΓΕΛΟΠΟΥΛΟΣ Νίκος,ΕΛΛΑΔΑ,25,21.09,527.25,True,ESAKE country,False,https://www.esake.gr/el/action/EsakeStats?mode=2&idchampionship=00000001&idseason=00000001,0000000E,00000014,ΡΕΘΥΜΝΟ CRETAN KINGS,5,26,False
2012-13,0000000F,ΑΓΡΑΒΑΝΗΣ Δημήτρης,ΕΛΛΑΔΑ,13,6.14,79.82,True,ESAKE country,False,https://www.esake.gr/el/action/EsakeStats?mode=2&idchampionship=00000001&idseason=00000001,00000003,00000003,ΠΑΝΙΩΝΙΟΣ COSMORAMA TRAVEL,3,26,False
2012-13,00000012,ΑΘΑΝΑΣΟΥΛΑΣ Γιάννης,ΕΛΛΑΔΑ,26,11.77,306.02,True,ESAKE country,False,https://www.esake.gr/el/action/EsakeStats?mode=2&idchampionship=00000001&idseason=00000001,00000003,00000003,ΠΑΝΙΩΝΙΟΣ COSMORAMA TRAVEL,3,26,False
2012-13,00000013,ΑΘΗΝΑΙΟΥ Γιάννης,ΕΛΛΑΔΑ,26,18.91,491.66,True,ESAKE country,False,https://www.esake.gr/el/action/EsakeStats?mode=2&idchampionship=00000001&idseason=00000001,00000003,00000003,ΠΑΝΙΩΝΙΟΣ COSMORAMA TRAVEL,3,26,False
2012-13,00000015,ΑΚΕΨΙΜΑΪΔΗΣ Ελευθέριος,ΕΛΛΑΔΑ,22,9.2,202.4,True,ESAKE country,False,https://www.esake.gr/el/action/EsakeStats?mode=2&idchampionship=00000001&idseason=00000001,00000009,00000009,ΚΑΟΔ AM.GENETICS,9,26,True
2012-13,00000725,ΑΛΑΜΠΙ Σόλομον,,6,9.25,55.5,False,Manual review of blank country,False,https://www.esake.gr/el/action/EsakeStats?mode=2&idchampionship=00000001&idseason=00000001,00000007,00000007,ΙΚΑΡΟΣ LUCY HTL,7,26,False
2012-13,000006FE,ΑΜΠΑΡΑΣ Θωμάς,ΕΛΛΑΔΑ,8,2.46,19.68,True,ESAKE country,False,https://www.esake.gr/el/action/EsakeStats?mode=2&idchampionship=00000001&idseason=00000001,0000000C,00000012,ΠΑΟΚ,4,26,False
2012-13,000006E5,ΑΝΑΓΚΟΝΙΕ Αλοΐσιους,,16,24.9,398.4,False,Manual review of blank country,False,https://www.esake.gr/el/action/EsakeStats?mode=2&idchampionship=00000001&idseason=00000001,00000006,00000006,ΗΛΥΣΙΑΚΟΣ,12,26,True
2012-13,00000038,ΑΝΤΙΤΣ Πέρο,ΣΚΟΠΙΑ,22,15.86,348.92,False,ESAKE country,False,https://www.esake.gr/el/action/EsakeStats?mode=2&idchampionship=00000001&idseason=00000001,00000002,00000002,ΟΛΥΜΠΙΑΚΟΣ,1,26,False
2012-13,0000003B,ΑΝΤΩΝΑΚΗΣ Τάσος,ΕΛΛΑΔΑ,20,12.49,249.8,True,ESAKE country,False,https://www.esake.gr/el/action/EsakeStats?mode=2&idchampionship=00000001&idseason=00000001,00000006,00000006,ΗΛΥΣΙΑΚΟΣ,12,26,True
2012-13,0000003F,ΑΠΟΣΤΟΛΙΔΗΣ Γιώργος,ΕΛΛΑΔΑ,23,21.39,491.97,True,ESAKE country,False,https://www.esake.gr/el/action/EsakeStats?mode=2&idchampionship=00000001&idseason=00000001,00000006,00000006,ΗΛΥΣΙΑΚΟΣ,12,26,True
2012-13,00000043,ΑΡΑΠΗΣ Δημήτρης,ΕΛΛΑΔΑ,22,14.08,309.76,True,ESAKE country,False,https://www.esake.gr/el/action/EsakeStats?mode=2&idchampionship=00000001&idseason=00000001,00000006,00000006,ΗΛΥΣΙΑΚΟΣ,12,26,True
2012-13,00000044,ΑΡΑΠΗΣ Θωμάς,ΕΛΛΑΔΑ,5,4.44,22.2,True,ESAKE country,False,https://www.esake.gr/el/action/EsakeStats?mode=2&idchampionship=00000001&idseason=00000001,00000008,00000008,ΚΑΒΑΛΑ,14,26,True
2012-13,00000046,ΑΡΓΥΡΟΠΟΥΛΟΣ Νίκος,ΕΛΛΑΔΑ,23,25.66,590.18,True,ESAKE country,False,https://www.esake.gr/el/action/EsakeStats?mode=2&idchampionship=00000001&idseason=00000001,00000004,00000004,ΑΠΟΛΛΩΝ Π. CARNA,8,26,True
2012-13,000006D7,ΑΡΜΠΕΤ Γκρεγκόρ,,14,29.47,412.58,False,Manual review of blank country,False,https://www.esake.gr/el/action/EsakeStats?mode=2&idchampionship=00000001&idseason=00000001,00000008,00000008,ΚΑΒΑΛΑ,14,26,True
2012-13,00000702,ΑΡΜΣΤΡΟΝΓΚ Χίλτον,,4,9.53,38.12,False,Manual review of blank country,False,https://www.esake.gr/el/action/EsakeStats?mode=2&idchampionship=00000001&idseason=00000001,00000001,00000001,ΠΑΝΑΘΗΝΑΪΚΟΣ AKTOR,2,26,False
2012-13,0000004F,ΑΣΗΜΑΚΟΠΟΥΛΟΣ Αντώνης,ΕΛΛΑΔΑ,26,25.53,663.78,True,ESAKE country,False,https://www.esake.gr/el/action/EsakeStats?mode=2&idchampionship=00000001&idseason=00000001,00000005,00000005,ΑΡΗΣ,6,26,False
2012-13,000006DB,ΑΤΣΑΡΑ Κιερόν,,14,28.08,393.12,False,Manual review of blank country,False,https://www.esake.gr/el/action/EsakeStats?mode=2&idchampionship=00000001&idseason=00000001,00000008,00000008,ΚΑΒΑΛΑ,14,26,True
2012-13,00000052,ΑΥΓΕΝΙΚΟΣ Αλέξανδρος,ΕΛΛΑΔΑ,4,3.29,13.16,True,ESAKE country,False,https://www.esake.gr/el/action/EsakeStats?mode=2&idchampionship=00000001&idseason=00000001,0000000A,00000010,ΚΟΛΟΣΣΟΣ H HOTELS COLLECTION,10,26,True
2012-13,0000072C,ΒΑΡΝΑΒΑΣ Δημήτρης,ΕΛΛΑΔΑ,1,1.45,1.45,True,ESAKE country,False,https://www.esake.gr/el/action/EsakeStats?mode=2&idchampionship=00000001&idseason=00000001,00000006,00000006,ΗΛΥΣΙΑΚΟΣ,12,26,True
2012-13,00000737,ΒΑΡΥΤΙΜΙΑΔΗΣ Αλέξανδρος,ΕΛΛΑΔΑ,0,0.0,0.0,True,ESAKE country,False,https://www.esake.gr/el/action/EsakeStats?mode=2&idchampionship=00000001&idseason=00000001,0000000C,00000012,ΠΑΟΚ,4,26,False
2012-13,00000069,ΒΕΖΕΝΚΟΦ Αλέξανδρος,ΚΥΠΡΟΣ,20,14.34,286.8,False,ESAKE country,False,https://www.esake.gr/el/action/EsakeStats?mode=2&idchampionship=00000001&idseason=00000001,00000005,00000005,ΑΡΗΣ,6,26,False
2012-13,000006D6,ΒΕΛΙΣΣΑΡΙΟΥ Πέτρος,ΕΛΛΑΔΑ,15,4.33,64.95,True,ESAKE country,False,https://www.esake.gr/el/action/EsakeStats?mode=2&idchampionship=00000001&idseason=00000001,00000008,00000008,ΚΑΒΑΛΑ,14,26,True
2012-13,0000006B,ΒΕΡΓΙΝΗΣ Δημήτρης,ΕΛΛΑΔΑ,25,20.54,513.5,True,ESAKE country,False,https://www.esake.gr/el/action/EsakeStats?mode=2&idchampionship=00000001&idseason=00000001,00000005,00000005,ΑΡΗΣ,6,26,False
2012-13,000006E9,ΒΛΑΧΟΣ Λάμπρος,ΕΛΛΑΔΑ,4,1.65,6.6,True,ESAKE country,False,https://www.esake.gr/el/action/EsakeStats?mode=2&idchampionship=00000001&idseason=00000001,0000000D,00000013,ΠΕΡΙΣΤΕΡΙ Betsson,13,26,True
2012-13,000006CA,ΒΟΥΓΙΟΥΚΑΣ Αλέξανδρος,ΕΛΛΑΔΑ,15,6.78,101.7,True,ESAKE country,False,https://www.esake.gr/el/action/EsakeStats?mode=2&idchampionship=00000001&idseason=00000001,0000000A,00000010,ΚΟΛΟΣΣΟΣ H HOTELS COLLECTION,10,26,True
2012-13,00000082,ΒΡΚΙΤΣ Ζόραν,,22,29.11,640.42,False,Manual review of blank country,False,https://www.esake.gr/el/action/EsakeStats?mode=2&idchampionship=00000001&idseason=00000001,00000007,00000007,ΙΚΑΡΟΣ LUCY HTL,7,26,False
2012-13,00000088,ΓΑΛΙΩΤΟΣ Γιώργος,ΕΛΛΑΔΑ,5,13.35,66.75,True,ESAKE country,False,https://www.esake.gr/el/action/EsakeStats?mode=2&idchampionship=00000001&idseason=00000001,0000000D,00000013,ΠΕΡΙΣΤΕΡΙ Betsson,13,26,True
2012-13,00000738,ΓΕΡΟΜΙΧΑΛΟΣ Πέτρος,ΕΛΛΑΔΑ,0,0.0,0.0,True,ESAKE country,False,https://www.esake.gr/el/action/EsakeStats?mode=2&idchampionship=00000001&idseason=00000001,00000005,00000005,ΑΡΗΣ,6,26,False
2012-13,0000008E,ΓΕΩΡΓΑΚΗΣ Γιώργος,ΕΛΛΑΔΑ,5,4.46,22.3,True,ESAKE country,False,https://www.esake.gr/el/action/EsakeStats?mode=2&idchampionship=00000001&idseason=00000001,00000002,00000002,ΟΛΥΜΠΙΑΚΟΣ,1,26,False
2012-13,00000091,ΓΕΩΡΓΑΛΛΗΣ Γιάννης,ΕΛΛΑΔΑ,25,17.16,429.0,True,ESAKE country,False,https://www.esake.gr/el/action/EsakeStats?mode=2&idchampionship=00000001&idseason=00000001,0000000A,00000010,ΚΟΛΟΣΣΟΣ H HOTELS COLLECTION,10,26,True
2012-13,0000009B,ΓΙΑΝΚΟΒΙΤΣ Βλαδίμηρος,ΕΛΛΑΔΑ,25,24.86,621.5,True,ESAKE country,False,https://www.esake.gr/el/action/EsakeStats?mode=2&idchampionship=00000001&idseason=00000001,00000003,00000003,ΠΑΝΙΩΝΙΟΣ COSMORAMA TRAVEL,3,26,False
2012-13,0000009F,ΓΙΑΝΝΑΚΙΔΗΣ Μιχάλης,ΕΛΛΑΔΑ,24,12.3,295.2,True,ESAKE country,False,https://www.esake.gr/el/action/EsakeStats?mode=2&idchampionship=00000001&idseason=00000001,00000007,00000007,ΙΚΑΡΟΣ LUCY HTL,7,26,False
2012-13,000000A4,ΓΙΑΝΝΟΠΟΥΛΟΣ Χάρης,ΕΛΛΑΔΑ,20,12.63,252.6,True,ESAKE country,False,https://www.esake.gr/el/action/EsakeStats?mode=2&idchampionship=00000001&idseason=00000001,00000001,00000001,ΠΑΝΑΘΗΝΑΪΚΟΣ AKTOR,2,26,False
2012-13,000000B6,ΓΚΑΒΕΛ Αντόν,,7,12.66,88.62,False,Manual review of blank country,False,https://www.esake.gr/el/action/EsakeStats?mode=2&idchampionship=00000001&idseason=00000001,00000007,00000007,ΙΚΑΡΟΣ LUCY HTL,7,26,False
2012-13,000000B7,ΓΚΑΓΚΑΛΟΥΔΗΣ Γιάννης,ΕΛΛΑΔΑ,9,32.22,289.98,True,ESAKE country,False,https://www.esake.gr/el/action/EsakeStats?mode=2&idchampionship=00000001&idseason=00000001,00000008,00000008,ΚΑΒΑΛΑ,14,26,True
2012-13,000000CE,ΓΚΕΤΣΕΒΙΤΣΙΟΥΣ Μαρτίνας,ΛΙΘΟΥΑΝΙΑ,16,14.41,230.56,False,ESAKE country,False,https://www.esake.gr/el/action/EsakeStats?mode=2&idchampionship=00000001&idseason=00000001,00000002,00000002,ΟΛΥΜΠΙΑΚΟΣ,1,26,False
2012-13,000006F8,ΓΚΙΜΠΣ Άστον,ΗΠΑ,8,14.18,113.44,False,ESAKE country,False,https://www.esake.gr/el/action/EsakeStats?mode=2&idchampionship=00000001&idseason=00000001,00000003,00000003,ΠΑΝΙΩΝΙΟΣ COSMORAMA TRAVEL,3,26,False
2012-13,00000708,ΓΚΙΜΠΣΟΝ Ντάνι,ΗΠΑ,26,32.24,838.24,False,ESAKE country,False,https://www.esake.gr/el/action/EsakeStats?mode=2&idchampionship=00000001&idseason=00000001,00000007,00000007,ΙΚΑΡΟΣ LUCY HTL,7,26,False
2012-13,0000072E,ΓΚΙΜΠΣΟΝ Ξαβιέρ Μοντέζ,,15,16.57,248.55,False,Manual review of blank country,False,https://www.esake.gr/el/action/EsakeStats?mode=2&idchampionship=00000001&idseason=00000001,0000000B,00000011,ΠΑΝΕΛΕΥΣΙΝΙΑΚΟΣ,11,26,True
2012-13,00000722,ΓΚΙΣΤ Τζέιμς,ΗΠΑ,15,21.62,324.3,False,ESAKE country,False,https://www.esake.gr/el/action/EsakeStats?mode=2&idchampionship=00000001&idseason=00000001,00000001,00000001,ΠΑΝΑΘΗΝΑΪΚΟΣ AKTOR,2,26,False
2012-13,0000070C,ΓΚΡΑΝΤ Κίτον,ΗΠΑ,26,33.46,869.96,False,ESAKE country,False,https://www.esake.gr/el/action/EsakeStats?mode=2&idchampionship=00000001&idseason=00000001,00000004,00000004,ΑΠΟΛΛΩΝ Π. CARNA,8,26,True
2012-13,0000070E,ΓΟΥΟΚΕΡ Σέιν,ΗΠΑ,2,15.82,31.64,False,ESAKE country,False,https://www.esake.gr/el/action/EsakeStats?mode=2&idchampionship=00000001&idseason=00000001,00000004,00000004,ΑΠΟΛΛΩΝ Π. CARNA,8,26,True
2012-13,0000010E,ΔΑΝΑΣ Γιώργος,ΕΛΛΑΔΑ,1,0.1,0.1,True,ESAKE country,False,https://www.esake.gr/el/action/EsakeStats?mode=2&idchampionship=00000001&idseason=00000001,0000000A,00000010,ΚΟΛΟΣΣΟΣ H HOTELS COLLECTION,10,26,True
2012-13,00000110,ΔΕΔΑΣ Γιώργος,ΕΛΛΑΔΑ,26,18.84,489.84,True,ESAKE country,False,https://www.esake.gr/el/action/EsakeStats?mode=2&idchampionship=00000001&idseason=00000001,0000000C,00000012,ΠΑΟΚ,4,26,False
2012-13,00000112,ΔΕΛΗΓΙΑΝΝΗΣ Χρήστος,ΕΛΛΑΔΑ,23,11.2,257.6,True,ESAKE country,False,https://www.esake.gr/el/action/EsakeStats?mode=2&idchampionship=00000001&idseason=00000001,0000000B,00000011,ΠΑΝΕΛΕΥΣΙΝΙΑΚΟΣ,11,26,True
2012-13,00000115,ΔΕΜΕΡΤΖΗΣ Γιάννης,ΕΛΛΑΔΑ,5,24.11,120.55,True,ESAKE country,False,https://www.esake.gr/el/action/EsakeStats?mode=2&idchampionship=00000001&idseason=00000001,00000008,00000008,ΚΑΒΑΛΑ,14,26,True
2012-13,0000071F,ΔΗΜΑΚΟΣ Γιάννης,ΕΛΛΑΔΑ,16,10.16,162.56,True,ESAKE country,False,https://www.esake.gr/el/action/EsakeStats?mode=2&idchampionship=00000001&idseason=00000001,0000000B,00000011,ΠΑΝΕΛΕΥΣΙΝΙΑΚΟΣ,11,26,True
2012-13,00000119,ΔΗΜΑΣ Τάσος,ΕΛΛΑΔΑ,9,6.68,60.12,True,ESAKE country,False,https://www.esake.gr/el/action/EsakeStats?mode=2&idchampionship=00000001&idseason=00000001,00000005,00000005,ΑΡΗΣ,6,26,False
2012-13,00000728,ΔΙΑΜΑΝΤΑΚΟΣ Γιώργος,ΕΛΛΑΔΑ,1,2.58,2.58,True,ESAKE country,False,https://www.esake.gr/el/action/EsakeStats?mode=2&idchampionship=00000001&idseason=00000001,00000001,00000001,ΠΑΝΑΘΗΝΑΪΚΟΣ AKTOR,2,26,False
2012-13,0000011A,ΔΙΑΜΑΝΤΙΔΗΣ Δημήτρης,ΕΛΛΑΔΑ,22,25.06,551.32,True,ESAKE country,False,https://www.esake.gr/el/action/EsakeStats?mode=2&idchampionship=00000001&idseason=00000001,00000001,00000001,ΠΑΝΑΘΗΝΑΪΚΟΣ AKTOR,2,26,False
2012-13,0000011D,ΔΟΡΚΟΦΙΚΗΣ Περικλής,ΕΛΛΑΔΑ,22,17.97,395.34,True,ESAKE country,False,https://www.esake.gr/el/action/EsakeStats?mode=2&idchampionship=00000001&idseason=00000001,00000006,00000006,ΗΛΥΣΙΑΚΟΣ,12,26,True
2012-13,00000718,ΔΟΥΛΓΕΡΑΚΗΣ Μάρκος,ΕΛΛΑΔΑ,1,0.43,0.43,True,ESAKE country,False,https://www.esake.gr/el/action/EsakeStats?mode=2&idchampionship=00000001&idseason=00000001,0000000E,00000014,ΡΕΘΥΜΝΟ CRETAN KINGS,5,26,False
2012-13,00000734,ΕΖΙΟΥΚΟΥ Καλίστους,ΗΠΑ,12,29.54,354.48,False,ESAKE country,False,https://www.esake.gr/el/action/EsakeStats?mode=2&idchampionship=00000001&idseason=00000001,0000000B,00000011,ΠΑΝΕΛΕΥΣΙΝΙΑΚΟΣ,11,26,True
2012-13,00000730,ΕΡΤΣΕΓΚ Ντίνο,,10,11.69,116.9,False,Manual review of blank country,False,https://www.esake.gr/el/action/EsakeStats?mode=2&idchampionship=00000001&idseason=00000001,00000004,00000004,ΑΠΟΛΛΩΝ Π. CARNA,8,26,True
2012-13,00000140,ΖΑΡΑΣ Θοδωρής,ΕΛΛΑΔΑ,26,14.02,364.52,True,ESAKE country,False,https://www.esake.gr/el/action/EsakeStats?mode=2&idchampionship=00000001&idseason=00000001,00000009,00000009,ΚΑΟΔ AM.GENETICS,9,26,True
2012-13,00000712,ΖΑΦΕΙΡΗΣ Θανάσης,ΕΛΛΑΔΑ,21,7.04,147.84,True,ESAKE country,False,https://www.esake.gr/el/action/EsakeStats?mode=2&idchampionship=00000001&idseason=00000001,00000004,00000004,ΑΠΟΛΛΩΝ Π. CARNA,8,26,True
2012-13,0000014D,ΖΟΥΜΠΟΣ Φώτης,ΕΛΛΑΔΑ,17,5.67,96.39,True,ESAKE country,False,https://www.esake.gr/el/action/EsakeStats?mode=2&idchampionship=00000001&idseason=00000001,0000000D,00000013,ΠΕΡΙΣΤΕΡΙ Betsson,13,26,True
2012-13,00000716,ΘΑΝΟΠΟΥΛΟΣ Ιωάννης,,8,2.65,21.2,True,Manual review of blank country,False,https://www.esake.gr/el/action/EsakeStats?mode=2&idchampionship=00000001&idseason=00000001,00000004,00000004,ΑΠΟΛΛΩΝ Π. CARNA,8,26,True
2012-13,00000154,ΘΕΟΔΩΡΑΚΟΣ Γιώργος,ΕΛΛΑΔΑ,18,1.65,29.7,True,ESAKE country,False,https://www.esake.gr/el/action/EsakeStats?mode=2&idchampionship=00000001&idseason=00000001,0000000C,00000012,ΠΑΟΚ,4,26,False
2012-13,00000726,ΘΕΟΛΟΓΙΤΗΣ Σαράντος,,1,0.13,0.13,True,Manual review of blank country,False,https://www.esake.gr/el/action/EsakeStats?mode=2&idchampionship=00000001&idseason=00000001,00000007,00000007,ΙΚΑΡΟΣ LUCY HTL,7,26,False
2012-13,000006EA,ΘΟΡΝ Ντουάιτ,,17,28.09,477.53,False,Manual review of blank country,False,https://www.esake.gr/el/action/EsakeStats?mode=2&idchampionship=00000001&idseason=00000001,0000000D,00000013,ΠΕΡΙΣΤΕΡΙ Betsson,13,26,True
2012-13,00000165,ΙΩΑΝΝΟΥ Στέλιος,ΕΛΛΑΔΑ,26,15.32,398.32,True,ESAKE country,False,https://www.esake.gr/el/action/EsakeStats?mode=2&idchampionship=00000001&idseason=00000001,00000009,00000009,ΚΑΟΔ AM.GENETICS,9,26,True
2012-13,00000167,ΚΑΒΒΑΔΑΣ Βασίλης,ΕΛΛΑΔΑ,20,9.12,182.4,True,ESAKE country,False,https://www.esake.gr/el/action/EsakeStats?mode=2&idchampionship=00000001&idseason=00000001,00000003,00000003,ΠΑΝΙΩΝΙΟΣ COSMORAMA TRAVEL,3,26,False
2012-13,0000016E,ΚΑΚΑΡΟΥΔΗΣ Κώστας,ΕΛΛΑΔΑ,25,28.04,701.0,True,ESAKE country,False,https://www.esake.gr/el/action/EsakeStats?mode=2&idchampionship=00000001&idseason=00000001,00000009,00000009,ΚΑΟΔ AM.GENETICS,9,26,True
2012-13,00000176,ΚΑΛΑΪΤΖΗΣ Γιώργος,ΕΛΛΑΔΑ,25,20.76,519.0,True,ESAKE country,False,https://www.esake.gr/el/action/EsakeStats?mode=2&idchampionship=00000001&idseason=00000001,0000000A,00000010,ΚΟΛΟΣΣΟΣ H HOTELS COLLECTION,10,26,True
2012-13,00000177,ΚΑΛΑΪΤΖΙΔΗΣ Δημήτρης,ΕΛΛΑΔΑ,22,12.95,284.9,True,ESAKE country,False,https://www.esake.gr/el/action/EsakeStats?mode=2&idchampionship=00000001&idseason=00000001,00000009,00000009,ΚΑΟΔ AM.GENETICS,9,26,True
2012-13,00000179,ΚΑΛΑΜΠΑΚΑΣ Δημήτρης,ΕΛΛΑΔΑ,22,12.96,285.12,True,ESAKE country,False,https://www.esake.gr/el/action/EsakeStats?mode=2&idchampionship=00000001&idseason=00000001,00000008,00000008,ΚΑΒΑΛΑ,14,26,True
2012-13,0000017B,ΚΑΛΑΜΠΟΚΗΣ Γιάννης,ΕΛΛΑΔΑ,26,29.23,759.98,True,ESAKE country,False,https://www.esake.gr/el/action/EsakeStats?mode=2&idchampionship=00000001&idseason=00000001,0000000A,00000010,ΚΟΛΟΣΣΟΣ H HOTELS COLLECTION,10,26,True
2012-13,0000017E,ΚΑΛΛΕΣ Νίκος,ΕΛΛΑΔΑ,23,7.87,181.01,True,ESAKE country,False,https://www.esake.gr/el/action/EsakeStats?mode=2&idchampionship=00000001&idseason=00000001,0000000C,00000012,ΠΑΟΚ,4,26,False
2012-13,0000017C,ΚΑΛΛΙΝΙΚΙΔΗΣ Αβραάμ,ΕΛΛΑΔΑ,24,12.18,292.32,True,ESAKE country,False,https://www.esake.gr/el/action/EsakeStats?mode=2&idchampionship=00000001&idseason=00000001,0000000E,00000014,ΡΕΘΥΜΝΟ CRETAN KINGS,5,26,False
2012-13,000006EF,ΚΑΜΠ Χάρπερ,,14,15.9,222.6,False,Manual review of blank country,False,https://www.esake.gr/el/action/EsakeStats?mode=2&idchampionship=00000001&idseason=00000001,0000000B,00000011,ΠΑΝΕΛΕΥΣΙΝΙΑΚΟΣ,11,26,True
2012-13,00000189,ΚΑΝΟΝΙΔΗΣ Ανδρέας,ΕΛΛΑΔΑ,22,28.37,624.14,True,ESAKE country,False,https://www.esake.gr/el/action/EsakeStats?mode=2&idchampionship=00000001&idseason=00000001,0000000D,00000013,ΠΕΡΙΣΤΕΡΙ Betsson,13,26,True
2012-13,000006C4,ΚΑΠΕΛΑΝ Ντιέγκο,ΒΟΣΝΙΑ,7,12.73,89.11,False,ESAKE country,False,https://www.esake.gr/el/action/EsakeStats?mode=2&idchampionship=00000001&idseason=00000001,0000000A,00000010,ΚΟΛΟΣΣΟΣ H HOTELS COLLECTION,10,26,True
2012-13,0000070B,ΚΑΠΕΡΩΝΗΣ Παναγιώτης,ΕΛΛΑΔΑ,17,5.64,95.88,True,ESAKE country,False,https://www.esake.gr/el/action/EsakeStats?mode=2&idchampionship=00000001&idseason=00000001,00000004,00000004,ΑΠΟΛΛΩΝ Π. CARNA,8,26,True
2012-13,0000072B,ΚΑΠΟΝΟ Τζέισον,,9,19.18,172.62,False,Manual review of blank country,False,https://www.esake.gr/el/action/EsakeStats?mode=2&idchampionship=00000001&idseason=00000001,00000001,00000001,ΠΑΝΑΘΗΝΑΪΚΟΣ AKTOR,2,26,False
2012-13,00000724,ΚΑΡΑΚΩΝΣΤΑΝΤΑΚΗΣ Κυριάκος,,6,0.89,5.34,True,Manual review of blank country,False,https://www.esake.gr/el/action/EsakeStats?mode=2&idchampionship=00000001&idseason=00000001,00000007,00000007,ΙΚΑΡΟΣ LUCY HTL,7,26,False
2012-13,0000019B,ΚΑΡΑΠΟΣΤΟΛΟΥ Σωτήρης,,22,18.43,405.46,True,Manual review of blank country,False,https://www.esake.gr/el/action/EsakeStats?mode=2&idchampionship=00000001&idseason=00000001,00000005,00000005,ΑΡΗΣ,6,26,False
2012-13,00000720,ΚΑΡΙ Ραμέλ,ΗΠΑ,2,26.21,52.42,False,ESAKE country,False,https://www.esake.gr/el/action/EsakeStats?mode=2&idchampionship=00000001&idseason=00000001,00000001,00000001,ΠΑΝΑΘΗΝΑΪΚΟΣ AKTOR,2,26,False
2012-13,000006F3,ΚΑΡΤΕΡ Κέιον,,16,10.1,161.6,False,Manual review of blank country,False,https://www.esake.gr/el/action/EsakeStats?mode=2&idchampionship=00000001&idseason=00000001,00000009,00000009,ΚΑΟΔ AM.GENETICS,9,26,True
2012-13,000006CC,ΚΑΡΤΕΡ Μαρκ,ΗΠΑ,26,23.49,610.74,False,ESAKE country,False,https://www.esake.gr/el/action/EsakeStats?mode=2&idchampionship=00000001&idseason=00000001,0000000E,00000014,ΡΕΘΥΜΝΟ CRETAN KINGS,5,26,False
2012-13,000001AD,ΚΑΣΕΛΑΚΗΣ Λεωνίδας,ΕΛΛΑΔΑ,26,19.43,505.18,True,ESAKE country,False,https://www.esake.gr/el/action/EsakeStats?mode=2&idchampionship=00000001&idseason=00000001,0000000C,00000012,ΠΑΟΚ,4,26,False
2012-13,000001BC,ΚΑΤΣΙΒΕΛΗΣ Δημήτρης,ΕΛΛΑΔΑ,15,12.47,187.05,True,ESAKE country,False,https://www.esake.gr/el/action/EsakeStats?mode=2&idchampionship=00000001&idseason=00000001,00000002,00000002,ΟΛΥΜΠΙΑΚΟΣ,1,26,False
2012-13,000001C1,ΚΑΥΚΗΣ Παναγιώτης,ΕΛΛΑΔΑ,20,17.84,356.8,True,ESAKE country,False,https://www.esake.gr/el/action/EsakeStats?mode=2&idchampionship=00000001&idseason=00000001,00000006,00000006,ΗΛΥΣΙΑΚΟΣ,12,26,True
2012-13,000001DA,ΚΙΣ Μπίλι,,17,13.95,237.15,False,Manual review of blank country,False,https://www.esake.gr/el/action/EsakeStats?mode=2&idchampionship=00000001&idseason=00000001,00000003,00000003,ΠΑΝΙΩΝΙΟΣ COSMORAMA TRAVEL,3,26,False
2012-13,00000704,ΚΙΤΣΕΝ Ντέργουιν,,9,16.05,144.45,False,Manual review of blank country,False,https://www.esake.gr/el/action/EsakeStats?mode=2&idchampionship=00000001&idseason=00000001,00000001,00000001,ΠΑΝΑΘΗΝΑΪΚΟΣ AKTOR,2,26,False
2012-13,00000711,ΚΛΑΪΜΠΕΡ Γκόρντον,,21,26.84,563.64,False,Manual review of blank country,False,https://www.esake.gr/el/action/EsakeStats?mode=2&idchampionship=00000001&idseason=00000001,00000004,00000004,ΑΠΟΛΛΩΝ Π. CARNA,8,26,True
2012-13,000006DE,ΚΟΛΕΜΑΝ Ουίλιαμ,ΗΠΑ,25,26.2,655.0,False,ESAKE country,False,https://www.esake.gr/el/action/EsakeStats?mode=2&idchampionship=00000001&idseason=00000001,00000008,00000008,ΚΑΒΑΛΑ,14,26,True
2012-13,00000717,ΚΟΛΙΜΟΝ Κλίφορντ,,17,10.97,186.49,False,Manual review of blank country,False,https://www.esake.gr/el/action/EsakeStats?mode=2&idchampionship=00000001&idseason=00000001,0000000E,00000014,ΡΕΘΥΜΝΟ CRETAN KINGS,5,26,False
2012-13,000001EE,ΚΟΜΜΑΤΟΣ Νέστωρ,ΕΛΛΑΔΑ,26,20.97,545.22,True,ESAKE country,False,https://www.esake.gr/el/action/EsakeStats?mode=2&idchampionship=00000001&idseason=00000001,0000000E,00000014,ΡΕΘΥΜΝΟ CRETAN KINGS,5,26,False
2012-13,000001EF,ΚΟΜΠΟΔΙΕΤΑΣ Δημήτρης,ΕΛΛΑΔΑ,26,19.63,510.38,True,ESAKE country,False,https://www.esake.gr/el/action/EsakeStats?mode=2&idchampionship=00000001&idseason=00000001,0000000D,00000013,ΠΕΡΙΣΤΕΡΙ Betsson,13,26,True
2012-13,0000020B,ΚΟΥΚΟΥΛΑΣ Μανόλης,ΕΛΛΑΔΑ,8,10.41,83.28,True,ESAKE country,False,https://www.esake.gr/el/action/EsakeStats?mode=2&idchampionship=00000001&idseason=00000001,0000000A,00000010,ΚΟΛΟΣΣΟΣ H HOTELS COLLECTION,10,26,True
2012-13,00000212,ΚΟΥΜΠΟΥΡΑΣ Φάνης,ΕΛΛΑΔΑ,26,19.66,511.16,True,ESAKE country,False,https://www.esake.gr/el/action/EsakeStats?mode=2&idchampionship=00000001&idseason=00000001,0000000A,00000010,ΚΟΛΟΣΣΟΣ H HOTELS COLLECTION,10,26,True
2012-13,000006E4,ΚΡΙΠΙ Μάικ,,8,17.6,140.8,False,Manual review of blank country,False,https://www.esake.gr/el/action/EsakeStats?mode=2&idchampionship=00000001&idseason=00000001,00000006,00000006,ΗΛΥΣΙΑΚΟΣ,12,26,True
2012-13,0000071B,ΚΡΟΛΟ Ιβαν,,22,12.95,284.9,False,Manual review of blank country,False,https://www.esake.gr/el/action/EsakeStats?mode=2&idchampionship=00000001&idseason=00000001,00000004,00000004,ΑΠΟΛΛΩΝ Π. CARNA,8,26,True
2012-13,000006DD,ΚΡΣΤΕΦΣΚΙ Μπόγιαν,,21,10.55,221.55,False,Manual review of blank country,False,https://www.esake.gr/el/action/EsakeStats?mode=2&idchampionship=00000001&idseason=00000001,00000008,00000008,ΚΑΒΑΛΑ,14,26,True
2012-13,0000022D,ΚΥΡΙΑΚΟΠΟΥΛΟΣ Γιάννης,,14,9.97,139.58,True,Manual review of blank country,False,https://www.esake.gr/el/action/EsakeStats?mode=2&idchampionship=00000001&idseason=00000001,0000000B,00000011,ΠΑΝΕΛΕΥΣΙΝΙΑΚΟΣ,11,26,True
2012-13,0000022F,ΚΥΡΙΤΣΗΣ Αλέξης,ΕΛΛΑΔΑ,22,26.76,588.72,True,ESAKE country,False,https://www.esake.gr/el/action/EsakeStats?mode=2&idchampionship=00000001&idseason=00000001,00000007,00000007,ΙΚΑΡΟΣ LUCY HTL,7,26,False
2012-13,0000073F,ΚΩΤΤΑΣ Θωμάς,ΕΛΛΑΔΑ,0,0.0,0.0,True,ESAKE country,False,https://www.esake.gr/el/action/EsakeStats?mode=2&idchampionship=00000001&idseason=00000001,0000000C,00000012,ΠΑΟΚ,4,26,False
2012-13,0000023A,ΛΑΚΚΑΣ Χρήστος,,19,2.71,51.49,True,Manual review of blank country,False,https://www.esake.gr/el/action/EsakeStats?mode=2&idchampionship=00000001&idseason=00000001,0000000D,00000013,ΠΕΡΙΣΤΕΡΙ Betsson,13,26,True
2012-13,000006C7,ΛΑΝΓΚΦΟΡΝΤ Κέβιν,ΗΠΑ,26,24.99,649.74,False,ESAKE country,False,https://www.esake.gr/el/action/EsakeStats?mode=2&idchampionship=00000001&idseason=00000001,0000000A,00000010,ΚΟΛΟΣΣΟΣ H HOTELS COLLECTION,10,26,True
2012-13,00000245,ΛΑΡΕΝΤΖΑΚΗΣ Γιαννούλης,ΕΛΛΑΔΑ,19,12.35,234.65,True,ESAKE country,False,https://www.esake.gr/el/action/EsakeStats?mode=2&idchampionship=00000001&idseason=00000001,00000007,00000007,ΙΚΑΡΟΣ LUCY HTL,7,26,False
2012-13,000006C5,ΛΑΡΟΝ Ντέντι,,14,27.86,390.04,False,Manual review of blank country,False,https://www.esake.gr/el/action/EsakeStats?mode=2&idchampionship=00000001&idseason=00000001,0000000A,00000010,ΚΟΛΟΣΣΟΣ H HOTELS COLLECTION,10,26,True
2012-13,00000719,ΛΑΣΜΕ Στεφάν,ΔΗΜΟΚΡΑΤΙΑ ΓΚΑΜΠΟΝ,24,19.59,470.16,False,ESAKE country,False,https://www.esake.gr/el/action/EsakeStats?mode=2&idchampionship=00000001&idseason=00000001,00000001,00000001,ΠΑΝΑΘΗΝΑΪΚΟΣ AKTOR,2,26,False
2012-13,00000249,ΛΑΤΟΒΙΤΣ Νταμίρ,ΣΕΡΒΙΑ,26,14.61,379.86,False,ESAKE country,False,https://www.esake.gr/el/action/EsakeStats?mode=2&idchampionship=00000001&idseason=00000001,0000000E,00000014,ΡΕΘΥΜΝΟ CRETAN KINGS,5,26,False
2012-13,00000255,ΛΙΑΚΟΠΟΥΛΟΣ Νίκος,ΕΛΛΑΔΑ,26,28.38,737.88,True,ESAKE country,False,https://www.esake.gr/el/action/EsakeStats?mode=2&idchampionship=00000001&idseason=00000001,0000000B,00000011,ΠΑΝΕΛΕΥΣΙΝΙΑΚΟΣ,11,26,True
2012-13,0000070D,ΛΙΑΝΟΣ Ιωάννης,ΕΛΛΑΔΑ,24,19.19,460.56,True,ESAKE country,False,https://www.esake.gr/el/action/EsakeStats?mode=2&idchampionship=00000001&idseason=00000001,00000004,00000004,ΑΠΟΛΛΩΝ Π. CARNA,8,26,True
2012-13,000006FD,ΛΙΑΠΗΣ Μιχάλης,ΕΛΛΑΔΑ,4,0.23,0.92,True,ESAKE country,False,https://www.esake.gr/el/action/EsakeStats?mode=2&idchampionship=00000001&idseason=00000001,0000000C,00000012,ΠΑΟΚ,4,26,False
2012-13,00000262,ΛΟ Έισι,ΗΠΑ,22,19.04,418.88,False,ESAKE country,False,https://www.esake.gr/el/action/EsakeStats?mode=2&idchampionship=00000001&idseason=00000001,00000002,00000002,ΟΛΥΜΠΙΑΚΟΣ,1,26,False
2012-13,00000710,ΛΥΜΠΕΡΗΣ Δημήτρης,,14,7.85,109.9,True,Manual review of blank country,False,https://www.esake.gr/el/action/EsakeStats?mode=2&idchampionship=00000001&idseason=00000001,00000004,00000004,ΑΠΟΛΛΩΝ Π. CARNA,8,26,True
2012-13,00000277,ΜΑΓΚΟΥΝΗΣ Σπύρος,ΕΛΛΑΔΑ,23,26.65,612.95,True,ESAKE country,False,https://www.esake.gr/el/action/EsakeStats?mode=2&idchampionship=00000001&idseason=00000001,0000000B,00000011,ΠΑΝΕΛΕΥΣΙΝΙΑΚΟΣ,11,26,True
2012-13,00000282,ΜΑΚ ΓΚΡΑΘ Ντόνι,ΗΠΑ,16,36.12,577.92,False,ESAKE country,False,https://www.esake.gr/el/action/EsakeStats?mode=2&idchampionship=00000001&idseason=00000001,0000000C,00000012,ΠΑΟΚ,4,26,False
2012-13,0000070A,ΜΑΚ ΚΟΛΟΥΜ Έρικ,ΗΠΑ,26,26.57,690.82,False,ESAKE country,False,https://www.esake.gr/el/action/EsakeStats?mode=2&idchampionship=00000001&idseason=00000001,00000004,00000004,ΑΠΟΛΛΩΝ Π. CARNA,8,26,True
2012-13,0000029B,ΜΑΝΤΖΑΡΗΣ Αντώνης,ΕΛΛΑΔΑ,26,22.42,582.92,True,ESAKE country,False,https://www.esake.gr/el/action/EsakeStats?mode=2&idchampionship=00000001&idseason=00000001,0000000D,00000013,ΠΕΡΙΣΤΕΡΙ Betsson,13,26,True
2012-13,0000029C,ΜΑΝΤΖΑΡΗΣ Βαγγέλης,ΕΛΛΑΔΑ,14,17.63,246.82,True,ESAKE country,False,https://www.esake.gr/el/action/EsakeStats?mode=2&idchampionship=00000001&idseason=00000001,00000002,00000002,ΟΛΥΜΠΙΑΚΟΣ,1,26,False
2012-13,000006F0,ΜΑΝΤΖΙΩΡΗΣ Νίκος,,2,5.21,10.42,True,Manual review of blank country,False,https://www.esake.gr/el/action/EsakeStats?mode=2&idchampionship=00000001&idseason=00000001,0000000B,00000011,ΠΑΝΕΛΕΥΣΙΝΙΑΚΟΣ,11,26,True
2012-13,000002A2,ΜΑΝΩΛΟΠΟΥΛΟΣ Σωτήρης,ΕΛΛΑΔΑ,17,17.1,290.7,True,ESAKE country,False,https://www.esake.gr/el/action/EsakeStats?mode=2&idchampionship=00000001&idseason=00000001,00000008,00000008,ΚΑΒΑΛΑ,14,26,True
2012-13,0000073D,ΜΑΡΑΣ Ιβάν,ΜΑΥΡΟΒΟΥΝΙΟ,4,23.88,95.52,False,ESAKE country,False,https://www.esake.gr/el/action/EsakeStats?mode=2&idchampionship=00000001&idseason=00000001,00000006,00000006,ΗΛΥΣΙΑΚΟΣ,12,26,True
2012-13,000002A8,ΜΑΡΓΑΡΙΤΗΣ Βαγγέλης,ΕΛΛΑΔΑ,22,19.88,437.36,True,ESAKE country,False,https://www.esake.gr/el/action/EsakeStats?mode=2&idchampionship=00000001&idseason=00000001,0000000C,00000012,ΠΑΟΚ,4,26,False
2012-13,000006C3,ΜΑΤΣΑΜΑΣ Σάββας,ΕΛΛΑΔΑ,6,4.09,24.54,True,ESAKE country,False,https://www.esake.gr/el/action/EsakeStats?mode=2&idchampionship=00000001&idseason=00000001,0000000A,00000010,ΚΟΛΟΣΣΟΣ H HOTELS COLLECTION,10,26,True
2012-13,00000701,ΜΑΤΣΙΟΥΛΙΣ Γιόνας,ΛΙΘΟΥΑΝΙΑ,25,21.96,549.0,False,ESAKE country,False,https://www.esake.gr/el/action/EsakeStats?mode=2&idchampionship=00000001&idseason=00000001,00000001,00000001,ΠΑΝΑΘΗΝΑΪΚΟΣ AKTOR,2,26,False
2012-13,000002C6,ΜΑΥΡΟΕΙΔΗΣ Δημήτρης,ΕΛΛΑΔΑ,15,11.74,176.1,True,ESAKE country,False,https://www.esake.gr/el/action/EsakeStats?mode=2&idchampionship=00000001&idseason=00000001,00000002,00000002,ΟΛΥΜΠΙΑΚΟΣ,1,26,False
2012-13,000006ED,ΜΕΛΙΣΣΑΡΑΤΟΣ Πέτρος,ΕΛΛΑΔΑ,22,10.45,229.9,True,ESAKE country,False,https://www.esake.gr/el/action/EsakeStats?mode=2&idchampionship=00000001&idseason=00000001,0000000D,00000013,ΠΕΡΙΣΤΕΡΙ Betsson,13,26,True
2012-13,00000709,ΜΗΤΣΙΑΛΟΣ Αλέξανδρος,,9,5.22,46.98,True,Manual review of blank country,False,https://www.esake.gr/el/action/EsakeStats?mode=2&idchampionship=00000001&idseason=00000001,00000007,00000007,ΙΚΑΡΟΣ LUCY HTL,7,26,False
2012-13,000006F9,ΜΙΛΜΠΟΥΡΝ Λάντον,ΗΠΑ,25,27.17,679.25,False,ESAKE country,False,https://www.esake.gr/el/action/EsakeStats?mode=2&idchampionship=00000001&idseason=00000001,00000003,00000003,ΠΑΝΙΩΝΙΟΣ COSMORAMA TRAVEL,3,26,False
2012-13,000002E4,ΜΙΛΟΣΕΒΙΤΣ Ιγκόρ,,8,26.62,212.96,False,Manual review of blank country,False,https://www.esake.gr/el/action/EsakeStats?mode=2&idchampionship=00000001&idseason=00000001,00000008,00000008,ΚΑΒΑΛΑ,14,26,True
2012-13,000002E9,ΜΙΣΕΛ Γκάι Μαρκ,ΓΑΛΛΙΑ,26,22.46,583.96,False,ESAKE country,False,https://www.esake.gr/el/action/EsakeStats?mode=2&idchampionship=00000001&idseason=00000001,00000009,00000009,ΚΑΟΔ AM.GENETICS,9,26,True
2012-13,000006D9,ΜΙΤΡΟΒΙΤΣ Νεμάνια,ΣΕΡΒΙΑ,25,25.42,635.5,False,ESAKE country,False,https://www.esake.gr/el/action/EsakeStats?mode=2&idchampionship=00000001&idseason=00000001,00000008,00000008,ΚΑΒΑΛΑ,14,26,True
2012-13,33229979,ΜΙΤΣΕΛ Τζόναθαν,,0,0.0,0.0,False,Manual review of blank country,False,https://www.esake.gr/el/action/EsakeStats?mode=2&idchampionship=00000001&idseason=00000001,0000000D,00000013,ΠΕΡΙΣΤΕΡΙ Betsson,13,26,True
2012-13,00000713,ΜΟΛΦΕΤΑΣ Γιάννης,ΕΛΛΑΔΑ,12,3.19,38.28,True,ESAKE country,False,https://www.esake.gr/el/action/EsakeStats?mode=2&idchampionship=00000001&idseason=00000001,00000004,00000004,ΑΠΟΛΛΩΝ Π. CARNA,8,26,True
2012-13,00000732,ΜΟΡΙΣΟΝ Ντομινίκ,ΗΠΑ,11,17.19,189.09,False,ESAKE country,False,https://www.esake.gr/el/action/EsakeStats?mode=2&idchampionship=00000001&idseason=00000001,00000006,00000006,ΗΛΥΣΙΑΚΟΣ,12,26,True
2012-13,00000305,ΜΟΤΣΕΝΙΓΟΣ Σπύρος,ΕΛΛΑΔΑ,4,2.86,11.44,True,ESAKE country,False,https://www.esake.gr/el/action/EsakeStats?mode=2&idchampionship=00000001&idseason=00000001,00000003,00000003,ΠΑΝΙΩΝΙΟΣ COSMORAMA TRAVEL,3,26,False
2012-13,0000030E,ΜΟΥΡΤΟΣ Σπύρος,ΕΛΛΑΔΑ,16,8.6,137.6,True,ESAKE country,False,https://www.esake.gr/el/action/EsakeStats?mode=2&idchampionship=00000001&idseason=00000001,00000005,00000005,ΑΡΗΣ,6,26,False
2012-13,00000314,ΜΠΑΒΤΣΙΤΣ Έντιν,ΒΟΣΝΙΑ,17,19.01,323.17,False,ESAKE country,False,https://www.esake.gr/el/action/EsakeStats?mode=2&idchampionship=00000001&idseason=00000001,00000009,00000009,ΚΑΟΔ AM.GENETICS,9,26,True
2012-13,0000072A,ΜΠΑΝΚΣ Μαρκους,,14,13.85,193.9,False,Manual review of blank country,False,https://www.esake.gr/el/action/EsakeStats?mode=2&idchampionship=00000001&idseason=00000001,00000001,00000001,ΠΑΝΑΘΗΝΑΪΚΟΣ AKTOR,2,26,False
2012-13,00000333,ΜΠΑΤΗΣ Μάριος,ΕΛΛΑΔΑ,25,21.61,540.25,True,ESAKE country,False,https://www.esake.gr/el/action/EsakeStats?mode=2&idchampionship=00000001&idseason=00000001,00000003,00000003,ΠΑΝΙΩΝΙΟΣ COSMORAMA TRAVEL,3,26,False
2012-13,00000345,ΜΠΕΜΠΗΣ Βαγγέλης,ΕΛΛΑΔΑ,2,13.97,27.94,True,ESAKE country,False,https://www.esake.gr/el/action/EsakeStats?mode=2&idchampionship=00000001&idseason=00000001,00000006,00000006,ΗΛΥΣΙΑΚΟΣ,12,26,True
2012-13,00000346,ΜΠΕΝΑΣ Σταμάτης,ΕΛΛΑΔΑ,18,6.44,115.92,True,ESAKE country,False,https://www.esake.gr/el/action/EsakeStats?mode=2&idchampionship=00000001&idseason=00000001,00000009,00000009,ΚΑΟΔ AM.GENETICS,9,26,True
2012-13,00000366,ΜΠΟΓΡΗΣ Γιώργος,ΕΛΛΑΔΑ,25,14.64,366.0,True,ESAKE country,False,https://www.esake.gr/el/action/EsakeStats?mode=2&idchampionship=00000001&idseason=00000001,00000003,00000003,ΠΑΝΙΩΝΙΟΣ COSMORAMA TRAVEL,3,26,False
2012-13,00000373,ΜΠΟΡΟΒΝΙΑΚ Ντέγιαν,ΣΕΡΒΙΑ,4,9.01,36.04,False,ESAKE country,False,https://www.esake.gr/el/action/EsakeStats?mode=2&idchampionship=00000001&idseason=00000001,00000009,00000009,ΚΑΟΔ AM.GENETICS,9,26,True
2012-13,000006FB,ΜΠΟΥΚΕΡ Κρίστοφερ,,26,18.15,471.9,False,Manual review of blank country,False,https://www.esake.gr/el/action/EsakeStats?mode=2&idchampionship=00000001&idseason=00000001,00000003,00000003,ΠΑΝΙΩΝΙΟΣ COSMORAMA TRAVEL,3,26,False
2012-13,0000037E,ΜΠΟΧΩΡΙΔΗΣ Ελευθέριος,ΕΛΛΑΔΑ,21,12.49,262.29,True,ESAKE country,False,https://www.esake.gr/el/action/EsakeStats?mode=2&idchampionship=00000001&idseason=00000001,00000005,00000005,ΑΡΗΣ,6,26,False
2012-13,000006FF,ΜΠΟΧΩΡΙΔΗΣ Νίκος,,5,3.56,17.8,True,Manual review of blank country,False,https://www.esake.gr/el/action/EsakeStats?mode=2&idchampionship=00000001&idseason=00000001,00000005,00000005,ΑΡΗΣ,6,26,False
2012-13,00000381,ΜΠΡΑΜΟΣ Μάικλ,ΕΛΛΑΔΑ,26,21.75,565.5,True,ESAKE country,False,https://www.esake.gr/el/action/EsakeStats?mode=2&idchampionship=00000001&idseason=00000001,00000001,00000001,ΠΑΝΑΘΗΝΑΪΚΟΣ AKTOR,2,26,False
2012-13,000006CE,ΜΠΡΑΟΥΝ Τζέι Κόβαν,ΗΠΑ,6,19.78,118.68,False,ESAKE country,False,https://www.esake.gr/el/action/EsakeStats?mode=2&idchampionship=00000001&idseason=00000001,0000000E,00000014,ΡΕΘΥΜΝΟ CRETAN KINGS,5,26,False
2012-13,000006DC,ΝΑΝΑΛΙ Τζέιμς Γουίλιαμ,ΗΠΑ,2,28.79,57.58,False,ESAKE country,False,https://www.esake.gr/el/action/EsakeStats?mode=2&idchampionship=00000001&idseason=00000001,00000008,00000008,ΚΑΒΑΛΑ,14,26,True
2012-13,0000039C,ΝΑΝΤΖΦΕΪ Στέφαν,ΣΕΡΒΙΑ,16,19.09,305.44,False,ESAKE country,False,https://www.esake.gr/el/action/EsakeStats?mode=2&idchampionship=00000001&idseason=00000001,0000000A,00000010,ΚΟΛΟΣΣΟΣ H HOTELS COLLECTION,10,26,True
2012-13,0000071D,ΝΙΚΟΛΟΠΟΥΛΟΣ Ντίνος,ΕΛΛΑΔΑ,12,4.1,49.2,True,ESAKE country,False,https://www.esake.gr/el/action/EsakeStats?mode=2&idchampionship=00000001&idseason=00000001,0000000C,00000012,ΠΑΟΚ,4,26,False
2012-13,000003B3,ΝΙΚΟΥ Θωμάς,ΕΛΛΑΔΑ,26,18.75,487.5,True,ESAKE country,False,https://www.esake.gr/el/action/EsakeStats?mode=2&idchampionship=00000001&idseason=00000001,0000000B,00000011,ΠΑΝΕΛΕΥΣΙΝΙΑΚΟΣ,11,26,True
2012-13,000006F6,ΝΙΛ Μάρκους,,2,8.08,16.16,False,Manual review of blank country,False,https://www.esake.gr/el/action/EsakeStats?mode=2&idchampionship=00000001&idseason=00000001,00000009,00000009,ΚΑΟΔ AM.GENETICS,9,26,True
2012-13,0000071C,ΝΟΟΥΛΣ Πρέστον,,23,27.42,630.66,False,Manual review of blank country,False,https://www.esake.gr/el/action/EsakeStats?mode=2&idchampionship=00000001&idseason=00000001,00000009,00000009,ΚΑΟΔ AM.GENETICS,9,26,True
2012-13,000006F4,ΝΤΕΪΛ Λούις,,13,21.03,273.39,False,Manual review of blank country,False,https://www.esake.gr/el/action/EsakeStats?mode=2&idchampionship=00000001&idseason=00000001,00000009,00000009,ΚΑΟΔ AM.GENETICS,9,26,True
2012-13,0000072D,ΝΤΕΛΚ Ρέτζιναλντ,,4,6.55,26.2,False,Manual review of blank country,False,https://www.esake.gr/el/action/EsakeStats?mode=2&idchampionship=00000001&idseason=00000001,00000007,00000007,ΙΚΑΡΟΣ LUCY HTL,7,26,False
2012-13,000006D3,ΝΤΟΛΑΡΝΤ Τζόσουα,,6,11.04,66.24,False,Manual review of blank country,False,https://www.esake.gr/el/action/EsakeStats?mode=2&idchampionship=00000001&idseason=00000001,0000000A,00000010,ΚΟΛΟΣΣΟΣ H HOTELS COLLECTION,10,26,True
2012-13,077AC106,ΝΤΟΡΙΣ Μαρκ,ΗΠΑ,0,0.0,0.0,False,ESAKE country,False,https://www.esake.gr/el/action/EsakeStats?mode=2&idchampionship=00000001&idseason=00000001,00000003,00000003,ΠΑΝΙΩΝΙΟΣ COSMORAMA TRAVEL,3,26,False
2012-13,000003EF,ΝΤΟΡΣΕΪ Τζόε,ΗΠΑ,2,15.81,31.62,False,ESAKE country,False,https://www.esake.gr/el/action/EsakeStats?mode=2&idchampionship=00000001&idseason=00000001,00000002,00000002,ΟΛΥΜΠΙΑΚΟΣ,1,26,False
2012-13,000003F0,ΝΤΟΥΒΝΙΑΚ Ούρος,ΣΕΡΒΙΑ,26,28.1,730.6,False,ESAKE country,False,https://www.esake.gr/el/action/EsakeStats?mode=2&idchampionship=00000001&idseason=00000001,0000000E,00000014,ΡΕΘΥΜΝΟ CRETAN KINGS,5,26,False
2012-13,00000735,ΝΤΟΥΜΠΕ Μασε,,4,6.08,24.32,False,Manual review of blank country,False,https://www.esake.gr/el/action/EsakeStats?mode=2&idchampionship=00000001&idseason=00000001,0000000A,00000010,ΚΟΛΟΣΣΟΣ H HOTELS COLLECTION,10,26,True
2012-13,000006FA,ΝΤΡΑΓΚΙΣΕΒΙΤΣ Στραχίνγια,,10,9.07,90.7,False,Manual review of blank country,False,https://www.esake.gr/el/action/EsakeStats?mode=2&idchampionship=00000001&idseason=00000001,00000003,00000003,ΠΑΝΙΩΝΙΟΣ COSMORAMA TRAVEL,3,26,False
2012-13,000003F5,ΞΑΝΘΟΠΟΥΛΟΣ Βασίλης,ΕΛΛΑΔΑ,24,14.24,341.76,True,ESAKE country,False,https://www.esake.gr/el/action/EsakeStats?mode=2&idchampionship=00000001&idseason=00000001,00000001,00000001,ΠΑΝΑΘΗΝΑΪΚΟΣ AKTOR,2,26,False
2012-13,00000401,ΟΙΚΟΝΟΜΟΠΟΥΛΟΣ Ανδρέας,ΕΛΛΑΔΑ,2,2.46,4.92,True,ESAKE country,False,https://www.esake.gr/el/action/EsakeStats?mode=2&idchampionship=00000001&idseason=00000001,00000007,00000007,ΙΚΑΡΟΣ LUCY HTL,7,26,False
2012-13,00000731,ΟΣΜΠΙ Μπαμπαλε,ΗΠΑ,13,17.23,223.99,False,ESAKE country,False,https://www.esake.gr/el/action/EsakeStats?mode=2&idchampionship=00000001&idseason=00000001,0000000A,00000010,ΚΟΛΟΣΣΟΣ H HOTELS COLLECTION,10,26,True
2012-13,00000705,ΟΥΑΙΤ Έιβις,,11,18.76,206.36,False,Manual review of blank country,False,https://www.esake.gr/el/action/EsakeStats?mode=2&idchampionship=00000001&idseason=00000001,00000007,00000007,ΙΚΑΡΟΣ LUCY HTL,7,26,False
2012-13,000006D2,ΟΥΑΙΤ Μπίλι,,3,13.75,41.25,False,Manual review of blank country,False,https://www.esake.gr/el/action/EsakeStats?mode=2&idchampionship=00000001&idseason=00000001,0000000E,00000014,ΡΕΘΥΜΝΟ CRETAN KINGS,5,26,False
2012-13,000006EC,ΟΥΙΛΙΑΜΣ Ντάρεν,,16,12.01,192.16,False,Manual review of blank country,False,https://www.esake.gr/el/action/EsakeStats?mode=2&idchampionship=00000001&idseason=00000001,0000000D,00000013,ΠΕΡΙΣΤΕΡΙ Betsson,13,26,True
2012-13,0000073B,ΟΥΙΛΣΟΝ Τζαμάλ,,4,17.89,71.56,False,Manual review of blank country,False,https://www.esake.gr/el/action/EsakeStats?mode=2&idchampionship=00000001&idseason=00000001,0000000B,00000011,ΠΑΝΕΛΕΥΣΙΝΙΑΚΟΣ,11,26,True
2012-13,00000703,ΟΥΚΙΤΣ Ρόκο-Λένι,ΚΡΟΑΤΙΑ,22,20.93,460.46,False,ESAKE country,False,https://www.esake.gr/el/action/EsakeStats?mode=2&idchampionship=00000001&idseason=00000001,00000001,00000001,ΠΑΝΑΘΗΝΑΪΚΟΣ AKTOR,2,26,False
2012-13,000006F5,ΠΑΛΜΕΡ Κέβιν,,26,29.33,762.58,False,Manual review of blank country,False,https://www.esake.gr/el/action/EsakeStats?mode=2&idchampionship=00000001&idseason=00000001,00000009,00000009,ΚΑΟΔ AM.GENETICS,9,26,True
2012-13,00000700,ΠΑΝΚΟ Άντι,,10,18.73,187.3,False,Manual review of blank country,False,https://www.esake.gr/el/action/EsakeStats?mode=2&idchampionship=00000001&idseason=00000001,00000001,00000001,ΠΑΝΑΘΗΝΑΪΚΟΣ AKTOR,2,26,False
2012-13,00000446,ΠΑΝΟΣ Στηβ,ΕΛΛΑΔΑ,21,12.29,258.09,True,ESAKE country,False,https://www.esake.gr/el/action/EsakeStats?mode=2&idchampionship=00000001&idseason=00000001,00000008,00000008,ΚΑΒΑΛΑ,14,26,True
2012-13,0000044B,ΠΑΝΤΙΤΣ Μλάντεν,ΣΕΡΒΙΑ,8,23.8,190.4,False,ESAKE country,False,https://www.esake.gr/el/action/EsakeStats?mode=2&idchampionship=00000001&idseason=00000001,00000007,00000007,ΙΚΑΡΟΣ LUCY HTL,7,26,False
2012-13,00000727,ΠΑΟΥΕΛ Τζος,,18,17.08,307.44,False,Manual review of blank country,False,https://www.esake.gr/el/action/EsakeStats?mode=2&idchampionship=00000001&idseason=00000001,00000002,00000002,ΟΛΥΜΠΙΑΚΟΣ,1,26,False
2012-13,00000451,ΠΑΠΑΓΙΑΝΝΗΣ Γιώργος,ΕΛΛΑΔΑ,2,5.08,10.16,True,ESAKE country,False,https://www.esake.gr/el/action/EsakeStats?mode=2&idchampionship=00000001&idseason=00000001,0000000D,00000013,ΠΕΡΙΣΤΕΡΙ Betsson,13,26,True
2012-13,00000460,ΠΑΠΑΔΟΠΟΥΛΟΣ Λάζαρος,,24,29.88,717.12,True,Manual review of blank country,False,https://www.esake.gr/el/action/EsakeStats?mode=2&idchampionship=00000001&idseason=00000001,0000000C,00000012,ΠΑΟΚ,4,26,False
2012-13,00000468,ΠΑΠΑΝΙΚΟΛΑΟΥ Κώστας,ΕΛΛΑΔΑ,26,21.75,565.5,True,ESAKE country,False,https://www.esake.gr/el/action/EsakeStats?mode=2&idchampionship=00000001&idseason=00000001,00000002,00000002,ΟΛΥΜΠΙΑΚΟΣ,1,26,False
2012-13,00000469,ΠΑΠΑΝΙΚΟΛΑΟΥ Νίκος,,25,20.77,519.25,True,Manual review of blank country,False,https://www.esake.gr/el/action/EsakeStats?mode=2&idchampionship=00000001&idseason=00000001,0000000B,00000011,ΠΑΝΕΛΕΥΣΙΝΙΑΚΟΣ,11,26,True
2012-13,0000046B,ΠΑΠΑΝΙΚΟΛΟΠΟΥΛΟΣ Νίκος,ΕΛΛΑΔΑ,26,23.76,617.76,True,ESAKE country,False,https://www.esake.gr/el/action/EsakeStats?mode=2&idchampionship=00000001&idseason=00000001,0000000B,00000011,ΠΑΝΕΛΕΥΣΙΝΙΑΚΟΣ,11,26,True
2012-13,0000046F,ΠΑΠΑΝΤΩΝΙΟΥ Νώντας,ΕΛΛΑΔΑ,26,33.37,867.62,True,ESAKE country,False,https://www.esake.gr/el/action/EsakeStats?mode=2&idchampionship=00000001&idseason=00000001,0000000D,00000013,ΠΕΡΙΣΤΕΡΙ Betsson,13,26,True
2012-13,00000479,ΠΑΠΠΑΣ Άλκης,,6,3.3,19.8,True,Manual review of blank country,False,https://www.esake.gr/el/action/EsakeStats?mode=2&idchampionship=00000001&idseason=00000001,00000006,00000006,ΗΛΥΣΙΑΚΟΣ,12,26,True
2012-13,0000047A,ΠΑΠΠΑΣ Νίκος,ΕΛΛΑΔΑ,25,28.18,704.5,True,ESAKE country,False,https://www.esake.gr/el/action/EsakeStats?mode=2&idchampionship=00000001&idseason=00000001,00000003,00000003,ΠΑΝΙΩΝΙΟΣ COSMORAMA TRAVEL,3,26,False
2012-13,0000047D,ΠΑΡΑΓΥΙΟΣ Μιχάλης,,24,11.46,275.04,True,Manual review of blank country,False,https://www.esake.gr/el/action/EsakeStats?mode=2&idchampionship=00000001&idseason=00000001,00000006,00000006,ΗΛΥΣΙΑΚΟΣ,12,26,True
2012-13,00000481,ΠΑΡΚΕΡ Σμους,,5,32.53,162.65,False,Manual review of blank country,False,https://www.esake.gr/el/action/EsakeStats?mode=2&idchampionship=00000001&idseason=00000001,0000000D,00000013,ΠΕΡΙΣΤΕΡΙ Betsson,13,26,True
2012-13,00000483,ΠΑΣΑΛΙΤΣ Μοχάμεντ,ΒΟΣΝΙΑ,22,27.77,610.94,False,ESAKE country,False,https://www.esake.gr/el/action/EsakeStats?mode=2&idchampionship=00000001&idseason=00000001,00000005,00000005,ΑΡΗΣ,6,26,False
2012-13,000006F7,ΠΕΙΝ Μαρκ,ΗΠΑ,25,14.17,354.25,False,ESAKE country,False,https://www.esake.gr/el/action/EsakeStats?mode=2&idchampionship=00000001&idseason=00000001,00000003,00000003,ΠΑΝΙΩΝΙΟΣ COSMORAMA TRAVEL,3,26,False
2012-13,00000496,ΠΕΛΕΚΑΝΟΣ Μιχάλης,ΕΛΛΑΔΑ,24,30.06,721.44,True,ESAKE country,False,https://www.esake.gr/el/action/EsakeStats?mode=2&idchampionship=00000001&idseason=00000001,00000005,00000005,ΑΡΗΣ,6,26,False
2012-13,0000070F,ΠΕΛΕΚΟΥΔΑΣ Ανδρέας,ΕΛΛΑΔΑ,7,8.3,58.1,True,ESAKE country,False,https://www.esake.gr/el/action/EsakeStats?mode=2&idchampionship=00000001&idseason=00000001,00000004,00000004,ΑΠΟΛΛΩΝ Π. CARNA,8,26,True
2012-13,00000739,ΠΕΡΚΙΝΣ Ντορον,,7,13.43,94.01,False,Manual review of blank country,False,https://www.esake.gr/el/action/EsakeStats?mode=2&idchampionship=00000001&idseason=00000001,00000002,00000002,ΟΛΥΜΠΙΑΚΟΣ,1,26,False
2012-13,0000049F,ΠΕΡΠΕΡΟΓΛΟΥ Στράτος,ΕΛΛΑΔΑ,25,19.04,476.0,True,ESAKE country,False,https://www.esake.gr/el/action/EsakeStats?mode=2&idchampionship=00000001&idseason=00000001,00000002,00000002,ΟΛΥΜΠΙΑΚΟΣ,1,26,False
2012-13,000004A4,ΠΕΤΓΟΥΕΪ Μπρεντ,ΗΠΑ,26,29.69,771.94,False,ESAKE country,False,https://www.esake.gr/el/action/EsakeStats?mode=2&idchampionship=00000001&idseason=00000001,0000000E,00000014,ΡΕΘΥΜΝΟ CRETAN KINGS,5,26,False
2012-13,000004A5,ΠΕΤΡΟΒΙΤΣ - ΣΤΕΡΓΙΟΥ Βλάντιμιρ,ΕΛΛΑΔΑ,26,28.32,736.32,True,ESAKE country,False,https://www.esake.gr/el/action/EsakeStats?mode=2&idchampionship=00000001&idseason=00000001,00000004,00000004,ΑΠΟΛΛΩΝ Π. CARNA,8,26,True
2012-13,000004A9,ΠΕΤΡΟΥΛΑΣ Αλέξανδρος,,22,25.81,567.82,True,Manual review of blank country,False,https://www.esake.gr/el/action/EsakeStats?mode=2&idchampionship=00000001&idseason=00000001,0000000D,00000013,ΠΕΡΙΣΤΕΡΙ Betsson,13,26,True
2012-13,000004AE,ΠΙΕΒΑΛΙΤΣΑ Νικόλαος,,3,2.31,6.93,True,Manual review of blank country,False,https://www.esake.gr/el/action/EsakeStats?mode=2&idchampionship=00000001&idseason=00000001,00000008,00000008,ΚΑΒΑΛΑ,14,26,True
2012-13,000004C4,ΠΡΕΚΑΣ Τρύφωνας,,2,2.45,4.9,True,Manual review of blank country,False,https://www.esake.gr/el/action/EsakeStats?mode=2&idchampionship=00000001&idseason=00000001,0000000D,00000013,ΠΕΡΙΣΤΕΡΙ Betsson,13,26,True
2012-13,000004C7,ΠΡΙΝΤΕΖΗΣ Γιώργος,ΕΛΛΑΔΑ,24,22.05,529.2,True,ESAKE country,False,https://www.esake.gr/el/action/EsakeStats?mode=2&idchampionship=00000001&idseason=00000001,00000002,00000002,ΟΛΥΜΠΙΑΚΟΣ,1,26,False
2012-13,000006CD,ΠΡΟΥΙΤ Γκάμπριελ,ΗΠΑ,4,22.18,88.72,False,ESAKE country,False,https://www.esake.gr/el/action/EsakeStats?mode=2&idchampionship=00000001&idseason=00000001,0000000E,00000014,ΡΕΘΥΜΝΟ CRETAN KINGS,5,26,False
2012-13,000006EE,ΡΑΪΒΙΟ Νίκολας,,4,15.13,60.52,False,Manual review of blank country,False,https://www.esake.gr/el/action/EsakeStats?mode=2&idchampionship=00000001&idseason=00000001,0000000B,00000011,ΠΑΝΕΛΕΥΣΙΝΙΑΚΟΣ,11,26,True
2012-13,0000073E,ΡΑΝΤΟΒΙΤΣ Νεμάνια,,3,13.89,41.67,False,Manual review of blank country,False,https://www.esake.gr/el/action/EsakeStats?mode=2&idchampionship=00000001&idseason=00000001,00000009,00000009,ΚΑΟΔ AM.GENETICS,9,26,True
2012-13,00000733,ΡΟΟΥ Τζέισον,,12,23.66,283.92,False,Manual review of blank country,False,https://www.esake.gr/el/action/EsakeStats?mode=2&idchampionship=00000001&idseason=00000001,00000009,00000009,ΚΑΟΔ AM.GENETICS,9,26,True
2012-13,00000522,ΣΑΡΙΚΟΠΟΥΛΟΣ Ζήσης,ΕΛΛΑΔΑ,22,13.65,300.3,True,ESAKE country,False,https://www.esake.gr/el/action/EsakeStats?mode=2&idchampionship=00000001&idseason=00000001,00000005,00000005,ΑΡΗΣ,6,26,False
2012-13,00000533,ΣΕΡΜΑΝΤΙΝΙ Γκιόργκι,ΓΕΩΡΓΙΑ,12,9.53,114.36,False,ESAKE country,False,https://www.esake.gr/el/action/EsakeStats?mode=2&idchampionship=00000001&idseason=00000001,00000002,00000002,ΟΛΥΜΠΙΑΚΟΣ,1,26,False
2012-13,000006CB,ΣΙΖΟΠΟΥΛΟΣ Αδρέας,,13,3.89,50.57,False,Manual review of blank country,False,https://www.esake.gr/el/action/EsakeStats?mode=2&idchampionship=00000001&idseason=00000001,0000000E,00000014,ΡΕΘΥΜΝΟ CRETAN KINGS,5,26,False
2012-13,000006DA,ΣΙΜΕΟΝ Ίλιεφ,,6,7.09,42.54,False,Manual review of blank country,False,https://www.esake.gr/el/action/EsakeStats?mode=2&idchampionship=00000001&idseason=00000001,00000008,00000008,ΚΑΒΑΛΑ,14,26,True
2012-13,0000059C,ΣΙΜΤΣΑΚ Βασίλης,ΕΛΛΑΔΑ,25,23.65,591.25,True,ESAKE country,False,https://www.esake.gr/el/action/EsakeStats?mode=2&idchampionship=00000001&idseason=00000001,00000007,00000007,ΙΚΑΡΟΣ LUCY HTL,7,26,False
2012-13,00000554,ΣΚΟΡΔΙΛΗΣ Γάιος,ΕΛΛΑΔΑ,19,8.36,158.84,True,ESAKE country,False,https://www.esake.gr/el/action/EsakeStats?mode=2&idchampionship=00000001&idseason=00000001,00000001,00000001,ΠΑΝΑΘΗΝΑΪΚΟΣ AKTOR,2,26,False
2012-13,00000555,ΣΚΟΤ Ερνεστ,ΗΠΑ,9,31.8,286.2,False,ESAKE country,False,https://www.esake.gr/el/action/EsakeStats?mode=2&idchampionship=00000001&idseason=00000001,00000006,00000006,ΗΛΥΣΙΑΚΟΣ,12,26,True
2012-13,000006F2,ΣΛΑΦΤΣΑΚΗΣ Διαμαντής,ΕΛΛΑΔΑ,21,6.79,142.59,True,ESAKE country,False,https://www.esake.gr/el/action/EsakeStats?mode=2&idchampionship=00000001&idseason=00000001,00000009,00000009,ΚΑΟΔ AM.GENETICS,9,26,True
2012-13,0000055C,ΣΛΟΥΚΑΣ Κώστας,ΕΛΛΑΔΑ,26,17.81,463.06,True,ESAKE country,False,https://www.esake.gr/el/action/EsakeStats?mode=2&idchampionship=00000001&idseason=00000001,00000002,00000002,ΟΛΥΜΠΙΑΚΟΣ,1,26,False
2012-13,00000575,ΣΠΑΝΟΣ Αλέξανδρος,ΕΛΛΑΔΑ,20,10.9,218.0,True,ESAKE country,False,https://www.esake.gr/el/action/EsakeStats?mode=2&idchampionship=00000001&idseason=00000001,00000006,00000006,ΗΛΥΣΙΑΚΟΣ,12,26,True
2012-13,00000577,ΣΠΑΝΟΥΛΗΣ Βασίλης,ΕΛΛΑΔΑ,25,23.42,585.5,True,ESAKE country,False,https://www.esake.gr/el/action/EsakeStats?mode=2&idchampionship=00000001&idseason=00000001,00000002,00000002,ΟΛΥΜΠΙΑΚΟΣ,1,26,False
2012-13,000006E2,ΣΠΥΡΙΔΟΝΙΔΗΣ Αλέξης,ΕΛΛΑΔΑ,1,5.9,5.9,True,ESAKE country,False,https://www.esake.gr/el/action/EsakeStats?mode=2&idchampionship=00000001&idseason=00000001,00000006,00000006,ΗΛΥΣΙΑΚΟΣ,12,26,True
2012-13,0000057B,ΣΠΥΡΟΠΟΥΛΟΣ Αναστάσιος,ΕΛΛΑΔΑ,0,0.0,0.0,True,ESAKE country,False,https://www.esake.gr/el/action/EsakeStats?mode=2&idchampionship=00000001&idseason=00000001,00000003,00000003,ΠΑΝΙΩΝΙΟΣ COSMORAMA TRAVEL,3,26,False
2012-13,00000706,ΣΤΕΒΟΒΙΤΣ Αλεξ,,4,3.93,15.72,False,Manual review of blank country,False,https://www.esake.gr/el/action/EsakeStats?mode=2&idchampionship=00000001&idseason=00000001,00000007,00000007,ΙΚΑΡΟΣ LUCY HTL,7,26,False
2012-13,00000589,ΣΤΕΦΑΝΙΔΗΣ Χριστόφορος,ΕΛΛΑΔΑ,23,24.36,560.28,True,ESAKE country,False,https://www.esake.gr/el/action/EsakeStats?mode=2&idchampionship=00000001&idseason=00000001,00000008,00000008,ΚΑΒΑΛΑ,14,26,True
2012-13,000006E0,ΣΤΟΓΚΛΙΝ Τέρελ,,18,33.73,607.14,False,Manual review of blank country,False,https://www.esake.gr/el/action/EsakeStats?mode=2&idchampionship=00000001&idseason=00000001,00000006,00000006,ΗΛΥΣΙΑΚΟΣ,12,26,True
2012-13,00000597,ΣΤΡΝΑΝΤ Νίκο,ΣΛΟΒΕΝΙΑ,25,15.1,377.5,False,ESAKE country,False,https://www.esake.gr/el/action/EsakeStats?mode=2&idchampionship=00000001&idseason=00000001,00000007,00000007,ΙΚΑΡΟΣ LUCY HTL,7,26,False
2012-13,000006D8,ΣΤΥΛΙΑΝΟΥ Νίκος,ΕΛΛΑΔΑ,14,13.62,190.68,True,ESAKE country,False,https://www.esake.gr/el/action/EsakeStats?mode=2&idchampionship=00000001&idseason=00000001,00000008,00000008,ΚΑΒΑΛΑ,14,26,True
2012-13,0000059F,ΣΧΟΡΤΣΑΝΙΤΗΣ Σοφοκλής,ΕΛΛΑΔΑ,21,12.84,269.64,True,ESAKE country,False,https://www.esake.gr/el/action/EsakeStats?mode=2&idchampionship=00000001&idseason=00000001,00000001,00000001,ΠΑΝΑΘΗΝΑΪΚΟΣ AKTOR,2,26,False
2012-13,00000736,ΤΑΪΡΟΥ Ντέιβιντ,,8,19.48,155.84,False,Manual review of blank country,False,https://www.esake.gr/el/action/EsakeStats?mode=2&idchampionship=00000001&idseason=00000001,00000008,00000008,ΚΑΒΑΛΑ,14,26,True
2012-13,00000714,ΤΕΡΝΕΡ Λάρι,ΗΠΑ,27,20.04,541.08,False,ESAKE country,False,https://www.esake.gr/el/action/EsakeStats?mode=2&idchampionship=00000001&idseason=00000001,00000004,00000004,ΑΠΟΛΛΩΝ Π. CARNA,8,26,True
2012-13,0000072F,ΤΖΟΙΝΕΡ Τερενς,,4,8.85,35.4,False,Manual review of blank country,False,https://www.esake.gr/el/action/EsakeStats?mode=2&idchampionship=00000001&idseason=00000001,0000000B,00000011,ΠΑΝΕΛΕΥΣΙΝΙΑΚΟΣ,11,26,True
2012-13,000006E7,ΤΖΟΟΥΝΣ Αντριου,,10,23.19,231.9,False,Manual review of blank country,False,https://www.esake.gr/el/action/EsakeStats?mode=2&idchampionship=00000001&idseason=00000001,00000006,00000006,ΗΛΥΣΙΑΚΟΣ,12,26,True
2012-13,000006EB,ΤΖΟΟΥΝΣ Βέρντελ,,10,8.12,81.2,False,Manual review of blank country,False,https://www.esake.gr/el/action/EsakeStats?mode=2&idchampionship=00000001&idseason=00000001,0000000D,00000013,ΠΕΡΙΣΤΕΡΙ Betsson,13,26,True
2012-13,0000060F,ΤΣΑΪΡΕΛΗΣ Μιχάλης,ΕΛΛΑΔΑ,25,20.4,510.0,True,ESAKE country,False,https://www.esake.gr/el/action/EsakeStats?mode=2&idchampionship=00000001&idseason=00000001,0000000C,00000012,ΠΑΟΚ,4,26,False
2012-13,00000611,ΤΣΑΚΑΛΕΡΗΣ Ευθύμης,ΕΛΛΑΔΑ,18,7.79,140.22,True,ESAKE country,False,https://www.esake.gr/el/action/EsakeStats?mode=2&idchampionship=00000001&idseason=00000001,00000005,00000005,ΑΡΗΣ,6,26,False
2012-13,00000614,ΤΣΑΛΔΑΡΗΣ Δημήτρης,ΕΛΛΑΔΑ,10,28.3,283.0,True,ESAKE country,False,https://www.esake.gr/el/action/EsakeStats?mode=2&idchampionship=00000001&idseason=00000001,0000000A,00000010,ΚΟΛΟΣΣΟΣ H HOTELS COLLECTION,10,26,True
2012-13,0000061D,ΤΣΑΡΟΥΧΑΣ Δημήτρης,,6,3.48,20.88,True,Manual review of blank country,False,https://www.esake.gr/el/action/EsakeStats?mode=2&idchampionship=00000001&idseason=00000001,0000000E,00000014,ΡΕΘΥΜΝΟ CRETAN KINGS,5,26,False
2012-13,0000061E,ΤΣΑΡΤΣΑΡΗΣ Κώστας,,25,17.54,438.5,True,Manual review of blank country,False,https://www.esake.gr/el/action/EsakeStats?mode=2&idchampionship=00000001&idseason=00000001,00000001,00000001,ΠΑΝΑΘΗΝΑΪΚΟΣ AKTOR,2,26,False
2012-13,00000628,ΤΣΙΑΚΟΣ Γιώργος,ΕΛΛΑΔΑ,23,16.37,376.51,True,ESAKE country,False,https://www.esake.gr/el/action/EsakeStats?mode=2&idchampionship=00000001&idseason=00000001,0000000B,00000011,ΠΑΝΕΛΕΥΣΙΝΙΑΚΟΣ,11,26,True
2012-13,00000629,ΤΣΙΑΡΑΣ Γιώργος,ΕΛΛΑΔΑ,19,9.12,173.28,True,ESAKE country,False,https://www.esake.gr/el/action/EsakeStats?mode=2&idchampionship=00000001&idseason=00000001,00000005,00000005,ΑΡΗΣ,6,26,False
2012-13,00000639,ΤΣΟΧΛΑΣ Απόλλων,ΕΛΛΑΔΑ,27,21.2,572.4,True,ESAKE country,False,https://www.esake.gr/el/action/EsakeStats?mode=2&idchampionship=00000001&idseason=00000001,00000007,00000007,ΙΚΑΡΟΣ LUCY HTL,7,26,False
2012-13,00000707,ΦΑΓΙΕ Μουχάμεντ,ΣΕΝΕΓΑΛΗ,26,28.53,741.78,False,ESAKE country,False,https://www.esake.gr/el/action/EsakeStats?mode=2&idchampionship=00000001&idseason=00000001,00000007,00000007,ΙΚΑΡΟΣ LUCY HTL,7,26,False
2012-13,000006D5,ΦΙΑΡΣ Τζέρεμι,,2,22.63,45.26,False,Manual review of blank country,False,https://www.esake.gr/el/action/EsakeStats?mode=2&idchampionship=00000001&idseason=00000001,00000008,00000008,ΚΑΒΑΛΑ,14,26,True
2012-13,00000669,ΧΑΪΝΣ Κάιλ,,25,16.11,402.75,False,Manual review of blank country,False,https://www.esake.gr/el/action/EsakeStats?mode=2&idchampionship=00000001&idseason=00000001,00000002,00000002,ΟΛΥΜΠΙΑΚΟΣ,1,26,False
2012-13,0000071A,ΧΑΪΝΣ Τάιλερ,,23,13.81,317.63,False,Manual review of blank country,False,https://www.esake.gr/el/action/EsakeStats?mode=2&idchampionship=00000001&idseason=00000001,0000000D,00000013,ΠΕΡΙΣΤΕΡΙ Betsson,13,26,True
2012-13,000006E3,ΧΑΜΠΤΟΝ Μόρις,,9,31.76,285.84,False,Manual review of blank country,False,https://www.esake.gr/el/action/EsakeStats?mode=2&idchampionship=00000001&idseason=00000001,00000006,00000006,ΗΛΥΣΙΑΚΟΣ,12,26,True
2012-13,00000676,ΧΑΝΤ Τζέρεμι,ΗΠΑ,21,20.63,433.23,False,ESAKE country,False,https://www.esake.gr/el/action/EsakeStats?mode=2&idchampionship=00000001&idseason=00000001,00000005,00000005,ΑΡΗΣ,6,26,False
2012-13,0000067C,ΧΑΡΑΛΑΜΠΙΔΗΣ Κώστας,ΕΛΛΑΔΑ,23,29.74,684.02,True,ESAKE country,False,https://www.esake.gr/el/action/EsakeStats?mode=2&idchampionship=00000001&idseason=00000001,0000000C,00000012,ΠΑΟΚ,4,26,False
2012-13,00000729,ΧΑΡΑΛΑΜΠΟΠΟΥΛΟΣ Βασίλης,ΕΛΛΑΔΑ,5,5.3,26.5,True,ESAKE country,False,https://www.esake.gr/el/action/EsakeStats?mode=2&idchampionship=00000001&idseason=00000001,00000001,00000001,ΠΑΝΑΘΗΝΑΪΚΟΣ AKTOR,2,26,False
2012-13,00000682,ΧΑΡΙΣΗΣ Κώστας,ΕΛΛΑΔΑ,24,19.72,473.28,True,ESAKE country,False,https://www.esake.gr/el/action/EsakeStats?mode=2&idchampionship=00000001&idseason=00000001,00000005,00000005,ΑΡΗΣ,6,26,False
2012-13,00000685,ΧΑΡΙΤΟΠΟΥΛΟΣ Δημήτρης,ΕΛΛΑΔΑ,16,18.58,297.28,True,ESAKE country,False,https://www.esake.gr/el/action/EsakeStats?mode=2&idchampionship=00000001&idseason=00000001,0000000C,00000012,ΠΑΟΚ,4,26,False
2012-13,0000068B,ΧΑΤΕΝ Μάρκους,,25,30.68,767.0,False,Manual review of blank country,False,https://www.esake.gr/el/action/EsakeStats?mode=2&idchampionship=00000001&idseason=00000001,0000000A,00000010,ΚΟΛΟΣΣΟΣ H HOTELS COLLECTION,10,26,True
2012-13,00000690,ΧΑΤΖΗΣ Νίκος,ΕΛΛΑΔΑ,26,15.81,411.06,True,ESAKE country,False,https://www.esake.gr/el/action/EsakeStats?mode=2&idchampionship=00000001&idseason=00000001,00000006,00000006,ΗΛΥΣΙΑΚΟΣ,12,26,True
2012-13,000006FC,ΧΑΤΣΕΡ Γουίλιαμ,ΗΠΑ,22,27.86,612.92,False,ESAKE country,False,https://www.esake.gr/el/action/EsakeStats?mode=2&idchampionship=00000001&idseason=00000001,0000000C,00000012,ΠΑΟΚ,4,26,False
2012-13,000006F1,ΧΙΟΥΖ Τάιλερ,,3,3.73,11.19,False,Manual review of blank country,False,https://www.esake.gr/el/action/EsakeStats?mode=2&idchampionship=00000001&idseason=00000001,0000000B,00000011,ΠΑΝΕΛΕΥΣΙΝΙΑΚΟΣ,11,26,True
2012-13,0000071E,ΧΟΡΝ Πάρις,,19,18.31,347.89,False,Manual review of blank country,False,https://www.esake.gr/el/action/EsakeStats?mode=2&idchampionship=00000001&idseason=00000001,0000000E,00000014,ΡΕΘΥΜΝΟ CRETAN KINGS,5,26,False
2012-13,000006BD,ΧΡΥΣΙΚΟΠΟΥΛΟΣ Λίνος,ΕΛΛΑΔΑ,12,11.48,137.76,True,ESAKE country,False,https://www.esake.gr/el/action/EsakeStats?mode=2&idchampionship=00000001&idseason=00000001,0000000C,00000012,ΠΑΟΚ,4,26,False
2012-13,000006C0,ΨΑΡΟΠΟΥΛΟΣ Σωκράτης,ΕΛΛΑΔΑ,21,8.21,172.41,True,ESAKE country,False,https://www.esake.gr/el/action/EsakeStats?mode=2&idchampionship=00000001&idseason=00000001,0000000D,00000013,ΠΕΡΙΣΤΕΡΙ Betsson,13,26,True
2013-14,00000715,ΑΒΡΑΜΙΔΗΣ Δήμος,ΕΛΛΑΔΑ,23,10.38,238.74,True,ESAKE country,False,https://www.esake.gr/el/action/EsakeStats?mode=2&idchampionship=46F7BA21&idseason=00000001,0000000B,00000011,ΠΑΝΕΛΕΥΣΙΝΙΑΚΟΣ,12,26,True
2013-14,0000000B,ΑΓΓΕΛΟΠΟΥΛΟΣ Νίκος,ΕΛΛΑΔΑ,24,18.23,437.52,True,ESAKE country,False,https://www.esake.gr/el/action/EsakeStats?mode=2&idchampionship=46F7BA21&idseason=00000001,0000000E,00000014,ΡΕΘΥΜΝΟ CRETAN KINGS,9,26,True
2013-14,0000000F,ΑΓΡΑΒΑΝΗΣ Δημήτρης,ΕΛΛΑΔΑ,13,8.16,106.08,True,ESAKE country,False,https://www.esake.gr/el/action/EsakeStats?mode=2&idchampionship=46F7BA21&idseason=00000001,00000002,00000002,ΟΛΥΜΠΙΑΚΟΣ,2,26,False
2013-14,00000012,ΑΘΑΝΑΣΟΥΛΑΣ Γιάννης,ΕΛΛΑΔΑ,25,16.34,408.5,True,ESAKE country,False,https://www.esake.gr/el/action/EsakeStats?mode=2&idchampionship=46F7BA21&idseason=00000001,00000003,00000003,ΠΑΝΙΩΝΙΟΣ COSMORAMA TRAVEL,3,26,False
2013-14,00000013,ΑΘΗΝΑΙΟΥ Γιάννης,ΕΛΛΑΔΑ,22,30.56,672.32,True,ESAKE country,False,https://www.esake.gr/el/action/EsakeStats?mode=2&idchampionship=46F7BA21&idseason=00000001,00000005,00000005,ΑΡΗΣ,7,26,False
2013-14,F4A1D655,ΑΝΤΕΓΚΠΟΓΙΕ Στέφεν,,23,12.72,292.56,False,Manual review of blank country,False,https://www.esake.gr/el/action/EsakeStats?mode=2&idchampionship=46F7BA21&idseason=00000001,7E7C484C,2022074188,ΚΗΦΙΣΙΑ,5,26,False
2013-14,0000003B,ΑΝΤΩΝΑΚΗΣ Τάσος,ΕΛΛΑΔΑ,25,17.52,438.0,True,ESAKE country,False,https://www.esake.gr/el/action/EsakeStats?mode=2&idchampionship=46F7BA21&idseason=00000001,00000006,00000006,ΗΛΥΣΙΑΚΟΣ,13,26,True
2013-14,0000003F,ΑΠΟΣΤΟΛΙΔΗΣ Γιώργος,ΕΛΛΑΔΑ,4,8.57,34.28,True,ESAKE country,False,https://www.esake.gr/el/action/EsakeStats?mode=2&idchampionship=46F7BA21&idseason=00000001,00000001,00000001,ΠΑΝΑΘΗΝΑΪΚΟΣ AKTOR,1,26,False
2013-14,00000043,ΑΡΑΠΗΣ Δημήτρης,ΕΛΛΑΔΑ,19,12.91,245.29,True,ESAKE country,False,https://www.esake.gr/el/action/EsakeStats?mode=2&idchampionship=46F7BA21&idseason=00000001,0000000B,00000011,ΠΑΝΕΛΕΥΣΙΝΙΑΚΟΣ,12,26,True
2013-14,00000046,ΑΡΓΥΡΟΠΟΥΛΟΣ Νίκος,ΕΛΛΑΔΑ,25,20.67,516.75,True,ESAKE country,False,https://www.esake.gr/el/action/EsakeStats?mode=2&idchampionship=46F7BA21&idseason=00000001,00000004,00000004,ΑΠΟΛΛΩΝ Π. CARNA,8,26,True
2013-14,000006D7,ΑΡΜΠΕΤ Γκρεγκόρ,,15,12.09,181.35,False,Manual review of blank country,False,https://www.esake.gr/el/action/EsakeStats?mode=2&idchampionship=46F7BA21&idseason=00000001,0000000E,00000014,ΡΕΘΥΜΝΟ CRETAN KINGS,9,26,True
2013-14,0000004F,ΑΣΗΜΑΚΟΠΟΥΛΟΣ Αντώνης,ΕΛΛΑΔΑ,25,19.19,479.75,True,ESAKE country,False,https://www.esake.gr/el/action/EsakeStats?mode=2&idchampionship=46F7BA21&idseason=00000001,00000005,00000005,ΑΡΗΣ,7,26,False
2013-14,3B41D669,ΑΣΚΑ Ιβάν,ΗΠΑ,25,31.2,780.0,False,ESAKE country,False,https://www.esake.gr/el/action/EsakeStats?mode=2&idchampionship=46F7BA21&idseason=00000001,00000007,00000007,ΙΚΑΡΟΣ LUCY HTL,14,26,True
2013-14,00000053,ΒΑΒΑΤΣΙΚΟΣ Γιάννης,ΕΛΛΑΔΑ,16,7.11,113.76,True,ESAKE country,False,https://www.esake.gr/el/action/EsakeStats?mode=2&idchampionship=46F7BA21&idseason=00000001,00000006,00000006,ΗΛΥΣΙΑΚΟΣ,13,26,True
2013-14,00000063,ΒΑΣΙΛΙΕΒΙΤΣ Σάσα,,22,19.14,421.08,False,Manual review of blank country,False,https://www.esake.gr/el/action/EsakeStats?mode=2&idchampionship=46F7BA21&idseason=00000001,7E7C484C,2022074188,ΚΗΦΙΣΙΑ,5,26,False
2013-14,00000069,ΒΕΖΕΝΚΟΦ Αλέξανδρος,ΚΥΠΡΟΣ,25,28.17,704.25,False,ESAKE country,False,https://www.esake.gr/el/action/EsakeStats?mode=2&idchampionship=46F7BA21&idseason=00000001,00000005,00000005,ΑΡΗΣ,7,26,False
2013-14,58A08BB4,ΒΟΝ Τζούλιαν,ΗΠΑ,26,20.79,540.54,False,ESAKE country,False,https://www.esake.gr/el/action/EsakeStats?mode=2&idchampionship=46F7BA21&idseason=00000001,00000009,00000009,ΚΑΟΔ AM.GENETICS,6,26,False
2013-14,000006CA,ΒΟΥΓΙΟΥΚΑΣ Αλέξανδρος,ΕΛΛΑΔΑ,14,4.83,67.62,True,ESAKE country,False,https://www.esake.gr/el/action/EsakeStats?mode=2&idchampionship=46F7BA21&idseason=00000001,00000007,00000007,ΙΚΑΡΟΣ LUCY HTL,14,26,True
2013-14,4C932DB9,ΒΟΥΤΣΙΤΣΕΒΙΤΣ Γκόραν,ΣΕΡΒΙΑ,16,2.82,45.12,False,ESAKE country,False,https://www.esake.gr/el/action/EsakeStats?mode=2&idchampionship=46F7BA21&idseason=00000001,0000000C,00000012,ΠΑΟΚ,4,26,False
2013-14,0000008E,ΓΕΩΡΓΑΚΗΣ Γιώργος,ΕΛΛΑΔΑ,13,6.47,84.11,True,ESAKE country,False,https://www.esake.gr/el/action/EsakeStats?mode=2&idchampionship=46F7BA21&idseason=00000001,00000014,00000020,ΤΡΙΚΑΛΑ BC ARIES,11,26,True
2013-14,00000091,ΓΕΩΡΓΑΛΛΗΣ Γιάννης,ΕΛΛΑΔΑ,26,22.94,596.44,True,ESAKE country,False,https://www.esake.gr/el/action/EsakeStats?mode=2&idchampionship=46F7BA21&idseason=00000001,0000000A,00000010,ΚΟΛΟΣΣΟΣ H HOTELS COLLECTION,10,26,True
2013-14,0000009B,ΓΙΑΝΚΟΒΙΤΣ Βλαδίμηρος,ΕΛΛΑΔΑ,25,14.46,361.5,True,ESAKE country,False,https://www.esake.gr/el/action/EsakeStats?mode=2&idchampionship=46F7BA21&idseason=00000001,00000001,00000001,ΠΑΝΑΘΗΝΑΪΚΟΣ AKTOR,1,26,False
2013-14,0000009F,ΓΙΑΝΝΑΚΙΔΗΣ Μιχάλης,ΕΛΛΑΔΑ,26,16.85,438.1,True,ESAKE country,False,https://www.esake.gr/el/action/EsakeStats?mode=2&idchampionship=46F7BA21&idseason=00000001,00000014,00000020,ΤΡΙΚΑΛΑ BC ARIES,11,26,True
2013-14,000000B7,ΓΚΑΓΚΑΛΟΥΔΗΣ Γιάννης,ΕΛΛΑΔΑ,26,30.44,791.44,True,ESAKE country,False,https://www.esake.gr/el/action/EsakeStats?mode=2&idchampionship=46F7BA21&idseason=00000001,00000007,00000007,ΙΚΑΡΟΣ LUCY HTL,14,26,True
2013-14,F3E4013A,ΓΚΑΜΠΡΙΕΛ Κένι,ΗΠΑ,26,29.58,769.08,False,ESAKE country,False,https://www.esake.gr/el/action/EsakeStats?mode=2&idchampionship=46F7BA21&idseason=00000001,0000000E,00000014,ΡΕΘΥΜΝΟ CRETAN KINGS,9,26,True
2013-14,C1203314,ΓΚΑΡΕΤ Ντάριους,ΗΠΑ,23,18.69,429.87,False,ESAKE country,False,https://www.esake.gr/el/action/EsakeStats?mode=2&idchampionship=46F7BA21&idseason=00000001,7E7C484C,2022074188,ΚΗΦΙΣΙΑ,5,26,False
2013-14,CC57C559,ΓΚΙΚΑΣ Νίκος,ΕΛΛΑΔΑ,21,18.95,397.95,True,ESAKE country,False,https://www.esake.gr/el/action/EsakeStats?mode=2&idchampionship=46F7BA21&idseason=00000001,00000005,00000005,ΑΡΗΣ,7,26,False
2013-14,00000722,ΓΚΙΣΤ Τζέιμς,ΗΠΑ,23,20.05,461.15,False,ESAKE country,False,https://www.esake.gr/el/action/EsakeStats?mode=2&idchampionship=46F7BA21&idseason=00000001,00000001,00000001,ΠΑΝΑΘΗΝΑΪΚΟΣ AKTOR,1,26,False
2013-14,E6C09C3A,ΓΟΥΝΤΣ Τόνι,ΗΠΑ,26,17.5,455.0,False,ESAKE country,False,https://www.esake.gr/el/action/EsakeStats?mode=2&idchampionship=46F7BA21&idseason=00000001,7E7C484C,2022074188,ΚΗΦΙΣΙΑ,5,26,False
2013-14,0000010E,ΔΑΝΑΣ Γιώργος,ΕΛΛΑΔΑ,5,2.11,10.55,True,ESAKE country,False,https://www.esake.gr/el/action/EsakeStats?mode=2&idchampionship=46F7BA21&idseason=00000001,0000000A,00000010,ΚΟΛΟΣΣΟΣ H HOTELS COLLECTION,10,26,True
2013-14,00000110,ΔΕΔΑΣ Γιώργος,ΕΛΛΑΔΑ,26,13.38,347.88,True,ESAKE country,False,https://www.esake.gr/el/action/EsakeStats?mode=2&idchampionship=46F7BA21&idseason=00000001,0000000C,00000012,ΠΑΟΚ,4,26,False
2013-14,00000112,ΔΕΛΗΓΙΑΝΝΗΣ Χρήστος,ΕΛΛΑΔΑ,25,14.38,359.5,True,ESAKE country,False,https://www.esake.gr/el/action/EsakeStats?mode=2&idchampionship=46F7BA21&idseason=00000001,00000014,00000020,ΤΡΙΚΑΛΑ BC ARIES,11,26,True
2013-14,00000115,ΔΕΜΕΡΤΖΗΣ Γιάννης,ΕΛΛΑΔΑ,2,12.6,25.2,True,ESAKE country,False,https://www.esake.gr/el/action/EsakeStats?mode=2&idchampionship=46F7BA21&idseason=00000001,00000007,00000007,ΙΚΑΡΟΣ LUCY HTL,14,26,True
2013-14,0000071F,ΔΗΜΑΚΟΣ Γιάννης,ΕΛΛΑΔΑ,10,7.21,72.1,True,ESAKE country,False,https://www.esake.gr/el/action/EsakeStats?mode=2&idchampionship=46F7BA21&idseason=00000001,0000000B,00000011,ΠΑΝΕΛΕΥΣΙΝΙΑΚΟΣ,12,26,True
2013-14,00000728,ΔΙΑΜΑΝΤΑΚΟΣ Γιώργος,ΕΛΛΑΔΑ,1,6.85,6.85,True,ESAKE country,False,https://www.esake.gr/el/action/EsakeStats?mode=2&idchampionship=46F7BA21&idseason=00000001,00000001,00000001,ΠΑΝΑΘΗΝΑΪΚΟΣ AKTOR,1,26,False
2013-14,0000011A,ΔΙΑΜΑΝΤΙΔΗΣ Δημήτρης,ΕΛΛΑΔΑ,25,20.64,516.0,True,ESAKE country,False,https://www.esake.gr/el/action/EsakeStats?mode=2&idchampionship=46F7BA21&idseason=00000001,00000001,00000001,ΠΑΝΑΘΗΝΑΪΚΟΣ AKTOR,1,26,False
2013-14,0000011D,ΔΟΡΚΟΦΙΚΗΣ Περικλής,ΕΛΛΑΔΑ,24,18.73,449.52,True,ESAKE country,False,https://www.esake.gr/el/action/EsakeStats?mode=2&idchampionship=46F7BA21&idseason=00000001,00000006,00000006,ΗΛΥΣΙΑΚΟΣ,13,26,True
2013-14,56137D1A,ΕΒΑΝΣ Κρις,ΗΠΑ,25,32.76,819.0,False,ESAKE country,False,https://www.esake.gr/el/action/EsakeStats?mode=2&idchampionship=46F7BA21&idseason=00000001,00000014,00000020,ΤΡΙΚΑΛΑ BC ARIES,11,26,True
2013-14,00000734,ΕΖΙΟΥΚΟΥ Καλίστους,ΗΠΑ,14,23.14,323.96,False,ESAKE country,False,https://www.esake.gr/el/action/EsakeStats?mode=2&idchampionship=46F7BA21&idseason=00000001,0000000E,00000014,ΡΕΘΥΜΝΟ CRETAN KINGS,9,26,True
2013-14,00000140,ΖΑΡΑΣ Θοδωρής,ΕΛΛΑΔΑ,26,19.35,503.1,True,ESAKE country,False,https://www.esake.gr/el/action/EsakeStats?mode=2&idchampionship=46F7BA21&idseason=00000001,00000009,00000009,ΚΑΟΔ AM.GENETICS,6,26,False
2013-14,00000712,ΖΑΦΕΙΡΗΣ Θανάσης,ΕΛΛΑΔΑ,11,10.1,111.1,True,ESAKE country,False,https://www.esake.gr/el/action/EsakeStats?mode=2&idchampionship=46F7BA21&idseason=00000001,00000004,00000004,ΑΠΟΛΛΩΝ Π. CARNA,8,26,True
2013-14,0000014D,ΖΟΥΜΠΟΣ Φώτης,ΕΛΛΑΔΑ,12,4.72,56.64,True,ESAKE country,False,https://www.esake.gr/el/action/EsakeStats?mode=2&idchampionship=46F7BA21&idseason=00000001,00000006,00000006,ΗΛΥΣΙΑΚΟΣ,13,26,True
2013-14,00000165,ΙΩΑΝΝΟΥ Στέλιος,ΕΛΛΑΔΑ,26,21.94,570.44,True,ESAKE country,False,https://www.esake.gr/el/action/EsakeStats?mode=2&idchampionship=46F7BA21&idseason=00000001,00000006,00000006,ΗΛΥΣΙΑΚΟΣ,13,26,True
2013-14,00000167,ΚΑΒΒΑΔΑΣ Βασίλης,ΕΛΛΑΔΑ,19,9.83,186.77,True,ESAKE country,False,https://www.esake.gr/el/action/EsakeStats?mode=2&idchampionship=46F7BA21&idseason=00000001,00000002,00000002,ΟΛΥΜΠΙΑΚΟΣ,2,26,False
2013-14,C1EA96D0,ΚΑΪΛΣ Ντέιβιντ,ΗΠΑ,6,25.01,150.06,False,ESAKE country,False,https://www.esake.gr/el/action/EsakeStats?mode=2&idchampionship=46F7BA21&idseason=00000001,0000000B,00000011,ΠΑΝΕΛΕΥΣΙΝΙΑΚΟΣ,12,26,True
2013-14,0000016E,ΚΑΚΑΡΟΥΔΗΣ Κώστας,ΕΛΛΑΔΑ,6,24.08,144.48,True,ESAKE country,False,https://www.esake.gr/el/action/EsakeStats?mode=2&idchampionship=46F7BA21&idseason=00000001,0000000A,00000010,ΚΟΛΟΣΣΟΣ H HOTELS COLLECTION,10,26,True
2013-14,00000171,ΚΑΚΙΟΥΖΗΣ Μιχάλης,ΕΛΛΑΔΑ,18,24.07,433.26,True,ESAKE country,False,https://www.esake.gr/el/action/EsakeStats?mode=2&idchampionship=46F7BA21&idseason=00000001,7E7C484C,2022074188,ΚΗΦΙΣΙΑ,5,26,False
2013-14,0000017B,ΚΑΛΑΜΠΟΚΗΣ Γιάννης,ΕΛΛΑΔΑ,24,22.57,541.68,True,ESAKE country,False,https://www.esake.gr/el/action/EsakeStats?mode=2&idchampionship=46F7BA21&idseason=00000001,0000000E,00000014,ΡΕΘΥΜΝΟ CRETAN KINGS,9,26,True
2013-14,0000017E,ΚΑΛΛΕΣ Νίκος,ΕΛΛΑΔΑ,21,5.76,120.96,True,ESAKE country,False,https://www.esake.gr/el/action/EsakeStats?mode=2&idchampionship=46F7BA21&idseason=00000001,0000000C,00000012,ΠΑΟΚ,4,26,False
2013-14,0000017C,ΚΑΛΛΙΝΙΚΙΔΗΣ Αβραάμ,ΕΛΛΑΔΑ,25,10.69,267.25,True,ESAKE country,False,https://www.esake.gr/el/action/EsakeStats?mode=2&idchampionship=46F7BA21&idseason=00000001,0000000E,00000014,ΡΕΘΥΜΝΟ CRETAN KINGS,9,26,True
2013-14,00000189,ΚΑΝΟΝΙΔΗΣ Ανδρέας,ΕΛΛΑΔΑ,19,9.18,174.42,True,ESAKE country,False,https://www.esake.gr/el/action/EsakeStats?mode=2&idchampionship=46F7BA21&idseason=00000001,0000000E,00000014,ΡΕΘΥΜΝΟ CRETAN KINGS,9,26,True
2013-14,000006C4,ΚΑΠΕΛΑΝ Ντιέγκο,ΒΟΣΝΙΑ,3,5.84,17.52,False,ESAKE country,False,https://www.esake.gr/el/action/EsakeStats?mode=2&idchampionship=46F7BA21&idseason=00000001,0000000A,00000010,ΚΟΛΟΣΣΟΣ H HOTELS COLLECTION,10,26,True
2013-14,0000070B,ΚΑΠΕΡΩΝΗΣ Παναγιώτης,ΕΛΛΑΔΑ,14,3.4,47.6,True,ESAKE country,False,https://www.esake.gr/el/action/EsakeStats?mode=2&idchampionship=46F7BA21&idseason=00000001,00000004,00000004,ΑΠΟΛΛΩΝ Π. CARNA,8,26,True
2013-14,00000720,ΚΑΡΙ Ραμέλ,ΗΠΑ,21,18.84,395.64,False,ESAKE country,False,https://www.esake.gr/el/action/EsakeStats?mode=2&idchampionship=46F7BA21&idseason=00000001,00000001,00000001,ΠΑΝΑΘΗΝΑΪΚΟΣ AKTOR,1,26,False
2013-14,000006CC,ΚΑΡΤΕΡ Μαρκ,ΗΠΑ,25,24.2,605.0,False,ESAKE country,False,https://www.esake.gr/el/action/EsakeStats?mode=2&idchampionship=46F7BA21&idseason=00000001,00000003,00000003,ΠΑΝΙΩΝΙΟΣ COSMORAMA TRAVEL,3,26,False
2013-14,000001AD,ΚΑΣΕΛΑΚΗΣ Λεωνίδας,ΕΛΛΑΔΑ,26,20.83,541.58,True,ESAKE country,False,https://www.esake.gr/el/action/EsakeStats?mode=2&idchampionship=46F7BA21&idseason=00000001,0000000C,00000012,ΠΑΟΚ,4,26,False
2013-14,000001BC,ΚΑΤΣΙΒΕΛΗΣ Δημήτρης,ΕΛΛΑΔΑ,17,11.64,197.88,True,ESAKE country,False,https://www.esake.gr/el/action/EsakeStats?mode=2&idchampionship=46F7BA21&idseason=00000001,00000002,00000002,ΟΛΥΜΠΙΑΚΟΣ,2,26,False
2013-14,000001C1,ΚΑΥΚΗΣ Παναγιώτης,ΕΛΛΑΔΑ,24,26.39,633.36,True,ESAKE country,False,https://www.esake.gr/el/action/EsakeStats?mode=2&idchampionship=46F7BA21&idseason=00000001,00000006,00000006,ΗΛΥΣΙΑΚΟΣ,13,26,True
2013-14,C2D4A68B,ΚΟΛΙΝΣ Μάρντι,ΗΠΑ,14,14.98,209.72,False,ESAKE country,False,https://www.esake.gr/el/action/EsakeStats?mode=2&idchampionship=46F7BA21&idseason=00000001,00000002,00000002,ΟΛΥΜΠΙΑΚΟΣ,2,26,False
2013-14,CAD847E9,ΚΟΛΟΒΗΣ Ιωάννης,ΕΛΛΑΔΑ,4,0.98,3.92,True,ESAKE country,False,https://www.esake.gr/el/action/EsakeStats?mode=2&idchampionship=46F7BA21&idseason=00000001,00000009,00000009,ΚΑΟΔ AM.GENETICS,6,26,False
2013-14,000001EE,ΚΟΜΜΑΤΟΣ Νέστωρ,ΕΛΛΑΔΑ,19,23.34,443.46,True,ESAKE country,False,https://www.esake.gr/el/action/EsakeStats?mode=2&idchampionship=46F7BA21&idseason=00000001,0000000A,00000010,ΚΟΛΟΣΣΟΣ H HOTELS COLLECTION,10,26,True
2013-14,000001EF,ΚΟΜΠΟΔΙΕΤΑΣ Δημήτρης,ΕΛΛΑΔΑ,17,5.08,86.36,True,ESAKE country,False,https://www.esake.gr/el/action/EsakeStats?mode=2&idchampionship=46F7BA21&idseason=00000001,7E7C484C,2022074188,ΚΗΦΙΣΙΑ,5,26,False
2013-14,CF580EB7,ΚΟΝΙΑΡΗΣ Αντώνης,ΕΛΛΑΔΑ,5,3.06,15.3,True,ESAKE country,False,https://www.esake.gr/el/action/EsakeStats?mode=2&idchampionship=46F7BA21&idseason=00000001,0000000C,00000012,ΠΑΟΚ,4,26,False
2013-14,0000020B,ΚΟΥΚΟΥΛΑΣ Μανόλης,ΕΛΛΑΔΑ,4,7.35,29.4,True,ESAKE country,False,https://www.esake.gr/el/action/EsakeStats?mode=2&idchampionship=46F7BA21&idseason=00000001,0000000A,00000010,ΚΟΛΟΣΣΟΣ H HOTELS COLLECTION,10,26,True
2013-14,00000212,ΚΟΥΜΠΟΥΡΑΣ Φάνης,ΕΛΛΑΔΑ,26,18.04,469.04,True,ESAKE country,False,https://www.esake.gr/el/action/EsakeStats?mode=2&idchampionship=46F7BA21&idseason=00000001,0000000E,00000014,ΡΕΘΥΜΝΟ CRETAN KINGS,9,26,True
2013-14,DE3117F5,ΚΟΥΠΕΡ Ντι Τζέι,ΗΠΑ,26,30.89,803.14,False,ESAKE country,False,https://www.esake.gr/el/action/EsakeStats?mode=2&idchampionship=46F7BA21&idseason=00000001,0000000C,00000012,ΠΑΟΚ,4,26,False
2013-14,83E81253,ΚΡΟΚΕΡ Τόνι,ΗΠΑ,20,32.56,651.2,False,ESAKE country,False,https://www.esake.gr/el/action/EsakeStats?mode=2&idchampionship=46F7BA21&idseason=00000001,7E7C484C,2022074188,ΚΗΦΙΣΙΑ,5,26,False
2013-14,0000022F,ΚΥΡΙΤΣΗΣ Αλέξης,ΕΛΛΑΔΑ,22,11.66,256.52,True,ESAKE country,False,https://www.esake.gr/el/action/EsakeStats?mode=2&idchampionship=46F7BA21&idseason=00000001,00000003,00000003,ΠΑΝΙΩΝΙΟΣ COSMORAMA TRAVEL,3,26,False
2013-14,0000073F,ΚΩΤΤΑΣ Θωμάς,ΕΛΛΑΔΑ,1,7.72,7.72,True,ESAKE country,False,https://www.esake.gr/el/action/EsakeStats?mode=2&idchampionship=46F7BA21&idseason=00000001,0000000C,00000012,ΠΑΟΚ,4,26,False
2013-14,000006C7,ΛΑΝΓΚΦΟΡΝΤ Κέβιν,ΗΠΑ,24,18.58,445.92,False,ESAKE country,False,https://www.esake.gr/el/action/EsakeStats?mode=2&idchampionship=46F7BA21&idseason=00000001,00000003,00000003,ΠΑΝΙΩΝΙΟΣ COSMORAMA TRAVEL,3,26,False
2013-14,00000245,ΛΑΡΕΝΤΖΑΚΗΣ Γιαννούλης,ΕΛΛΑΔΑ,12,6.68,80.16,True,ESAKE country,False,https://www.esake.gr/el/action/EsakeStats?mode=2&idchampionship=46F7BA21&idseason=00000001,00000005,00000005,ΑΡΗΣ,7,26,False
2013-14,00000719,ΛΑΣΜΕ Στεφάν,ΔΗΜΟΚΡΑΤΙΑ ΓΚΑΜΠΟΝ,23,20.37,468.51,False,ESAKE country,False,https://www.esake.gr/el/action/EsakeStats?mode=2&idchampionship=46F7BA21&idseason=00000001,00000001,00000001,ΠΑΝΑΘΗΝΑΪΚΟΣ AKTOR,1,26,False
2013-14,00000249,ΛΑΤΟΒΙΤΣ Νταμίρ,ΣΕΡΒΙΑ,25,15.79,394.75,False,ESAKE country,False,https://www.esake.gr/el/action/EsakeStats?mode=2&idchampionship=46F7BA21&idseason=00000001,0000000E,00000014,ΡΕΘΥΜΝΟ CRETAN KINGS,9,26,True
2013-14,2F24B377,ΛΕΚΑΚΗΣ Ιωάννης,ΕΛΛΑΔΑ,3,3.67,11.01,True,ESAKE country,False,https://www.esake.gr/el/action/EsakeStats?mode=2&idchampionship=46F7BA21&idseason=00000001,00000014,00000020,ΤΡΙΚΑΛΑ BC ARIES,11,26,True
2013-14,00000255,ΛΙΑΚΟΠΟΥΛΟΣ Νίκος,ΕΛΛΑΔΑ,25,27.02,675.5,True,ESAKE country,False,https://www.esake.gr/el/action/EsakeStats?mode=2&idchampionship=46F7BA21&idseason=00000001,7E7C484C,2022074188,ΚΗΦΙΣΙΑ,5,26,False
2013-14,0000070D,ΛΙΑΝΟΣ Ιωάννης,ΕΛΛΑΔΑ,26,19.45,505.7,True,ESAKE country,False,https://www.esake.gr/el/action/EsakeStats?mode=2&idchampionship=46F7BA21&idseason=00000001,00000004,00000004,ΑΠΟΛΛΩΝ Π. CARNA,8,26,True
2013-14,000006FD,ΛΙΑΠΗΣ Μιχάλης,ΕΛΛΑΔΑ,18,2.72,48.96,True,ESAKE country,False,https://www.esake.gr/el/action/EsakeStats?mode=2&idchampionship=46F7BA21&idseason=00000001,0000000C,00000012,ΠΑΟΚ,4,26,False
2013-14,00000262,ΛΟ Έισι,ΗΠΑ,9,16.99,152.91,False,ESAKE country,False,https://www.esake.gr/el/action/EsakeStats?mode=2&idchampionship=46F7BA21&idseason=00000001,00000002,00000002,ΟΛΥΜΠΙΑΚΟΣ,2,26,False
2013-14,7E196AB8,ΛΟΤΖΕΣΚΙ Ματ,ΒΕΛΓΙΟ,23,22.42,515.66,False,ESAKE country,False,https://www.esake.gr/el/action/EsakeStats?mode=2&idchampionship=46F7BA21&idseason=00000001,00000002,00000002,ΟΛΥΜΠΙΑΚΟΣ,2,26,False
2013-14,00000277,ΜΑΓΚΟΥΝΗΣ Σπύρος,ΕΛΛΑΔΑ,7,9.56,66.92,True,ESAKE country,False,https://www.esake.gr/el/action/EsakeStats?mode=2&idchampionship=46F7BA21&idseason=00000001,0000000B,00000011,ΠΑΝΕΛΕΥΣΙΝΙΑΚΟΣ,12,26,True
2013-14,0000070A,ΜΑΚ ΚΟΛΟΥΜ Έρικ,ΗΠΑ,26,28.16,732.16,False,ESAKE country,False,https://www.esake.gr/el/action/EsakeStats?mode=2&idchampionship=46F7BA21&idseason=00000001,00000003,00000003,ΠΑΝΙΩΝΙΟΣ COSMORAMA TRAVEL,3,26,False
2013-14,0000029B,ΜΑΝΤΖΑΡΗΣ Αντώνης,ΕΛΛΑΔΑ,25,18.83,470.75,True,ESAKE country,False,https://www.esake.gr/el/action/EsakeStats?mode=2&idchampionship=46F7BA21&idseason=00000001,0000000B,00000011,ΠΑΝΕΛΕΥΣΙΝΙΑΚΟΣ,12,26,True
2013-14,0000029C,ΜΑΝΤΖΑΡΗΣ Βαγγέλης,ΕΛΛΑΔΑ,25,22.19,554.75,True,ESAKE country,False,https://www.esake.gr/el/action/EsakeStats?mode=2&idchampionship=46F7BA21&idseason=00000001,00000002,00000002,ΟΛΥΜΠΙΑΚΟΣ,2,26,False
2013-14,000002A2,ΜΑΝΩΛΟΠΟΥΛΟΣ Σωτήρης,ΕΛΛΑΔΑ,23,13.68,314.64,True,ESAKE country,False,https://www.esake.gr/el/action/EsakeStats?mode=2&idchampionship=46F7BA21&idseason=00000001,00000007,00000007,ΙΚΑΡΟΣ LUCY HTL,14,26,True
2013-14,000002A8,ΜΑΡΓΑΡΙΤΗΣ Βαγγέλης,ΕΛΛΑΔΑ,25,20.44,511.0,True,ESAKE country,False,https://www.esake.gr/el/action/EsakeStats?mode=2&idchampionship=46F7BA21&idseason=00000001,0000000C,00000012,ΠΑΟΚ,4,26,False
2013-14,504C9A39,ΜΑΡΚΟΒΙΤΣ Νικολα,ΣΕΡΒΙΑ,26,25.48,662.48,False,ESAKE country,False,https://www.esake.gr/el/action/EsakeStats?mode=2&idchampionship=46F7BA21&idseason=00000001,00000009,00000009,ΚΑΟΔ AM.GENETICS,6,26,False
2013-14,5AF438D7,ΜΑΣΙΤΣ Άντε,ΚΡΟΑΤΙΑ,8,22.93,183.44,False,ESAKE country,False,https://www.esake.gr/el/action/EsakeStats?mode=2&idchampionship=46F7BA21&idseason=00000001,00000007,00000007,ΙΚΑΡΟΣ LUCY HTL,14,26,True
2013-14,000002BF,ΜΑΤΑΛΩΝ Μάριος,ΕΛΛΑΔΑ,22,17.15,377.3,True,ESAKE country,False,https://www.esake.gr/el/action/EsakeStats?mode=2&idchampionship=46F7BA21&idseason=00000001,00000014,00000020,ΤΡΙΚΑΛΑ BC ARIES,11,26,True
2013-14,000006C3,ΜΑΤΣΑΜΑΣ Σάββας,ΕΛΛΑΔΑ,4,1.91,7.64,True,ESAKE country,False,https://www.esake.gr/el/action/EsakeStats?mode=2&idchampionship=46F7BA21&idseason=00000001,0000000A,00000010,ΚΟΛΟΣΣΟΣ H HOTELS COLLECTION,10,26,True
2013-14,00000701,ΜΑΤΣΙΟΥΛΙΣ Γιόνας,ΛΙΘΟΥΑΝΙΑ,22,17.57,386.54,False,ESAKE country,False,https://www.esake.gr/el/action/EsakeStats?mode=2&idchampionship=46F7BA21&idseason=00000001,00000001,00000001,ΠΑΝΑΘΗΝΑΪΚΟΣ AKTOR,1,26,False
2013-14,000002C7,ΜΑΥΡΟΚΕΦΑΛΙΔΗΣ Λουκάς,ΕΛΛΑΔΑ,25,13.66,341.5,True,ESAKE country,False,https://www.esake.gr/el/action/EsakeStats?mode=2&idchampionship=46F7BA21&idseason=00000001,00000001,00000001,ΠΑΝΑΘΗΝΑΪΚΟΣ AKTOR,1,26,False
2013-14,000006ED,ΜΕΛΙΣΣΑΡΑΤΟΣ Πέτρος,ΕΛΛΑΔΑ,19,10.47,198.93,True,ESAKE country,False,https://www.esake.gr/el/action/EsakeStats?mode=2&idchampionship=46F7BA21&idseason=00000001,0000000B,00000011,ΠΑΝΕΛΕΥΣΙΝΙΑΚΟΣ,12,26,True
2013-14,1EEE5554,ΜΕΝΟΥΔΑΚΟΣ Δημήτρης,ΕΛΛΑΔΑ,5,7.01,35.05,True,ESAKE country,False,https://www.esake.gr/el/action/EsakeStats?mode=2&idchampionship=46F7BA21&idseason=00000001,7E7C484C,2022074188,ΚΗΦΙΣΙΑ,5,26,False
2013-14,7F6E6DE3,ΜΗΤΟΓΛΟΥ Κωνσταντίνος,ΕΛΛΑΔΑ,3,3.07,9.21,True,ESAKE country,False,https://www.esake.gr/el/action/EsakeStats?mode=2&idchampionship=46F7BA21&idseason=00000001,00000005,00000005,ΑΡΗΣ,7,26,False
2013-14,000006F9,ΜΙΛΜΠΟΥΡΝ Λάντον,ΗΠΑ,26,25.72,668.72,False,ESAKE country,False,https://www.esake.gr/el/action/EsakeStats?mode=2&idchampionship=46F7BA21&idseason=00000001,00000003,00000003,ΠΑΝΙΩΝΙΟΣ COSMORAMA TRAVEL,3,26,False
2013-14,2E5E7A20,ΜΙΛΟΥΤΙΝΟΒΙΤΣ Αντρέγια,ΣΕΡΒΙΑ,13,24.27,315.51,False,ESAKE country,False,https://www.esake.gr/el/action/EsakeStats?mode=2&idchampionship=46F7BA21&idseason=00000001,00000004,00000004,ΑΠΟΛΛΩΝ Π. CARNA,8,26,True
2013-14,000002E9,ΜΙΣΕΛ Γκάι Μαρκ,ΓΑΛΛΙΑ,19,9.57,181.83,False,ESAKE country,False,https://www.esake.gr/el/action/EsakeStats?mode=2&idchampionship=46F7BA21&idseason=00000001,00000003,00000003,ΠΑΝΙΩΝΙΟΣ COSMORAMA TRAVEL,3,26,False
2013-14,00000713,ΜΟΛΦΕΤΑΣ Γιάννης,ΕΛΛΑΔΑ,10,10.53,105.3,True,ESAKE country,False,https://www.esake.gr/el/action/EsakeStats?mode=2&idchampionship=46F7BA21&idseason=00000001,00000004,00000004,ΑΠΟΛΛΩΝ Π. CARNA,8,26,True
2013-14,00000305,ΜΟΤΣΕΝΙΓΟΣ Σπύρος,ΕΛΛΑΔΑ,3,3.74,11.22,True,ESAKE country,False,https://www.esake.gr/el/action/EsakeStats?mode=2&idchampionship=46F7BA21&idseason=00000001,00000003,00000003,ΠΑΝΙΩΝΙΟΣ COSMORAMA TRAVEL,3,26,False
2013-14,2C0E80D4,ΜΟΥΝ Τζαμάριο,ΗΠΑ,5,22.87,114.35,False,ESAKE country,False,https://www.esake.gr/el/action/EsakeStats?mode=2&idchampionship=46F7BA21&idseason=00000001,00000002,00000002,ΟΛΥΜΠΙΑΚΟΣ,2,26,False
2013-14,0000030E,ΜΟΥΡΤΟΣ Σπύρος,ΕΛΛΑΔΑ,26,22.72,590.72,True,ESAKE country,False,https://www.esake.gr/el/action/EsakeStats?mode=2&idchampionship=46F7BA21&idseason=00000001,00000005,00000005,ΑΡΗΣ,7,26,False
2013-14,B710BCD9,ΜΟΥΤΑΚΑΜΠΙΡ Χαλίντ,ΗΠΑ,13,22.09,287.17,False,ESAKE country,False,https://www.esake.gr/el/action/EsakeStats?mode=2&idchampionship=46F7BA21&idseason=00000001,00000014,00000020,ΤΡΙΚΑΛΑ BC ARIES,11,26,True
2013-14,00000314,ΜΠΑΒΤΣΙΤΣ Έντιν,ΒΟΣΝΙΑ,26,26.28,683.28,False,ESAKE country,False,https://www.esake.gr/el/action/EsakeStats?mode=2&idchampionship=46F7BA21&idseason=00000001,00000009,00000009,ΚΑΟΔ AM.GENETICS,6,26,False
2013-14,0000032B,ΜΠΑΡΛΟΣ Νίκος,ΕΛΛΑΔΑ,26,21.08,548.08,True,ESAKE country,False,https://www.esake.gr/el/action/EsakeStats?mode=2&idchampionship=46F7BA21&idseason=00000001,7E7C484C,2022074188,ΚΗΦΙΣΙΑ,5,26,False
2013-14,00000333,ΜΠΑΤΗΣ Μάριος,ΕΛΛΑΔΑ,21,25.04,525.84,True,ESAKE country,False,https://www.esake.gr/el/action/EsakeStats?mode=2&idchampionship=46F7BA21&idseason=00000001,00000003,00000003,ΠΑΝΙΩΝΙΟΣ COSMORAMA TRAVEL,3,26,False
2013-14,00000334,ΜΠΑΤΙΣΤ Μάικ,ΗΠΑ,13,8.62,112.06,False,ESAKE country,False,https://www.esake.gr/el/action/EsakeStats?mode=2&idchampionship=46F7BA21&idseason=00000001,00000001,00000001,ΠΑΝΑΘΗΝΑΪΚΟΣ AKTOR,1,26,False
2013-14,E39E757D,ΜΠΕΓΚΙΤΣ Μίρζα,ΣΛΟΒΕΝΙΑ,14,12.57,175.98,False,ESAKE country,False,https://www.esake.gr/el/action/EsakeStats?mode=2&idchampionship=46F7BA21&idseason=00000001,00000002,00000002,ΟΛΥΜΠΙΑΚΟΣ,2,26,False
2013-14,0000033F,ΜΠΕΚ Ρόμελ,ΗΠΑ,7,24.85,173.95,False,ESAKE country,False,https://www.esake.gr/el/action/EsakeStats?mode=2&idchampionship=46F7BA21&idseason=00000001,00000007,00000007,ΙΚΑΡΟΣ LUCY HTL,14,26,True
2013-14,00000345,ΜΠΕΜΠΗΣ Βαγγέλης,ΕΛΛΑΔΑ,12,3.55,42.6,True,ESAKE country,False,https://www.esake.gr/el/action/EsakeStats?mode=2&idchampionship=46F7BA21&idseason=00000001,00000007,00000007,ΙΚΑΡΟΣ LUCY HTL,14,26,True
2013-14,00000346,ΜΠΕΝΑΣ Σταμάτης,ΕΛΛΑΔΑ,22,7.15,157.3,True,ESAKE country,False,https://www.esake.gr/el/action/EsakeStats?mode=2&idchampionship=46F7BA21&idseason=00000001,00000009,00000009,ΚΑΟΔ AM.GENETICS,6,26,False
2013-14,00000366,ΜΠΟΓΡΗΣ Γιώργος,ΕΛΛΑΔΑ,25,25.65,641.25,True,ESAKE country,False,https://www.esake.gr/el/action/EsakeStats?mode=2&idchampionship=46F7BA21&idseason=00000001,0000000C,00000012,ΠΑΟΚ,4,26,False
2013-14,017B3324,ΜΠΟΛΝΤΣ Ντεμάριους,ΗΠΑ,21,31.57,662.97,False,ESAKE country,False,https://www.esake.gr/el/action/EsakeStats?mode=2&idchampionship=46F7BA21&idseason=00000001,00000004,00000004,ΑΠΟΛΛΩΝ Π. CARNA,8,26,True
2013-14,7D8F6B21,ΜΠΟΝΤΖ Τσέικχ,ΣΕΝΕΓΑΛΗ,26,23.93,622.18,False,ESAKE country,False,https://www.esake.gr/el/action/EsakeStats?mode=2&idchampionship=46F7BA21&idseason=00000001,00000006,00000006,ΗΛΥΣΙΑΚΟΣ,13,26,True
2013-14,7F2014EB,ΜΠΟΡΟΒΝΙΑΚ Σάσα,ΣΕΡΒΙΑ,6,9.17,55.02,False,ESAKE country,False,https://www.esake.gr/el/action/EsakeStats?mode=2&idchampionship=46F7BA21&idseason=00000001,00000007,00000007,ΙΚΑΡΟΣ LUCY HTL,14,26,True
2013-14,0000037E,ΜΠΟΧΩΡΙΔΗΣ Ελευθέριος,ΕΛΛΑΔΑ,26,21.38,555.88,True,ESAKE country,False,https://www.esake.gr/el/action/EsakeStats?mode=2&idchampionship=46F7BA21&idseason=00000001,00000005,00000005,ΑΡΗΣ,7,26,False
2013-14,00000381,ΜΠΡΑΜΟΣ Μάικλ,ΕΛΛΑΔΑ,26,20.54,534.04,True,ESAKE country,False,https://www.esake.gr/el/action/EsakeStats?mode=2&idchampionship=46F7BA21&idseason=00000001,00000001,00000001,ΠΑΝΑΘΗΝΑΪΚΟΣ AKTOR,1,26,False
2013-14,000006CE,ΜΠΡΑΟΥΝ Τζέι Κόβαν,ΗΠΑ,23,30.56,702.88,False,ESAKE country,False,https://www.esake.gr/el/action/EsakeStats?mode=2&idchampionship=46F7BA21&idseason=00000001,00000009,00000009,ΚΑΟΔ AM.GENETICS,6,26,False
2013-14,0000039C,ΝΑΝΤΖΦΕΪ Στέφαν,ΣΕΡΒΙΑ,13,15.65,203.45,False,ESAKE country,False,https://www.esake.gr/el/action/EsakeStats?mode=2&idchampionship=46F7BA21&idseason=00000001,0000000A,00000010,ΚΟΛΟΣΣΟΣ H HOTELS COLLECTION,10,26,True
2013-14,0000071D,ΝΙΚΟΛΟΠΟΥΛΟΣ Ντίνος,ΕΛΛΑΔΑ,22,8.81,193.82,True,ESAKE country,False,https://www.esake.gr/el/action/EsakeStats?mode=2&idchampionship=46F7BA21&idseason=00000001,00000014,00000020,ΤΡΙΚΑΛΑ BC ARIES,11,26,True
2013-14,48AE2E87,ΝΙΚΟΠΟΥΛΟΣ Βαγγέλης,ΕΛΛΑΔΑ,1,0.75,0.75,True,ESAKE country,False,https://www.esake.gr/el/action/EsakeStats?mode=2&idchampionship=46F7BA21&idseason=00000001,00000006,00000006,ΗΛΥΣΙΑΚΟΣ,13,26,True
2013-14,000003B3,ΝΙΚΟΥ Θωμάς,ΕΛΛΑΔΑ,23,24.19,556.37,True,ESAKE country,False,https://www.esake.gr/el/action/EsakeStats?mode=2&idchampionship=46F7BA21&idseason=00000001,0000000B,00000011,ΠΑΝΕΛΕΥΣΙΝΙΑΚΟΣ,12,26,True
2013-14,521CDF13,ΝΙΦΟΡΑΣ Βασίλης,ΕΛΛΑΔΑ,13,6.94,90.22,True,ESAKE country,False,https://www.esake.gr/el/action/EsakeStats?mode=2&idchampionship=46F7BA21&idseason=00000001,00000004,00000004,ΑΠΟΛΛΩΝ Π. CARNA,8,26,True
2013-14,81A43596,ΝΤΑΝΙΕΛ Λένι,ΗΠΑ,23,27.52,632.96,False,ESAKE country,False,https://www.esake.gr/el/action/EsakeStats?mode=2&idchampionship=46F7BA21&idseason=00000001,00000004,00000004,ΑΠΟΛΛΩΝ Π. CARNA,8,26,True
2013-14,000003C7,ΝΤΑΝΣΤΟΝ Μπράιαντ,ΗΠΑ,24,18.68,448.32,False,ESAKE country,False,https://www.esake.gr/el/action/EsakeStats?mode=2&idchampionship=46F7BA21&idseason=00000001,00000002,00000002,ΟΛΥΜΠΙΑΚΟΣ,2,26,False
2013-14,62293627,ΝΤΕΒΕΝΤΟΡΦ Έρικ,ΗΠΑ,2,16.04,32.08,False,ESAKE country,False,https://www.esake.gr/el/action/EsakeStats?mode=2&idchampionship=46F7BA21&idseason=00000001,00000006,00000006,ΗΛΥΣΙΑΚΟΣ,13,26,True
2013-14,000003F0,ΝΤΟΥΒΝΙΑΚ Ούρος,ΣΕΡΒΙΑ,24,17.25,414.0,False,ESAKE country,False,https://www.esake.gr/el/action/EsakeStats?mode=2&idchampionship=46F7BA21&idseason=00000001,00000003,00000003,ΠΑΝΙΩΝΙΟΣ COSMORAMA TRAVEL,3,26,False
2013-14,FDE31DB4,ΝΤΟΥΖΙΔΗΣ Θανάσης,ΕΛΛΑΔΑ,1,0.18,0.18,True,ESAKE country,False,https://www.esake.gr/el/action/EsakeStats?mode=2&idchampionship=46F7BA21&idseason=00000001,00000007,00000007,ΙΚΑΡΟΣ LUCY HTL,14,26,True
2013-14,D20A4AB3,ΝΤΡΤΣΑ Λούκα,ΣΕΡΒΙΑ,11,16.18,177.98,False,ESAKE country,False,https://www.esake.gr/el/action/EsakeStats?mode=2&idchampionship=46F7BA21&idseason=00000001,0000000E,00000014,ΡΕΘΥΜΝΟ CRETAN KINGS,9,26,True
2013-14,00000401,ΟΙΚΟΝΟΜΟΠΟΥΛΟΣ Ανδρέας,ΕΛΛΑΔΑ,7,6.05,42.35,True,ESAKE country,False,https://www.esake.gr/el/action/EsakeStats?mode=2&idchampionship=46F7BA21&idseason=00000001,00000004,00000004,ΑΠΟΛΛΩΝ Π. CARNA,8,26,True
2013-14,00000731,ΟΣΜΠΙ Μπαμπαλε,ΗΠΑ,21,19.53,410.13,False,ESAKE country,False,https://www.esake.gr/el/action/EsakeStats?mode=2&idchampionship=46F7BA21&idseason=00000001,0000000A,00000010,ΚΟΛΟΣΣΟΣ H HOTELS COLLECTION,10,26,True
2013-14,73E606DB,ΟΥΖΑΣ Ρόκας,ΛΙΘΟΥΑΝΙΑ,5,10.31,51.55,False,ESAKE country,False,https://www.esake.gr/el/action/EsakeStats?mode=2&idchampionship=46F7BA21&idseason=00000001,0000000B,00000011,ΠΑΝΕΛΕΥΣΙΝΙΑΚΟΣ,12,26,True
2013-14,8BC5D12A,ΟΥΙΛΣΟΝ Τζέρεμι,ΗΠΑ,19,31.46,597.74,False,ESAKE country,False,https://www.esake.gr/el/action/EsakeStats?mode=2&idchampionship=46F7BA21&idseason=00000001,00000004,00000004,ΑΠΟΛΛΩΝ Π. CARNA,8,26,True
2013-14,00000703,ΟΥΚΙΤΣ Ρόκο-Λένι,ΚΡΟΑΤΙΑ,24,18.65,447.6,False,ESAKE country,False,https://www.esake.gr/el/action/EsakeStats?mode=2&idchampionship=46F7BA21&idseason=00000001,00000001,00000001,ΠΑΝΑΘΗΝΑΪΚΟΣ AKTOR,1,26,False
2013-14,00000446,ΠΑΝΟΣ Στηβ,ΕΛΛΑΔΑ,10,11.74,117.4,True,ESAKE country,False,https://www.esake.gr/el/action/EsakeStats?mode=2&idchampionship=46F7BA21&idseason=00000001,00000014,00000020,ΤΡΙΚΑΛΑ BC ARIES,11,26,True
2013-14,0000044B,ΠΑΝΤΙΤΣ Μλάντεν,ΣΕΡΒΙΑ,5,16.45,82.25,False,ESAKE country,False,https://www.esake.gr/el/action/EsakeStats?mode=2&idchampionship=46F7BA21&idseason=00000001,0000000A,00000010,ΚΟΛΟΣΣΟΣ H HOTELS COLLECTION,10,26,True
2013-14,00000466,ΠΑΠΑΜΑΚΑΡΙΟΣ Μανόλης,ΕΛΛΑΔΑ,26,27.96,726.96,True,ESAKE country,False,https://www.esake.gr/el/action/EsakeStats?mode=2&idchampionship=46F7BA21&idseason=00000001,0000000B,00000011,ΠΑΝΕΛΕΥΣΙΝΙΑΚΟΣ,12,26,True
2013-14,0000046B,ΠΑΠΑΝΙΚΟΛΟΠΟΥΛΟΣ Νίκος,ΕΛΛΑΔΑ,9,16.81,151.29,True,ESAKE country,False,https://www.esake.gr/el/action/EsakeStats?mode=2&idchampionship=46F7BA21&idseason=00000001,00000007,00000007,ΙΚΑΡΟΣ LUCY HTL,14,26,True
2013-14,0000046F,ΠΑΠΑΝΤΩΝΙΟΥ Νώντας,ΕΛΛΑΔΑ,26,24.97,649.22,True,ESAKE country,False,https://www.esake.gr/el/action/EsakeStats?mode=2&idchampionship=46F7BA21&idseason=00000001,0000000A,00000010,ΚΟΛΟΣΣΟΣ H HOTELS COLLECTION,10,26,True
2013-14,8E3AD877,ΠΑΠΑΠΕΤΡΟΥ Ιωάννης,ΕΛΛΑΔΑ,18,14.33,257.94,True,ESAKE country,False,https://www.esake.gr/el/action/EsakeStats?mode=2&idchampionship=46F7BA21&idseason=00000001,00000002,00000002,ΟΛΥΜΠΙΑΚΟΣ,2,26,False
2013-14,0000047A,ΠΑΠΠΑΣ Νίκος,ΕΛΛΑΔΑ,24,15.97,383.28,True,ESAKE country,False,https://www.esake.gr/el/action/EsakeStats?mode=2&idchampionship=46F7BA21&idseason=00000001,00000001,00000001,ΠΑΝΑΘΗΝΑΪΚΟΣ AKTOR,1,26,False
2013-14,000006F7,ΠΕΙΝ Μαρκ,ΗΠΑ,23,25.6,588.8,False,ESAKE country,False,https://www.esake.gr/el/action/EsakeStats?mode=2&idchampionship=46F7BA21&idseason=00000001,0000000C,00000012,ΠΑΟΚ,4,26,False
2013-14,00000496,ΠΕΛΕΚΑΝΟΣ Μιχάλης,ΕΛΛΑΔΑ,25,31.17,779.25,True,ESAKE country,False,https://www.esake.gr/el/action/EsakeStats?mode=2&idchampionship=46F7BA21&idseason=00000001,00000005,00000005,ΑΡΗΣ,7,26,False
2013-14,0000070F,ΠΕΛΕΚΟΥΔΑΣ Ανδρέας,ΕΛΛΑΔΑ,16,5.26,84.16,True,ESAKE country,False,https://www.esake.gr/el/action/EsakeStats?mode=2&idchampionship=46F7BA21&idseason=00000001,00000004,00000004,ΑΠΟΛΛΩΝ Π. CARNA,8,26,True
2013-14,F7422AD3,ΠΕΡΟΥΝΙΤΣΙΤΣ Στεφάν,ΣΕΡΒΙΑ,25,12.94,323.5,False,ESAKE country,False,https://www.esake.gr/el/action/EsakeStats?mode=2&idchampionship=46F7BA21&idseason=00000001,00000014,00000020,ΤΡΙΚΑΛΑ BC ARIES,11,26,True
2013-14,0000049F,ΠΕΡΠΕΡΟΓΛΟΥ Στράτος,ΕΛΛΑΔΑ,20,21.76,435.2,True,ESAKE country,False,https://www.esake.gr/el/action/EsakeStats?mode=2&idchampionship=46F7BA21&idseason=00000001,00000002,00000002,ΟΛΥΜΠΙΑΚΟΣ,2,26,False
2013-14,49574E22,ΠΕΡΣΙΔΗΣ Νικόλαος,ΕΛΛΑΔΑ,3,0.4,1.2,True,ESAKE country,False,https://www.esake.gr/el/action/EsakeStats?mode=2&idchampionship=46F7BA21&idseason=00000001,00000007,00000007,ΙΚΑΡΟΣ LUCY HTL,14,26,True
2013-14,000004A4,ΠΕΤΓΟΥΕΪ Μπρεντ,ΗΠΑ,15,18.56,278.4,False,ESAKE country,False,https://www.esake.gr/el/action/EsakeStats?mode=2&idchampionship=46F7BA21&idseason=00000001,00000002,00000002,ΟΛΥΜΠΙΑΚΟΣ,2,26,False
2013-14,FB9DB3D4,ΠΕΤΕΡΣΟΝ Μπράντον,ΗΠΑ,2,8.9,17.8,False,ESAKE country,False,https://www.esake.gr/el/action/EsakeStats?mode=2&idchampionship=46F7BA21&idseason=00000001,7E7C484C,2022074188,ΚΗΦΙΣΙΑ,5,26,False
2013-14,000004A5,ΠΕΤΡΟΒΙΤΣ - ΣΤΕΡΓΙΟΥ Βλάντιμιρ,ΕΛΛΑΔΑ,21,18.36,385.56,True,ESAKE country,False,https://www.esake.gr/el/action/EsakeStats?mode=2&idchampionship=46F7BA21&idseason=00000001,00000004,00000004,ΑΠΟΛΛΩΝ Π. CARNA,8,26,True
2013-14,AF2F9836,ΠΕΤΡΟΒΙΤΣ Αλεξάνταρ,ΣΕΡΒΙΑ,4,10.0,40.0,False,ESAKE country,False,https://www.esake.gr/el/action/EsakeStats?mode=2&idchampionship=46F7BA21&idseason=00000001,00000006,00000006,ΗΛΥΣΙΑΚΟΣ,13,26,True
2013-14,D20E4D57,ΠΕΤΡΟΒΙΤΣ Ούρος,ΣΕΡΒΙΑ,26,22.0,572.0,False,ESAKE country,False,https://www.esake.gr/el/action/EsakeStats?mode=2&idchampionship=46F7BA21&idseason=00000001,00000014,00000020,ΤΡΙΚΑΛΑ BC ARIES,11,26,True
2013-14,000004A6,ΠΕΤΡΟΔΗΜΟΠΟΥΛΟΣ Χρήστος,ΕΛΛΑΔΑ,10,8.66,86.6,True,ESAKE country,False,https://www.esake.gr/el/action/EsakeStats?mode=2&idchampionship=46F7BA21&idseason=00000001,7E7C484C,2022074188,ΚΗΦΙΣΙΑ,5,26,False
2013-14,4204D41D,ΠΙΓΚΡΑΜ Κάρτνεϊ,ΗΠΑ,11,32.11,353.21,False,ESAKE country,False,https://www.esake.gr/el/action/EsakeStats?mode=2&idchampionship=46F7BA21&idseason=00000001,00000006,00000006,ΗΛΥΣΙΑΚΟΣ,13,26,True
2013-14,51898AD4,ΠΙΝΓΚ Σάνγκ,ΚΙΝΑ,5,4.87,24.35,False,ESAKE country,False,https://www.esake.gr/el/action/EsakeStats?mode=2&idchampionship=46F7BA21&idseason=00000001,00000001,00000001,ΠΑΝΑΘΗΝΑΪΚΟΣ AKTOR,1,26,False
2013-14,041CF41E,ΠΟΛΚ Κρίστιαν,ΗΠΑ,3,21.49,64.47,False,ESAKE country,False,https://www.esake.gr/el/action/EsakeStats?mode=2&idchampionship=46F7BA21&idseason=00000001,00000009,00000009,ΚΑΟΔ AM.GENETICS,6,26,False
2013-14,FEA1725E,ΠΟΡΙΝΙ Μάικλ,ΗΠΑ,13,25.21,327.73,False,ESAKE country,False,https://www.esake.gr/el/action/EsakeStats?mode=2&idchampionship=46F7BA21&idseason=00000001,00000014,00000020,ΤΡΙΚΑΛΑ BC ARIES,11,26,True
2013-14,F42B3D2C,ΠΟΥΛΙΑΝΙΤΗΣ Στέλιος,ΕΛΛΑΔΑ,7,0.98,6.86,True,ESAKE country,False,https://www.esake.gr/el/action/EsakeStats?mode=2&idchampionship=46F7BA21&idseason=00000001,00000005,00000005,ΑΡΗΣ,7,26,False
2013-14,000004C7,ΠΡΙΝΤΕΖΗΣ Γιώργος,ΕΛΛΑΔΑ,21,19.05,400.05,True,ESAKE country,False,https://www.esake.gr/el/action/EsakeStats?mode=2&idchampionship=46F7BA21&idseason=00000001,00000002,00000002,ΟΛΥΜΠΙΑΚΟΣ,2,26,False
2013-14,000006CD,ΠΡΟΥΙΤ Γκάμπριελ,ΗΠΑ,5,27.53,137.65,False,ESAKE country,False,https://www.esake.gr/el/action/EsakeStats?mode=2&idchampionship=46F7BA21&idseason=00000001,0000000E,00000014,ΡΕΘΥΜΝΟ CRETAN KINGS,9,26,True
2013-14,395A3FAF,ΠΡΟΥΪΤ Τσαντ,ΗΠΑ,7,13.42,93.94,False,ESAKE country,False,https://www.esake.gr/el/action/EsakeStats?mode=2&idchampionship=46F7BA21&idseason=00000001,0000000A,00000010,ΚΟΛΟΣΣΟΣ H HOTELS COLLECTION,10,26,True
2013-14,000004D2,ΡΑΪΤ Ζακ,ΒΟΣΝΙΑ,8,17.38,139.04,False,ESAKE country,False,https://www.esake.gr/el/action/EsakeStats?mode=2&idchampionship=46F7BA21&idseason=00000001,00000001,00000001,ΠΑΝΑΘΗΝΑΪΚΟΣ AKTOR,1,26,False
2013-14,0BDDCE4F,ΡΑΪΤ Ντέρεκ Στίβεν,ΗΠΑ,19,24.25,460.75,False,ESAKE country,False,https://www.esake.gr/el/action/EsakeStats?mode=2&idchampionship=46F7BA21&idseason=00000001,0000000E,00000014,ΡΕΘΥΜΝΟ CRETAN KINGS,9,26,True
2013-14,C9D23289,ΡΑΛΕΪ ΡΟΣ Μπράντις,ΗΠΑ,17,24.44,415.48,False,ESAKE country,False,https://www.esake.gr/el/action/EsakeStats?mode=2&idchampionship=46F7BA21&idseason=00000001,0000000B,00000011,ΠΑΝΕΛΕΥΣΙΝΙΑΚΟΣ,12,26,True
2013-14,689AC9FF,ΡΑΜ Ματ,ΙΤΑΛΙΑ,6,5.75,34.5,False,ESAKE country,False,https://www.esake.gr/el/action/EsakeStats?mode=2&idchampionship=46F7BA21&idseason=00000001,0000000A,00000010,ΚΟΛΟΣΣΟΣ H HOTELS COLLECTION,10,26,True
2013-14,7332DC1F,ΡΕΚΟΥΝΙΩΤΗΣ Ανδρέας,ΕΛΛΑΔΑ,1,0.43,0.43,True,ESAKE country,False,https://www.esake.gr/el/action/EsakeStats?mode=2&idchampionship=46F7BA21&idseason=00000001,0000000B,00000011,ΠΑΝΕΛΕΥΣΙΝΙΑΚΟΣ,12,26,True
2013-14,48BD749E,ΡΙΣ Ρέι,ΗΠΑ,1,7.3,7.3,False,ESAKE country,False,https://www.esake.gr/el/action/EsakeStats?mode=2&idchampionship=46F7BA21&idseason=00000001,7E7C484C,2022074188,ΚΗΦΙΣΙΑ,5,26,False
2013-14,AC93D4D9,ΡΙΤΣΑΡΝΤΣ Ράιαν-Ερλ,Μ. ΒΡΕΤΑΝΙΑ,19,24.86,472.34,False,ESAKE country,False,https://www.esake.gr/el/action/EsakeStats?mode=2&idchampionship=46F7BA21&idseason=00000001,00000007,00000007,ΙΚΑΡΟΣ LUCY HTL,14,26,True
2013-14,E2F489F3,ΡΟΜΠΕΡΣΟΝ Άντονι,ΗΠΑ,8,27.7,221.6,False,ESAKE country,False,https://www.esake.gr/el/action/EsakeStats?mode=2&idchampionship=46F7BA21&idseason=00000001,00000007,00000007,ΙΚΑΡΟΣ LUCY HTL,14,26,True
2013-14,E95A6CA2,ΡΟΣ Ρόναλντ,ΗΠΑ,13,30.63,398.19,False,ESAKE country,False,https://www.esake.gr/el/action/EsakeStats?mode=2&idchampionship=46F7BA21&idseason=00000001,00000004,00000004,ΑΠΟΛΛΩΝ Π. CARNA,8,26,True
2013-14,D4498240,ΣΑΛΟΥΣΤΡΟΣ Χρήστος,ΕΛΛΑΔΑ,25,14.58,364.5,True,ESAKE country,False,https://www.esake.gr/el/action/EsakeStats?mode=2&idchampionship=46F7BA21&idseason=00000001,00000003,00000003,ΠΑΝΙΩΝΙΟΣ COSMORAMA TRAVEL,3,26,False
2013-14,5F77A518,ΣΑΠ Τζέσι,ΗΠΑ,10,12.9,129.0,False,ESAKE country,False,https://www.esake.gr/el/action/EsakeStats?mode=2&idchampionship=46F7BA21&idseason=00000001,00000014,00000020,ΤΡΙΚΑΛΑ BC ARIES,11,26,True
2013-14,00000522,ΣΑΡΙΚΟΠΟΥΛΟΣ Ζήσης,ΕΛΛΑΔΑ,17,12.66,215.22,True,ESAKE country,False,https://www.esake.gr/el/action/EsakeStats?mode=2&idchampionship=46F7BA21&idseason=00000001,00000005,00000005,ΑΡΗΣ,7,26,False
2013-14,55FC1316,ΣΑΤΟΝ Ντομινίκ,ΗΠΑ,25,29.41,735.25,False,ESAKE country,False,https://www.esake.gr/el/action/EsakeStats?mode=2&idchampionship=46F7BA21&idseason=00000001,00000007,00000007,ΙΚΑΡΟΣ LUCY HTL,14,26,True
2013-14,00000533,ΣΕΡΜΑΝΤΙΝΙ Γκιόργκι,ΓΕΩΡΓΙΑ,1,14.02,14.02,False,ESAKE country,False,https://www.esake.gr/el/action/EsakeStats?mode=2&idchampionship=46F7BA21&idseason=00000001,00000002,00000002,ΟΛΥΜΠΙΑΚΟΣ,2,26,False
2013-14,0000053F,ΣΙΜΟΝΣ Σέντρικ,ΒΟΥΛΓΑΡΙΑ,20,14.47,289.4,False,ESAKE country,False,https://www.esake.gr/el/action/EsakeStats?mode=2&idchampionship=46F7BA21&idseason=00000001,00000002,00000002,ΟΛΥΜΠΙΑΚΟΣ,2,26,False
2013-14,22C260EE,ΣΙΜΠΣΟΝ Τρέβις,ΗΠΑ,23,21.43,492.89,False,ESAKE country,False,https://www.esake.gr/el/action/EsakeStats?mode=2&idchampionship=46F7BA21&idseason=00000001,0000000A,00000010,ΚΟΛΟΣΣΟΣ H HOTELS COLLECTION,10,26,True
2013-14,0000059C,ΣΙΜΤΣΑΚ Βασίλης,ΕΛΛΑΔΑ,25,13.23,330.75,True,ESAKE country,False,https://www.esake.gr/el/action/EsakeStats?mode=2&idchampionship=46F7BA21&idseason=00000001,00000003,00000003,ΠΑΝΙΩΝΙΟΣ COSMORAMA TRAVEL,3,26,False
2013-14,E7053118,ΣΙΝΗΣ Γιάννης,ΕΛΛΑΔΑ,14,4.64,64.96,True,ESAKE country,False,https://www.esake.gr/el/action/EsakeStats?mode=2&idchampionship=46F7BA21&idseason=00000001,0000000E,00000014,ΡΕΘΥΜΝΟ CRETAN KINGS,9,26,True
2013-14,00000549,ΣΙΟΥΤΗΣ Θεόδωρος,ΕΛΛΑΔΑ,18,11.76,211.68,True,ESAKE country,False,https://www.esake.gr/el/action/EsakeStats?mode=2&idchampionship=46F7BA21&idseason=00000001,7E7C484C,2022074188,ΚΗΦΙΣΙΑ,5,26,False
2013-14,00000554,ΣΚΟΡΔΙΛΗΣ Γάιος,ΕΛΛΑΔΑ,20,10.86,217.2,True,ESAKE country,False,https://www.esake.gr/el/action/EsakeStats?mode=2&idchampionship=46F7BA21&idseason=00000001,00000003,00000003,ΠΑΝΙΩΝΙΟΣ COSMORAMA TRAVEL,3,26,False
2013-14,000006F2,ΣΛΑΦΤΣΑΚΗΣ Διαμαντής,ΕΛΛΑΔΑ,24,18.71,449.04,True,ESAKE country,False,https://www.esake.gr/el/action/EsakeStats?mode=2&idchampionship=46F7BA21&idseason=00000001,00000009,00000009,ΚΑΟΔ AM.GENETICS,6,26,False
2013-14,0000055C,ΣΛΟΥΚΑΣ Κώστας,ΕΛΛΑΔΑ,24,21.03,504.72,True,ESAKE country,False,https://www.esake.gr/el/action/EsakeStats?mode=2&idchampionship=46F7BA21&idseason=00000001,00000002,00000002,ΟΛΥΜΠΙΑΚΟΣ,2,26,False
2013-14,4C2A10E1,ΣΜΙΘ Μάρλαντ,ΗΠΑ,14,17.18,240.52,False,ESAKE country,False,https://www.esake.gr/el/action/EsakeStats?mode=2&idchampionship=46F7BA21&idseason=00000001,00000006,00000006,ΗΛΥΣΙΑΚΟΣ,13,26,True
2013-14,BE3EB1C5,ΣΜΙΘ Τέιλορ,ΗΠΑ,26,21.12,549.12,False,ESAKE country,False,https://www.esake.gr/el/action/EsakeStats?mode=2&idchampionship=46F7BA21&idseason=00000001,0000000A,00000010,ΚΟΛΟΣΣΟΣ H HOTELS COLLECTION,10,26,True
2013-14,00000575,ΣΠΑΝΟΣ Αλέξανδρος,ΕΛΛΑΔΑ,18,9.03,162.54,True,ESAKE country,False,https://www.esake.gr/el/action/EsakeStats?mode=2&idchampionship=46F7BA21&idseason=00000001,00000007,00000007,ΙΚΑΡΟΣ LUCY HTL,14,26,True
2013-14,00000577,ΣΠΑΝΟΥΛΗΣ Βασίλης,ΕΛΛΑΔΑ,19,19.95,379.05,True,ESAKE country,False,https://www.esake.gr/el/action/EsakeStats?mode=2&idchampionship=46F7BA21&idseason=00000001,00000002,00000002,ΟΛΥΜΠΙΑΚΟΣ,2,26,False
2013-14,000006E2,ΣΠΥΡΙΔΟΝΙΔΗΣ Αλέξης,ΕΛΛΑΔΑ,20,8.05,161.0,True,ESAKE country,False,https://www.esake.gr/el/action/EsakeStats?mode=2&idchampionship=46F7BA21&idseason=00000001,00000009,00000009,ΚΑΟΔ AM.GENETICS,6,26,False
2013-14,0000057B,ΣΠΥΡΟΠΟΥΛΟΣ Αναστάσιος,ΕΛΛΑΔΑ,0,0.0,0.0,True,ESAKE country,False,https://www.esake.gr/el/action/EsakeStats?mode=2&idchampionship=46F7BA21&idseason=00000001,00000003,00000003,ΠΑΝΙΩΝΙΟΣ COSMORAMA TRAVEL,3,26,False
2013-14,98CA314B,ΣΤΑΜΑΤΗΣ Δημήτρης,ΕΛΛΑΔΑ,7,3.64,25.48,True,ESAKE country,False,https://www.esake.gr/el/action/EsakeStats?mode=2&idchampionship=46F7BA21&idseason=00000001,00000003,00000003,ΠΑΝΙΩΝΙΟΣ COSMORAMA TRAVEL,3,26,False
2013-14,00000589,ΣΤΕΦΑΝΙΔΗΣ Χριστόφορος,ΕΛΛΑΔΑ,26,24.88,646.88,True,ESAKE country,False,https://www.esake.gr/el/action/EsakeStats?mode=2&idchampionship=46F7BA21&idseason=00000001,0000000A,00000010,ΚΟΛΟΣΣΟΣ H HOTELS COLLECTION,10,26,True
2013-14,3906FE45,ΣΤΕΦΕΝΣ Ντι Τζέι,ΗΠΑ,18,29.85,537.3,False,ESAKE country,False,https://www.esake.gr/el/action/EsakeStats?mode=2&idchampionship=46F7BA21&idseason=00000001,00000006,00000006,ΗΛΥΣΙΑΚΟΣ,13,26,True
2013-14,0000058F,ΣΤΙΓΚΕΡΣ Ντάντε,ΛΕΥΚΟΡΩΣΙΑ,16,18.73,299.68,False,ESAKE country,False,https://www.esake.gr/el/action/EsakeStats?mode=2&idchampionship=46F7BA21&idseason=00000001,00000009,00000009,ΚΑΟΔ AM.GENETICS,6,26,False
2013-14,00000597,ΣΤΡΝΑΝΤ Νίκο,ΣΛΟΒΕΝΙΑ,19,20.13,382.47,False,ESAKE country,False,https://www.esake.gr/el/action/EsakeStats?mode=2&idchampionship=46F7BA21&idseason=00000001,00000007,00000007,ΙΚΑΡΟΣ LUCY HTL,14,26,True
2013-14,41E47043,ΤΕΪΛΟΡ Τζόζεφ,ΗΠΑ,10,23.7,237.0,False,ESAKE country,False,https://www.esake.gr/el/action/EsakeStats?mode=2&idchampionship=46F7BA21&idseason=00000001,00000004,00000004,ΑΠΟΛΛΩΝ Π. CARNA,8,26,True
2013-14,00000714,ΤΕΡΝΕΡ Λάρι,ΗΠΑ,26,22.16,576.16,False,ESAKE country,False,https://www.esake.gr/el/action/EsakeStats?mode=2&idchampionship=46F7BA21&idseason=00000001,0000000B,00000011,ΠΑΝΕΛΕΥΣΙΝΙΑΚΟΣ,12,26,True
2013-14,844AD592,ΤΖΟΟΥΝΣ Λάζεριτς,ΗΠΑ,26,29.5,767.0,False,ESAKE country,False,https://www.esake.gr/el/action/EsakeStats?mode=2&idchampionship=46F7BA21&idseason=00000001,00000009,00000009,ΚΑΟΔ AM.GENETICS,6,26,False
2013-14,32E814D9,ΤΖΟΟΥΝΣ Ρομπ,ΗΠΑ,24,24.99,599.76,False,ESAKE country,False,https://www.esake.gr/el/action/EsakeStats?mode=2&idchampionship=46F7BA21&idseason=00000001,0000000B,00000011,ΠΑΝΕΛΕΥΣΙΝΙΑΚΟΣ,12,26,True
2013-14,FFDF7370,ΤΖΟΥΓΚΑΡΑΚΗΣ Σάββας,ΕΛΛΑΔΑ,22,8.22,180.84,True,ESAKE country,False,https://www.esake.gr/el/action/EsakeStats?mode=2&idchampionship=46F7BA21&idseason=00000001,00000006,00000006,ΗΛΥΣΙΑΚΟΣ,13,26,True
2013-14,D8361DB3,ΤΟΛΙΟΠΟΥΛΟΣ Βασίλης,ΕΛΛΑΔΑ,12,4.28,51.36,True,ESAKE country,False,https://www.esake.gr/el/action/EsakeStats?mode=2&idchampionship=46F7BA21&idseason=00000001,00000007,00000007,ΙΚΑΡΟΣ LUCY HTL,14,26,True
2013-14,61D27FA0,ΤΡΕΠΑΛΟΒΑΤΣ Άλεν,ΚΡΟΑΤΙΑ,10,10.36,103.6,False,ESAKE country,False,https://www.esake.gr/el/action/EsakeStats?mode=2&idchampionship=46F7BA21&idseason=00000001,00000004,00000004,ΑΠΟΛΛΩΝ Π. CARNA,8,26,True
2013-14,0000060F,ΤΣΑΪΡΕΛΗΣ Μιχάλης,ΕΛΛΑΔΑ,26,27.38,711.88,True,ESAKE country,False,https://www.esake.gr/el/action/EsakeStats?mode=2&idchampionship=46F7BA21&idseason=00000001,0000000C,00000012,ΠΑΟΚ,4,26,False
2013-14,00000611,ΤΣΑΚΑΛΕΡΗΣ Ευθύμης,ΕΛΛΑΔΑ,16,10.6,169.6,True,ESAKE country,False,https://www.esake.gr/el/action/EsakeStats?mode=2&idchampionship=46F7BA21&idseason=00000001,00000005,00000005,ΑΡΗΣ,7,26,False
2013-14,00000614,ΤΣΑΛΔΑΡΗΣ Δημήτρης,ΕΛΛΑΔΑ,25,27.7,692.5,True,ESAKE country,False,https://www.esake.gr/el/action/EsakeStats?mode=2&idchampionship=46F7BA21&idseason=00000001,7E7C484C,2022074188,ΚΗΦΙΣΙΑ,5,26,False
2013-14,00000619,ΤΣΑΜΗΣ Άγγελος,ΕΛΛΑΔΑ,24,23.13,555.12,True,ESAKE country,False,https://www.esake.gr/el/action/EsakeStats?mode=2&idchampionship=46F7BA21&idseason=00000001,0000000A,00000010,ΚΟΛΟΣΣΟΣ H HOTELS COLLECTION,10,26,True
2013-14,B46E5407,ΤΣΑΡ Μάρκο,ΚΡΟΑΤΙΑ,14,17.75,248.5,False,ESAKE country,False,https://www.esake.gr/el/action/EsakeStats?mode=2&idchampionship=46F7BA21&idseason=00000001,0000000A,00000010,ΚΟΛΟΣΣΟΣ H HOTELS COLLECTION,10,26,True
2013-14,363B6DE0,ΤΣΟΒΙΤΣ Φίλιπ,ΣΕΡΒΙΑ,10,19.03,190.3,False,ESAKE country,False,https://www.esake.gr/el/action/EsakeStats?mode=2&idchampionship=46F7BA21&idseason=00000001,00000009,00000009,ΚΑΟΔ AM.GENETICS,6,26,False
2013-14,00000639,ΤΣΟΧΛΑΣ Απόλλων,ΕΛΛΑΔΑ,23,13.79,317.17,True,ESAKE country,False,https://www.esake.gr/el/action/EsakeStats?mode=2&idchampionship=46F7BA21&idseason=00000001,0000000C,00000012,ΠΑΟΚ,4,26,False
2013-14,00000707,ΦΑΓΙΕ Μουχάμεντ,ΣΕΝΕΓΑΛΗ,22,30.63,673.86,False,ESAKE country,False,https://www.esake.gr/el/action/EsakeStats?mode=2&idchampionship=46F7BA21&idseason=00000001,0000000B,00000011,ΠΑΝΕΛΕΥΣΙΝΙΑΚΟΣ,12,26,True
2013-14,1F18802B,ΦΑΚΟΠΟΥΛΙΔΗΣ Κωνσταντίνος,ΕΛΛΑΔΑ,11,4.22,46.42,True,ESAKE country,False,https://www.esake.gr/el/action/EsakeStats?mode=2&idchampionship=46F7BA21&idseason=00000001,00000006,00000006,ΗΛΥΣΙΑΚΟΣ,13,26,True
2013-14,54A4797A,ΦΙΣΕΡ Τζος,ΙΣΠΑΝΙΑ,11,20.57,226.27,False,ESAKE country,False,https://www.esake.gr/el/action/EsakeStats?mode=2&idchampionship=46F7BA21&idseason=00000001,0000000B,00000011,ΠΑΝΕΛΕΥΣΙΝΙΑΚΟΣ,12,26,True
2013-14,0000065D,ΦΟΥΝΤΑΣ  Γιώργος,ΕΛΛΑΔΑ,15,3.3,49.5,True,ESAKE country,False,https://www.esake.gr/el/action/EsakeStats?mode=2&idchampionship=46F7BA21&idseason=00000001,00000014,00000020,ΤΡΙΚΑΛΑ BC ARIES,11,26,True
2013-14,00000666,ΦΩΤΣΗΣ Αντώνης,ΕΛΛΑΔΑ,26,20.87,542.62,True,ESAKE country,False,https://www.esake.gr/el/action/EsakeStats?mode=2&idchampionship=46F7BA21&idseason=00000001,00000001,00000001,ΠΑΝΑΘΗΝΑΪΚΟΣ AKTOR,1,26,False
2013-14,00000676,ΧΑΝΤ Τζέρεμι,ΗΠΑ,15,11.48,172.2,False,ESAKE country,False,https://www.esake.gr/el/action/EsakeStats?mode=2&idchampionship=46F7BA21&idseason=00000001,00000005,00000005,ΑΡΗΣ,7,26,False
2013-14,0000067C,ΧΑΡΑΛΑΜΠΙΔΗΣ Κώστας,ΕΛΛΑΔΑ,26,24.98,649.48,True,ESAKE country,False,https://www.esake.gr/el/action/EsakeStats?mode=2&idchampionship=46F7BA21&idseason=00000001,0000000C,00000012,ΠΑΟΚ,4,26,False
2013-14,00000729,ΧΑΡΑΛΑΜΠΟΠΟΥΛΟΣ Βασίλης,ΕΛΛΑΔΑ,8,8.72,69.76,True,ESAKE country,False,https://www.esake.gr/el/action/EsakeStats?mode=2&idchampionship=46F7BA21&idseason=00000001,00000001,00000001,ΠΑΝΑΘΗΝΑΪΚΟΣ AKTOR,1,26,False
2013-14,00000682,ΧΑΡΙΣΗΣ Κώστας,ΕΛΛΑΔΑ,25,17.66,441.5,True,ESAKE country,False,https://www.esake.gr/el/action/EsakeStats?mode=2&idchampionship=46F7BA21&idseason=00000001,00000005,00000005,ΑΡΗΣ,7,26,False
2013-14,2F97BFE3,ΧΑΡΤ Τζάστιν,ΗΠΑ,26,27.15,705.9,False,ESAKE country,False,https://www.esake.gr/el/action/EsakeStats?mode=2&idchampionship=46F7BA21&idseason=00000001,0000000E,00000014,ΡΕΘΥΜΝΟ CRETAN KINGS,9,26,True
2013-14,1B250824,ΧΑΤΖΗΝΙΚΟΛΑΣ Γιάννης,ΕΛΛΑΔΑ,2,5.88,11.76,True,ESAKE country,False,https://www.esake.gr/el/action/EsakeStats?mode=2&idchampionship=46F7BA21&idseason=00000001,7E7C484C,2022074188,ΚΗΦΙΣΙΑ,5,26,False
2013-14,00000690,ΧΑΤΖΗΣ Νίκος,ΕΛΛΑΔΑ,25,19.3,482.5,True,ESAKE country,False,https://www.esake.gr/el/action/EsakeStats?mode=2&idchampionship=46F7BA21&idseason=00000001,00000006,00000006,ΗΛΥΣΙΑΚΟΣ,13,26,True
2013-14,9F956370,ΧΙΛ Πολ,ΗΠΑ,12,23.04,276.48,False,ESAKE country,False,https://www.esake.gr/el/action/EsakeStats?mode=2&idchampionship=46F7BA21&idseason=00000001,00000004,00000004,ΑΠΟΛΛΩΝ Π. CARNA,8,26,True
2013-14,70555D46,ΧΟΠΚΙΝΣ Μπράιαν,ΗΠΑ,5,18.11,90.55,False,ESAKE country,False,https://www.esake.gr/el/action/EsakeStats?mode=2&idchampionship=46F7BA21&idseason=00000001,0000000A,00000010,ΚΟΛΟΣΣΟΣ H HOTELS COLLECTION,10,26,True
2013-14,5F0B3D16,ΧΟΤ Αμίν,ΜΑΥΡΟΒΟΥΝΙΟ,14,9.77,136.78,False,ESAKE country,False,https://www.esake.gr/el/action/EsakeStats?mode=2&idchampionship=46F7BA21&idseason=00000001,00000004,00000004,ΑΠΟΛΛΩΝ Π. CARNA,8,26,True
2013-14,91EECAC0,ΧΟΥΧΟΥΜΗΣ Νίκος,ΕΛΛΑΔΑ,3,1.75,5.25,True,ESAKE country,False,https://www.esake.gr/el/action/EsakeStats?mode=2&idchampionship=46F7BA21&idseason=00000001,0000000B,00000011,ΠΑΝΕΛΕΥΣΙΝΙΑΚΟΣ,12,26,True
2013-14,BBF3312A,ΧΡΙΣΤΟΔΟΥΛΟΥ Ανδρέας,ΕΛΛΑΔΑ,6,6.74,40.44,True,ESAKE country,False,https://www.esake.gr/el/action/EsakeStats?mode=2&idchampionship=46F7BA21&idseason=00000001,00000002,00000002,ΟΛΥΜΠΙΑΚΟΣ,2,26,False
2013-14,000006BD,ΧΡΥΣΙΚΟΠΟΥΛΟΣ Λίνος,ΕΛΛΑΔΑ,5,18.01,90.05,True,ESAKE country,False,https://www.esake.gr/el/action/EsakeStats?mode=2&idchampionship=46F7BA21&idseason=00000001,00000009,00000009,ΚΑΟΔ AM.GENETICS,6,26,False
2013-14,EF03E98B,ΨΑΘΑΣ Ιωάννης,ΕΛΛΑΔΑ,14,12.53,175.42,True,ESAKE country,False,https://www.esake.gr/el/action/EsakeStats?mode=2&idchampionship=46F7BA21&idseason=00000001,7E7C484C,2022074188,ΚΗΦΙΣΙΑ,5,26,False
2014-15,00000715,ΑΒΡΑΜΙΔΗΣ Δήμος,ΕΛΛΑΔΑ,19,10.3,195.7,True,ESAKE country,False,https://www.esake.gr/el/action/EsakeStats?mode=2&idchampionship=3E05D578&idseason=00000001,0000000B,00000011,ΠΑΝΕΛΕΥΣΙΝΙΑΚΟΣ,13,26,True
2014-15,0000000B,ΑΓΓΕΛΟΠΟΥΛΟΣ Νίκος,ΕΛΛΑΔΑ,25,24.91,622.75,True,ESAKE country,False,https://www.esake.gr/el/action/EsakeStats?mode=2&idchampionship=3E05D578&idseason=00000001,B57FA140,1149926848,ΚΟΡΟΙΒΟΣ,8,26,True
2014-15,0000000F,ΑΓΡΑΒΑΝΗΣ Δημήτρης,ΕΛΛΑΔΑ,18,16.28,293.04,True,ESAKE country,False,https://www.esake.gr/el/action/EsakeStats?mode=2&idchampionship=3E05D578&idseason=00000001,00000002,00000002,ΟΛΥΜΠΙΑΚΟΣ,1,26,False
2014-15,00000012,ΑΘΑΝΑΣΟΥΛΑΣ Γιάννης,ΕΛΛΑΔΑ,24,25.25,606.0,True,ESAKE country,False,https://www.esake.gr/el/action/EsakeStats?mode=2&idchampionship=3E05D578&idseason=00000001,0000000B,00000011,ΠΑΝΕΛΕΥΣΙΝΙΑΚΟΣ,13,26,True
2014-15,00000013,ΑΘΗΝΑΙΟΥ Γιάννης,ΕΛΛΑΔΑ,18,21.13,380.34,True,ESAKE country,False,https://www.esake.gr/el/action/EsakeStats?mode=2&idchampionship=3E05D578&idseason=00000001,00000010,00000016,AEK 2014-15,5,26,False
2014-15,1E9B1526,ΑΛΛΕΝ Τσέισον,ΗΠΑ,26,25.79,670.54,False,ESAKE country,False,https://www.esake.gr/el/action/EsakeStats?mode=2&idchampionship=3E05D578&idseason=00000001,0000000E,00000014,ΡΕΘΥΜΝΟ CRETAN KINGS,6,26,False
2014-15,BA9858A3,ΑΜΠΟΤ Τάι,ΗΠΑ,0,0.0,0.0,False,ESAKE country,False,https://www.esake.gr/el/action/EsakeStats?mode=2&idchampionship=3E05D578&idseason=00000001,7E7C484C,2022074188,ΚΗΦΙΣΙΑ,11,26,True
2014-15,F4A1D655,ΑΝΤΕΓΚΠΟΓΙΕ Στέφεν,,25,22.81,570.25,False,Manual review of blank country,False,https://www.esake.gr/el/action/EsakeStats?mode=2&idchampionship=3E05D578&idseason=00000001,00000005,00000005,ΑΡΗΣ,4,26,False
2014-15,0000003B,ΑΝΤΩΝΑΚΗΣ Τάσος,ΕΛΛΑΔΑ,19,7.67,145.73,True,ESAKE country,False,https://www.esake.gr/el/action/EsakeStats?mode=2&idchampionship=3E05D578&idseason=00000001,00000004,00000004,ΑΠΟΛΛΩΝ Π. CARNA,10,26,True
2014-15,00000046,ΑΡΓΥΡΟΠΟΥΛΟΣ Νίκος,ΕΛΛΑΔΑ,24,16.79,402.96,True,ESAKE country,False,https://www.esake.gr/el/action/EsakeStats?mode=2&idchampionship=3E05D578&idseason=00000001,00000004,00000004,ΑΠΟΛΛΩΝ Π. CARNA,10,26,True
2014-15,00000737,ΒΑΡΥΤΙΜΙΑΔΗΣ Αλέξανδρος,ΕΛΛΑΔΑ,14,5.44,76.16,True,ESAKE country,False,https://www.esake.gr/el/action/EsakeStats?mode=2&idchampionship=3E05D578&idseason=00000001,00000014,00000020,ΤΡΙΚΑΛΑ BC ARIES,12,26,True
2014-15,00000063,ΒΑΣΙΛΙΕΒΙΤΣ Σάσα,,25,19.66,491.5,False,Manual review of blank country,False,https://www.esake.gr/el/action/EsakeStats?mode=2&idchampionship=3E05D578&idseason=00000001,B57FA140,1149926848,ΚΟΡΟΙΒΟΣ,8,26,True
2014-15,00000065,ΒΑΣΙΛΟΠΟΥΛΟΣ Παναγιώτης,ΕΛΛΑΔΑ,11,16.25,178.75,True,ESAKE country,False,https://www.esake.gr/el/action/EsakeStats?mode=2&idchampionship=3E05D578&idseason=00000001,7E7C484C,2022074188,ΚΗΦΙΣΙΑ,11,26,True
2014-15,00000066,ΒΑΣΙΛΟΠΟΥΛΟΣ Φώτης,ΕΛΛΑΔΑ,23,20.65,474.95,True,ESAKE country,False,https://www.esake.gr/el/action/EsakeStats?mode=2&idchampionship=3E05D578&idseason=00000001,0000000B,00000011,ΠΑΝΕΛΕΥΣΙΝΙΑΚΟΣ,13,26,True
2014-15,00000069,ΒΕΖΕΝΚΟΦ Αλέξανδρος,ΚΥΠΡΟΣ,26,32.9,855.4,False,ESAKE country,False,https://www.esake.gr/el/action/EsakeStats?mode=2&idchampionship=3E05D578&idseason=00000001,00000005,00000005,ΑΡΗΣ,4,26,False
2014-15,0000006B,ΒΕΡΓΙΝΗΣ Δημήτρης,ΕΛΛΑΔΑ,25,22.65,566.25,True,ESAKE country,False,https://www.esake.gr/el/action/EsakeStats?mode=2&idchampionship=3E05D578&idseason=00000001,00000003,00000003,ΠΑΝΙΩΝΙΟΣ COSMORAMA TRAVEL,14,26,True
2014-15,58A08BB4,ΒΟΝ Τζούλιαν,ΗΠΑ,26,20.81,541.06,False,ESAKE country,False,https://www.esake.gr/el/action/EsakeStats?mode=2&idchampionship=3E05D578&idseason=00000001,0000000C,00000012,ΠΑΟΚ,3,26,False
2014-15,F0A66983,ΒΟΥΛΓΑΡΟΠΟΥΛΟΣ Στράτος,ΕΛΛΑΔΑ,0,0.0,0.0,True,ESAKE country,False,https://www.esake.gr/el/action/EsakeStats?mode=2&idchampionship=3E05D578&idseason=00000001,00000009,00000009,ΚΑΟΔ AM.GENETICS,9,26,True
2014-15,00000088,ΓΑΛΙΩΤΟΣ Γιώργος,ΕΛΛΑΔΑ,20,6.92,138.4,True,ESAKE country,False,https://www.esake.gr/el/action/EsakeStats?mode=2&idchampionship=3E05D578&idseason=00000001,B57FA140,1149926848,ΚΟΡΟΙΒΟΣ,8,26,True
2014-15,0000008E,ΓΕΩΡΓΑΚΗΣ Γιώργος,ΕΛΛΑΔΑ,16,5.52,88.32,True,ESAKE country,False,https://www.esake.gr/el/action/EsakeStats?mode=2&idchampionship=3E05D578&idseason=00000001,00000009,00000009,ΚΑΟΔ AM.GENETICS,9,26,True
2014-15,00000091,ΓΕΩΡΓΑΛΛΗΣ Γιάννης,ΕΛΛΑΔΑ,22,15.83,348.26,True,ESAKE country,False,https://www.esake.gr/el/action/EsakeStats?mode=2&idchampionship=3E05D578&idseason=00000001,00000004,00000004,ΑΠΟΛΛΩΝ Π. CARNA,10,26,True
2014-15,0000009B,ΓΙΑΝΚΟΒΙΤΣ Βλαδίμηρος,ΕΛΛΑΔΑ,22,23.74,522.28,True,ESAKE country,False,https://www.esake.gr/el/action/EsakeStats?mode=2&idchampionship=3E05D578&idseason=00000001,00000001,00000001,ΠΑΝΑΘΗΝΑΪΚΟΣ AKTOR,2,26,False
2014-15,0000009F,ΓΙΑΝΝΑΚΙΔΗΣ Μιχάλης,ΕΛΛΑΔΑ,26,16.42,426.92,True,ESAKE country,False,https://www.esake.gr/el/action/EsakeStats?mode=2&idchampionship=3E05D578&idseason=00000001,B57FA140,1149926848,ΚΟΡΟΙΒΟΣ,8,26,True
2014-15,CD9E2F44,ΓΚΑΛΟΓΟΥΕΪ Κέβιν,ΗΠΑ,25,28.11,702.75,False,ESAKE country,False,https://www.esake.gr/el/action/EsakeStats?mode=2&idchampionship=3E05D578&idseason=00000001,00000004,00000004,ΑΠΟΛΛΩΝ Π. CARNA,10,26,True
2014-15,C1203314,ΓΚΑΡΕΤ Ντάριους,ΗΠΑ,11,27.87,306.57,False,ESAKE country,False,https://www.esake.gr/el/action/EsakeStats?mode=2&idchampionship=3E05D578&idseason=00000001,B57FA140,1149926848,ΚΟΡΟΙΒΟΣ,8,26,True
2014-15,CC57C559,ΓΚΙΚΑΣ Νίκος,ΕΛΛΑΔΑ,9,12.07,108.63,True,ESAKE country,False,https://www.esake.gr/el/action/EsakeStats?mode=2&idchampionship=3E05D578&idseason=00000001,00000005,00000005,ΑΡΗΣ,4,26,False
2014-15,00000722,ΓΚΙΣΤ Τζέιμς,ΗΠΑ,21,21.09,442.89,False,ESAKE country,False,https://www.esake.gr/el/action/EsakeStats?mode=2&idchampionship=3E05D578&idseason=00000001,00000001,00000001,ΠΑΝΑΘΗΝΑΪΚΟΣ AKTOR,2,26,False
2014-15,E6C09C3A,ΓΟΥΝΤΣ Τόνι,ΗΠΑ,17,18.07,307.19,False,ESAKE country,False,https://www.esake.gr/el/action/EsakeStats?mode=2&idchampionship=3E05D578&idseason=00000001,00000003,00000003,ΠΑΝΙΩΝΙΟΣ COSMORAMA TRAVEL,14,26,True
2014-15,00000110,ΔΕΔΑΣ Γιώργος,ΕΛΛΑΔΑ,25,11.56,289.0,True,ESAKE country,False,https://www.esake.gr/el/action/EsakeStats?mode=2&idchampionship=3E05D578&idseason=00000001,0000000C,00000012,ΠΑΟΚ,3,26,False
2014-15,00000112,ΔΕΛΗΓΙΑΝΝΗΣ Χρήστος,ΕΛΛΑΔΑ,4,16.2,64.8,True,ESAKE country,False,https://www.esake.gr/el/action/EsakeStats?mode=2&idchampionship=3E05D578&idseason=00000001,00000014,00000020,ΤΡΙΚΑΛΑ BC ARIES,12,26,True
2014-15,00000119,ΔΗΜΑΣ Τάσος,ΕΛΛΑΔΑ,6,3.67,22.02,True,ESAKE country,False,https://www.esake.gr/el/action/EsakeStats?mode=2&idchampionship=3E05D578&idseason=00000001,00000005,00000005,ΑΡΗΣ,4,26,False
2014-15,00000728,ΔΙΑΜΑΝΤΑΚΟΣ Γιώργος,ΕΛΛΑΔΑ,4,7.51,30.04,True,ESAKE country,False,https://www.esake.gr/el/action/EsakeStats?mode=2&idchampionship=3E05D578&idseason=00000001,00000001,00000001,ΠΑΝΑΘΗΝΑΪΚΟΣ AKTOR,2,26,False
2014-15,0000011A,ΔΙΑΜΑΝΤΙΔΗΣ Δημήτρης,ΕΛΛΑΔΑ,25,23.35,583.75,True,ESAKE country,False,https://www.esake.gr/el/action/EsakeStats?mode=2&idchampionship=3E05D578&idseason=00000001,00000001,00000001,ΠΑΝΑΘΗΝΑΪΚΟΣ AKTOR,2,26,False
2014-15,0000011B,ΔΙΑΜΑΝΤΟΠΟΥΛΟΣ Γιώργος,ΕΛΛΑΔΑ,2,3.24,6.48,True,ESAKE country,False,https://www.esake.gr/el/action/EsakeStats?mode=2&idchampionship=3E05D578&idseason=00000001,00000003,00000003,ΠΑΝΙΩΝΙΟΣ COSMORAMA TRAVEL,14,26,True
2014-15,0000011D,ΔΟΡΚΟΦΙΚΗΣ Περικλής,ΕΛΛΑΔΑ,24,17.44,418.56,True,ESAKE country,False,https://www.esake.gr/el/action/EsakeStats?mode=2&idchampionship=3E05D578&idseason=00000001,0000000B,00000011,ΠΑΝΕΛΕΥΣΙΝΙΑΚΟΣ,13,26,True
2014-15,52208518,ΔΟΥΚΑΣ Κωνσταντίνος,ΕΛΛΑΔΑ,1,3.75,3.75,True,ESAKE country,False,https://www.esake.gr/el/action/EsakeStats?mode=2&idchampionship=3E05D578&idseason=00000001,00000003,00000003,ΠΑΝΙΩΝΙΟΣ COSMORAMA TRAVEL,14,26,True
2014-15,00000718,ΔΟΥΛΓΕΡΑΚΗΣ Μάρκος,ΕΛΛΑΔΑ,8,2.41,19.28,True,ESAKE country,False,https://www.esake.gr/el/action/EsakeStats?mode=2&idchampionship=3E05D578&idseason=00000001,0000000E,00000014,ΡΕΘΥΜΝΟ CRETAN KINGS,6,26,False
2014-15,12381759,ΔΡΑΚΩΤΟΣ Σπύρος,ΕΛΛΑΔΑ,2,2.12,4.24,True,ESAKE country,False,https://www.esake.gr/el/action/EsakeStats?mode=2&idchampionship=3E05D578&idseason=00000001,0000000B,00000011,ΠΑΝΕΛΕΥΣΙΝΙΑΚΟΣ,13,26,True
2014-15,E6FAFF3B,ΕΛ-ΑΜΙΝ Μουχάμεντ,ΗΠΑ,26,28.79,748.54,False,ESAKE country,False,https://www.esake.gr/el/action/EsakeStats?mode=2&idchampionship=3E05D578&idseason=00000001,00000004,00000004,ΑΠΟΛΛΩΝ Π. CARNA,10,26,True
2014-15,921B7468,ΕΡΙΚ Μάικλ,ΝΙΓΗΡΙΑ,1,22.8,22.8,False,ESAKE country,False,https://www.esake.gr/el/action/EsakeStats?mode=2&idchampionship=3E05D578&idseason=00000001,0000000B,00000011,ΠΑΝΕΛΕΥΣΙΝΙΑΚΟΣ,13,26,True
2014-15,00000140,ΖΑΡΑΣ Θοδωρής,ΕΛΛΑΔΑ,25,25.56,639.0,True,ESAKE country,False,https://www.esake.gr/el/action/EsakeStats?mode=2&idchampionship=3E05D578&idseason=00000001,00000009,00000009,ΚΑΟΔ AM.GENETICS,9,26,True
2014-15,834288E0,ΘΩΔΟΣ Θάνος,ΕΛΛΑΔΑ,2,0.67,1.34,True,ESAKE country,False,https://www.esake.gr/el/action/EsakeStats?mode=2&idchampionship=3E05D578&idseason=00000001,00000014,00000020,ΤΡΙΚΑΛΑ BC ARIES,12,26,True
2014-15,0CF62AB1,ΙΝΓΚΛΙΣ Καρλ,ΚΑΝΑΔΑΣ,23,26.03,598.69,False,ESAKE country,False,https://www.esake.gr/el/action/EsakeStats?mode=2&idchampionship=3E05D578&idseason=00000001,00000010,00000016,AEK 2014-15,5,26,False
2014-15,019CD776,ΙΝΓΚΡΑΜ Τζάστιν,ΗΠΑ,26,32.02,832.52,False,ESAKE country,False,https://www.esake.gr/el/action/EsakeStats?mode=2&idchampionship=3E05D578&idseason=00000001,00000014,00000020,ΤΡΙΚΑΛΑ BC ARIES,12,26,True
2014-15,00000165,ΙΩΑΝΝΟΥ Στέλιος,ΕΛΛΑΔΑ,23,19.04,437.92,True,ESAKE country,False,https://www.esake.gr/el/action/EsakeStats?mode=2&idchampionship=3E05D578&idseason=00000001,0000000B,00000011,ΠΑΝΕΛΕΥΣΙΝΙΑΚΟΣ,13,26,True
2014-15,00000167,ΚΑΒΒΑΔΑΣ Βασίλης,ΕΛΛΑΔΑ,18,5.49,98.82,True,ESAKE country,False,https://www.esake.gr/el/action/EsakeStats?mode=2&idchampionship=3E05D578&idseason=00000001,00000002,00000002,ΟΛΥΜΠΙΑΚΟΣ,1,26,False
2014-15,C1EA96D0,ΚΑΪΛΣ Ντέιβιντ,ΗΠΑ,4,18.75,75.0,False,ESAKE country,False,https://www.esake.gr/el/action/EsakeStats?mode=2&idchampionship=3E05D578&idseason=00000001,00000010,00000016,AEK 2014-15,5,26,False
2014-15,0000016E,ΚΑΚΑΡΟΥΔΗΣ Κώστας,ΕΛΛΑΔΑ,13,13.7,178.1,True,ESAKE country,False,https://www.esake.gr/el/action/EsakeStats?mode=2&idchampionship=3E05D578&idseason=00000001,0000000C,00000012,ΠΑΟΚ,3,26,False
2014-15,00000171,ΚΑΚΙΟΥΖΗΣ Μιχάλης,ΕΛΛΑΔΑ,13,25.33,329.29,True,ESAKE country,False,https://www.esake.gr/el/action/EsakeStats?mode=2&idchampionship=3E05D578&idseason=00000001,7E7C484C,2022074188,ΚΗΦΙΣΙΑ,11,26,True
2014-15,0000017B,ΚΑΛΑΜΠΟΚΗΣ Γιάννης,ΕΛΛΑΔΑ,25,18.44,461.0,True,ESAKE country,False,https://www.esake.gr/el/action/EsakeStats?mode=2&idchampionship=3E05D578&idseason=00000001,0000000E,00000014,ΡΕΘΥΜΝΟ CRETAN KINGS,6,26,False
2014-15,0000017E,ΚΑΛΛΕΣ Νίκος,ΕΛΛΑΔΑ,10,10.21,102.1,True,ESAKE country,False,https://www.esake.gr/el/action/EsakeStats?mode=2&idchampionship=3E05D578&idseason=00000001,0000000B,00000011,ΠΑΝΕΛΕΥΣΙΝΙΑΚΟΣ,13,26,True
2014-15,D7448D16,ΚΑΜΑΡΙΩΤΗΣ Θάνος,ΕΛΛΑΔΑ,6,2.47,14.82,True,ESAKE country,False,https://www.esake.gr/el/action/EsakeStats?mode=2&idchampionship=3E05D578&idseason=00000001,00000014,00000020,ΤΡΙΚΑΛΑ BC ARIES,12,26,True
2014-15,E42E0A16,ΚΑΜΠΕΡΙΔΗΣ Μιχάλης,ΕΛΛΑΔΑ,5,4.95,24.75,True,ESAKE country,False,https://www.esake.gr/el/action/EsakeStats?mode=2&idchampionship=3E05D578&idseason=00000001,00000010,00000016,AEK 2014-15,5,26,False
2014-15,00000189,ΚΑΝΟΝΙΔΗΣ Ανδρέας,ΕΛΛΑΔΑ,26,14.23,369.98,True,ESAKE country,False,https://www.esake.gr/el/action/EsakeStats?mode=2&idchampionship=3E05D578&idseason=00000001,B57FA140,1149926848,ΚΟΡΟΙΒΟΣ,8,26,True
2014-15,B6F03D93,ΚΑΝΤΖΙ Κένεθ,ΚΑΜΕΡΟΥΝ,15,25.06,375.9,False,ESAKE country,False,https://www.esake.gr/el/action/EsakeStats?mode=2&idchampionship=3E05D578&idseason=00000001,00000014,00000020,ΤΡΙΚΑΛΑ BC ARIES,12,26,True
2014-15,F404206E,ΚΑΝΥΧΗΣ Νίκος,ΕΛΛΑΔΑ,3,0.52,1.56,True,ESAKE country,False,https://www.esake.gr/el/action/EsakeStats?mode=2&idchampionship=3E05D578&idseason=00000001,0000000A,00000010,ΚΟΛΟΣΣΟΣ H HOTELS COLLECTION,7,26,False
2014-15,4CED51A0,ΚΑΟΥΝΣΙΛ Βίνσεντ,ΗΠΑ,26,24.85,646.1,False,ESAKE country,False,https://www.esake.gr/el/action/EsakeStats?mode=2&idchampionship=3E05D578&idseason=00000001,0000000E,00000014,ΡΕΘΥΜΝΟ CRETAN KINGS,6,26,False
2014-15,AC456131,ΚΑΠΡΗΣ Φώτης,ΕΛΛΑΔΑ,0,0.0,0.0,True,ESAKE country,False,https://www.esake.gr/el/action/EsakeStats?mode=2&idchampionship=3E05D578&idseason=00000001,00000003,00000003,ΠΑΝΙΩΝΙΟΣ COSMORAMA TRAVEL,14,26,True
2014-15,00000195,ΚΑΡΑΘΑΝΑΣΗΣ Γιάννης,ΕΛΛΑΔΑ,15,6.89,103.35,True,ESAKE country,False,https://www.esake.gr/el/action/EsakeStats?mode=2&idchampionship=3E05D578&idseason=00000001,00000005,00000005,ΑΡΗΣ,4,26,False
2014-15,7EBD33A2,ΚΑΡΑΜΠΕΛΑΣ Αλέξανδρος,ΕΛΛΑΔΑ,0,0.0,0.0,True,ESAKE country,False,https://www.esake.gr/el/action/EsakeStats?mode=2&idchampionship=3E05D578&idseason=00000001,00000003,00000003,ΠΑΝΙΩΝΙΟΣ COSMORAMA TRAVEL,14,26,True
2014-15,000006CC,ΚΑΡΤΕΡ Μαρκ,ΗΠΑ,25,29.07,726.75,False,ESAKE country,False,https://www.esake.gr/el/action/EsakeStats?mode=2&idchampionship=3E05D578&idseason=00000001,0000000C,00000012,ΠΑΟΚ,3,26,False
2014-15,000001AD,ΚΑΣΕΛΑΚΗΣ Λεωνίδας,ΕΛΛΑΔΑ,19,17.81,338.39,True,ESAKE country,False,https://www.esake.gr/el/action/EsakeStats?mode=2&idchampionship=3E05D578&idseason=00000001,00000010,00000016,AEK 2014-15,5,26,False
2014-15,EDC2C7EE,ΚΑΣΠΙΡΗΣ Νίκος,ΕΛΛΑΔΑ,0,0.0,0.0,True,ESAKE country,False,https://www.esake.gr/el/action/EsakeStats?mode=2&idchampionship=3E05D578&idseason=00000001,00000004,00000004,ΑΠΟΛΛΩΝ Π. CARNA,10,26,True
2014-15,000001BC,ΚΑΤΣΙΒΕΛΗΣ Δημήτρης,ΕΛΛΑΔΑ,16,9.82,157.12,True,ESAKE country,False,https://www.esake.gr/el/action/EsakeStats?mode=2&idchampionship=3E05D578&idseason=00000001,00000002,00000002,ΟΛΥΜΠΙΑΚΟΣ,1,26,False
2014-15,000001C1,ΚΑΥΚΗΣ Παναγιώτης,ΕΛΛΑΔΑ,11,13.41,147.51,True,ESAKE country,False,https://www.esake.gr/el/action/EsakeStats?mode=2&idchampionship=3E05D578&idseason=00000001,7E7C484C,2022074188,ΚΗΦΙΣΙΑ,11,26,True
2014-15,69FA77B0,ΚΕΡΚ Ντόναβαν,ΗΠΑ,2,16.05,32.1,False,ESAKE country,False,https://www.esake.gr/el/action/EsakeStats?mode=2&idchampionship=3E05D578&idseason=00000001,B57FA140,1149926848,ΚΟΡΟΙΒΟΣ,8,26,True
2014-15,1BF73486,ΚΟΒΙΝΓΚΤΟΝ Ντι Τζέι,ΗΠΑ,5,8.78,43.9,False,ESAKE country,False,https://www.esake.gr/el/action/EsakeStats?mode=2&idchampionship=3E05D578&idseason=00000001,7E7C484C,2022074188,ΚΗΦΙΣΙΑ,11,26,True
2014-15,000006DE,ΚΟΛΕΜΑΝ Ουίλιαμ,ΗΠΑ,19,25.91,492.29,False,ESAKE country,False,https://www.esake.gr/el/action/EsakeStats?mode=2&idchampionship=3E05D578&idseason=00000001,00000003,00000003,ΠΑΝΙΩΝΙΟΣ COSMORAMA TRAVEL,14,26,True
2014-15,CAD847E9,ΚΟΛΟΒΗΣ Ιωάννης,ΕΛΛΑΔΑ,2,0.76,1.52,True,ESAKE country,False,https://www.esake.gr/el/action/EsakeStats?mode=2&idchampionship=3E05D578&idseason=00000001,00000009,00000009,ΚΑΟΔ AM.GENETICS,9,26,True
2014-15,CF580EB7,ΚΟΝΙΑΡΗΣ Αντώνης,ΕΛΛΑΔΑ,3,8.23,24.69,True,ESAKE country,False,https://www.esake.gr/el/action/EsakeStats?mode=2&idchampionship=3E05D578&idseason=00000001,00000001,00000001,ΠΑΝΑΘΗΝΑΪΚΟΣ AKTOR,2,26,False
2014-15,11429DAC,ΚΟΞ Νεντ,ΗΠΑ,15,14.87,223.05,False,ESAKE country,False,https://www.esake.gr/el/action/EsakeStats?mode=2&idchampionship=3E05D578&idseason=00000001,0000000B,00000011,ΠΑΝΕΛΕΥΣΙΝΙΑΚΟΣ,13,26,True
2014-15,653232EB,ΚΟΡΟΛΕΦ Γιάροσλαβ,ΡΩΣΙΑ,21,31.36,658.56,False,ESAKE country,False,https://www.esake.gr/el/action/EsakeStats?mode=2&idchampionship=3E05D578&idseason=00000001,00000003,00000003,ΠΑΝΙΩΝΙΟΣ COSMORAMA TRAVEL,14,26,True
2014-15,0000020B,ΚΟΥΚΟΥΛΑΣ Μανόλης,ΕΛΛΑΔΑ,11,5.42,59.62,True,ESAKE country,False,https://www.esake.gr/el/action/EsakeStats?mode=2&idchampionship=3E05D578&idseason=00000001,00000003,00000003,ΠΑΝΙΩΝΙΟΣ COSMORAMA TRAVEL,14,26,True
2014-15,00000212,ΚΟΥΜΠΟΥΡΑΣ Φάνης,ΕΛΛΑΔΑ,26,18.03,468.78,True,ESAKE country,False,https://www.esake.gr/el/action/EsakeStats?mode=2&idchampionship=3E05D578&idseason=00000001,0000000E,00000014,ΡΕΘΥΜΝΟ CRETAN KINGS,6,26,False
2014-15,9F437A16,ΚΟΥΤΡΑΣ Χρήστος,ΕΛΛΑΔΑ,2,0.97,1.94,True,ESAKE country,False,https://www.esake.gr/el/action/EsakeStats?mode=2&idchampionship=3E05D578&idseason=00000001,00000004,00000004,ΑΠΟΛΛΩΝ Π. CARNA,10,26,True
2014-15,7C199948,ΚΡΑΒΙΤΣ Ντέγιαν,ΣΕΡΒΙΑ,26,16.62,432.12,False,ESAKE country,False,https://www.esake.gr/el/action/EsakeStats?mode=2&idchampionship=3E05D578&idseason=00000001,0000000E,00000014,ΡΕΘΥΜΝΟ CRETAN KINGS,6,26,False
2014-15,0000073F,ΚΩΤΤΑΣ Θωμάς,ΕΛΛΑΔΑ,10,4.36,43.6,True,ESAKE country,False,https://www.esake.gr/el/action/EsakeStats?mode=2&idchampionship=3E05D578&idseason=00000001,0000000C,00000012,ΠΑΟΚ,3,26,False
2014-15,000006C7,ΛΑΝΓΚΦΟΡΝΤ Κέβιν,ΗΠΑ,26,23.71,616.46,False,ESAKE country,False,https://www.esake.gr/el/action/EsakeStats?mode=2&idchampionship=3E05D578&idseason=00000001,0000000C,00000012,ΠΑΟΚ,3,26,False
2014-15,1AB2B2A4,ΛΑΟΥΑΛ Γκάνι,ΗΠΑ,7,9.6,67.2,False,ESAKE country,False,https://www.esake.gr/el/action/EsakeStats?mode=2&idchampionship=3E05D578&idseason=00000001,00000001,00000001,ΠΑΝΑΘΗΝΑΪΚΟΣ AKTOR,2,26,False
2014-15,00000245,ΛΑΡΕΝΤΖΑΚΗΣ Γιαννούλης,ΕΛΛΑΔΑ,25,14.0,350.0,True,ESAKE country,False,https://www.esake.gr/el/action/EsakeStats?mode=2&idchampionship=3E05D578&idseason=00000001,0000000A,00000010,ΚΟΛΟΣΣΟΣ H HOTELS COLLECTION,7,26,False
2014-15,3E6512DC,ΛΑΦΑΓΙΕΤ Όλιβερ,ΚΡΟΑΤΙΑ,22,18.25,401.5,False,ESAKE country,False,https://www.esake.gr/el/action/EsakeStats?mode=2&idchampionship=3E05D578&idseason=00000001,00000002,00000002,ΟΛΥΜΠΙΑΚΟΣ,1,26,False
2014-15,00000255,ΛΙΑΚΟΠΟΥΛΟΣ Νίκος,ΕΛΛΑΔΑ,21,22.94,481.74,True,ESAKE country,False,https://www.esake.gr/el/action/EsakeStats?mode=2&idchampionship=3E05D578&idseason=00000001,7E7C484C,2022074188,ΚΗΦΙΣΙΑ,11,26,True
2014-15,000006FD,ΛΙΑΠΗΣ Μιχάλης,ΕΛΛΑΔΑ,26,5.42,140.92,True,ESAKE country,False,https://www.esake.gr/el/action/EsakeStats?mode=2&idchampionship=3E05D578&idseason=00000001,0000000C,00000012,ΠΑΟΚ,3,26,False
2014-15,EAC0077E,ΛΙΝΤΕΝ Τομ,ΣΟΥΗΔΙΑ,26,20.43,531.18,False,ESAKE country,False,https://www.esake.gr/el/action/EsakeStats?mode=2&idchampionship=3E05D578&idseason=00000001,0000000A,00000010,ΚΟΛΟΣΣΟΣ H HOTELS COLLECTION,7,26,False
2014-15,83098746,ΛΙΝΤΚΒΙΣΤ Αλεξάντερ,ΣΟΥΗΔΙΑ,3,14.06,42.18,False,ESAKE country,False,https://www.esake.gr/el/action/EsakeStats?mode=2&idchampionship=3E05D578&idseason=00000001,00000014,00000020,ΤΡΙΚΑΛΑ BC ARIES,12,26,True
2014-15,5F1A69CE,ΛΟ Ρομπ,ΗΝΩΜΕΝΟ ΒΑΣΙΛΕΙΟ,26,19.72,512.72,False,ESAKE country,False,https://www.esake.gr/el/action/EsakeStats?mode=2&idchampionship=3E05D578&idseason=00000001,00000009,00000009,ΚΑΟΔ AM.GENETICS,9,26,True
2014-15,791432B2,ΛΟΟΥΕΡΙ Ρόμπερτ,ΗΠΑ,8,29.51,236.08,False,ESAKE country,False,https://www.esake.gr/el/action/EsakeStats?mode=2&idchampionship=3E05D578&idseason=00000001,B57FA140,1149926848,ΚΟΡΟΙΒΟΣ,8,26,True
2014-15,7E196AB8,ΛΟΤΖΕΣΚΙ Ματ,ΒΕΛΓΙΟ,19,22.28,423.32,False,ESAKE country,False,https://www.esake.gr/el/action/EsakeStats?mode=2&idchampionship=3E05D578&idseason=00000001,00000002,00000002,ΟΛΥΜΠΙΑΚΟΣ,1,26,False
2014-15,00000272,ΛΟΥΜΠΙ Κερτ,ΗΠΑ,16,22.63,362.08,False,ESAKE country,False,https://www.esake.gr/el/action/EsakeStats?mode=2&idchampionship=3E05D578&idseason=00000001,0000000B,00000011,ΠΑΝΕΛΕΥΣΙΝΙΑΚΟΣ,13,26,True
2014-15,2BB1AF1F,ΛΟΥΝΤΖΗΣ Μιχάλης,ΕΛΛΑΔΑ,8,8.51,68.08,True,ESAKE country,False,https://www.esake.gr/el/action/EsakeStats?mode=2&idchampionship=3E05D578&idseason=00000001,00000001,00000001,ΠΑΝΑΘΗΝΑΪΚΟΣ AKTOR,2,26,False
2014-15,D1CA06A1,ΜΑΚ ΝΑΪΤ Έντγκαρ,ΗΠΑ,2,15.15,30.3,False,ESAKE country,False,https://www.esake.gr/el/action/EsakeStats?mode=2&idchampionship=3E05D578&idseason=00000001,00000003,00000003,ΠΑΝΙΩΝΙΟΣ COSMORAMA TRAVEL,14,26,True
2014-15,0000029C,ΜΑΝΤΖΑΡΗΣ Βαγγέλης,ΕΛΛΑΔΑ,25,21.98,549.5,True,ESAKE country,False,https://www.esake.gr/el/action/EsakeStats?mode=2&idchampionship=3E05D578&idseason=00000001,00000002,00000002,ΟΛΥΜΠΙΑΚΟΣ,1,26,False
2014-15,000002A2,ΜΑΝΩΛΟΠΟΥΛΟΣ Σωτήρης,ΕΛΛΑΔΑ,19,14.85,282.15,True,ESAKE country,False,https://www.esake.gr/el/action/EsakeStats?mode=2&idchampionship=3E05D578&idseason=00000001,0000000A,00000010,ΚΟΛΟΣΣΟΣ H HOTELS COLLECTION,7,26,False
2014-15,000002A8,ΜΑΡΓΑΡΙΤΗΣ Βαγγέλης,ΕΛΛΑΔΑ,22,22.77,500.94,True,ESAKE country,False,https://www.esake.gr/el/action/EsakeStats?mode=2&idchampionship=3E05D578&idseason=00000001,0000000C,00000012,ΠΑΟΚ,3,26,False
2014-15,6F2E5996,ΜΑΡΕΪ Άαρικ,ΗΠΑ,7,21.61,151.27,False,ESAKE country,False,https://www.esake.gr/el/action/EsakeStats?mode=2&idchampionship=3E05D578&idseason=00000001,0000000B,00000011,ΠΑΝΕΛΕΥΣΙΝΙΑΚΟΣ,13,26,True
2014-15,504C9A39,ΜΑΡΚΟΒΙΤΣ Νικολα,ΣΕΡΒΙΑ,26,26.77,696.02,False,ESAKE country,False,https://www.esake.gr/el/action/EsakeStats?mode=2&idchampionship=3E05D578&idseason=00000001,0000000B,00000011,ΠΑΝΕΛΕΥΣΙΝΙΑΚΟΣ,13,26,True
2014-15,000002B6,ΜΑΡΣΑΛ Ρόουλ,ΝΙΓΗΡΙΑ,17,26.9,457.3,False,ESAKE country,False,https://www.esake.gr/el/action/EsakeStats?mode=2&idchampionship=3E05D578&idseason=00000001,B57FA140,1149926848,ΚΟΡΟΙΒΟΣ,8,26,True
2014-15,FB81693B,ΜΑΣΤΡΟΓΙΑΝΝΟΠΟΥΛΟΣ Σαράντης,ΕΛΛΑΔΑ,0,0.0,0.0,True,ESAKE country,False,https://www.esake.gr/el/action/EsakeStats?mode=2&idchampionship=3E05D578&idseason=00000001,00000004,00000004,ΑΠΟΛΛΩΝ Π. CARNA,10,26,True
2014-15,000002BF,ΜΑΤΑΛΩΝ Μάριος,ΕΛΛΑΔΑ,21,17.55,368.55,True,ESAKE country,False,https://www.esake.gr/el/action/EsakeStats?mode=2&idchampionship=3E05D578&idseason=00000001,00000014,00000020,ΤΡΙΚΑΛΑ BC ARIES,12,26,True
2014-15,1803436A,ΜΑΤΖΕΤ Τζος,ΗΠΑ,26,26.93,700.18,False,ESAKE country,False,https://www.esake.gr/el/action/EsakeStats?mode=2&idchampionship=3E05D578&idseason=00000001,B57FA140,1149926848,ΚΟΡΟΙΒΟΣ,8,26,True
2014-15,000002C6,ΜΑΥΡΟΕΙΔΗΣ Δημήτρης,ΕΛΛΑΔΑ,26,27.08,704.08,True,ESAKE country,False,https://www.esake.gr/el/action/EsakeStats?mode=2&idchampionship=3E05D578&idseason=00000001,7E7C484C,2022074188,ΚΗΦΙΣΙΑ,11,26,True
2014-15,000002C7,ΜΑΥΡΟΚΕΦΑΛΙΔΗΣ Λουκάς,ΕΛΛΑΔΑ,19,12.44,236.36,True,ESAKE country,False,https://www.esake.gr/el/action/EsakeStats?mode=2&idchampionship=3E05D578&idseason=00000001,00000001,00000001,ΠΑΝΑΘΗΝΑΪΚΟΣ AKTOR,2,26,False
2014-15,933F9D75,ΜΕΛΙΣΟΥΡΓΟΣ Ανδρέας,ΕΛΛΑΔΑ,0,0.0,0.0,True,ESAKE country,False,https://www.esake.gr/el/action/EsakeStats?mode=2&idchampionship=3E05D578&idseason=00000001,00000003,00000003,ΠΑΝΙΩΝΙΟΣ COSMORAMA TRAVEL,14,26,True
2014-15,000006ED,ΜΕΛΙΣΣΑΡΑΤΟΣ Πέτρος,ΕΛΛΑΔΑ,11,6.67,73.37,True,ESAKE country,False,https://www.esake.gr/el/action/EsakeStats?mode=2&idchampionship=3E05D578&idseason=00000001,7E7C484C,2022074188,ΚΗΦΙΣΙΑ,11,26,True
2014-15,1EEE5554,ΜΕΝΟΥΔΑΚΟΣ Δημήτρης,ΕΛΛΑΔΑ,3,3.61,10.83,True,ESAKE country,False,https://www.esake.gr/el/action/EsakeStats?mode=2&idchampionship=3E05D578&idseason=00000001,7E7C484C,2022074188,ΚΗΦΙΣΙΑ,11,26,True
2014-15,E0E7CBAE,ΜΕΝΣΑ-ΜΠΟΝΣΟΥ Ποπς,ΜΕΓΑΛΗ ΒΡΕΤΑΝΙΑ,15,29.32,439.8,False,ESAKE country,False,https://www.esake.gr/el/action/EsakeStats?mode=2&idchampionship=3E05D578&idseason=00000001,00000010,00000016,AEK 2014-15,5,26,False
2014-15,BE6A69B1,ΜΙΛΚΟΒΙΤΣ Νεμάνια,ΣΕΡΒΙΑ,1,6.3,6.3,False,ESAKE country,False,https://www.esake.gr/el/action/EsakeStats?mode=2&idchampionship=3E05D578&idseason=00000001,00000014,00000020,ΤΡΙΚΑΛΑ BC ARIES,12,26,True
2014-15,9198D674,ΜΙΛΟΣΕΒΙΤΣ Μίλαν,ΒΟΣΝΙΑ,26,17.1,444.6,False,ESAKE country,False,https://www.esake.gr/el/action/EsakeStats?mode=2&idchampionship=3E05D578&idseason=00000001,00000010,00000016,AEK 2014-15,5,26,False
2014-15,402DAA50,ΜΙΛΟΥΤΙΝΟΒΙΤΣ Ίλια,ΣΕΡΒΙΑ,7,8.25,57.75,False,ESAKE country,False,https://www.esake.gr/el/action/EsakeStats?mode=2&idchampionship=3E05D578&idseason=00000001,00000014,00000020,ΤΡΙΚΑΛΑ BC ARIES,12,26,True
2014-15,000002E9,ΜΙΣΕΛ Γκάι Μαρκ,ΓΑΛΛΙΑ,26,17.54,456.04,False,ESAKE country,False,https://www.esake.gr/el/action/EsakeStats?mode=2&idchampionship=3E05D578&idseason=00000001,00000009,00000009,ΚΑΟΔ AM.GENETICS,9,26,True
2014-15,000006D9,ΜΙΤΡΟΒΙΤΣ Νεμάνια,ΣΕΡΒΙΑ,13,16.8,218.4,False,ESAKE country,False,https://www.esake.gr/el/action/EsakeStats?mode=2&idchampionship=3E05D578&idseason=00000001,0000000B,00000011,ΠΑΝΕΛΕΥΣΙΝΙΑΚΟΣ,13,26,True
2014-15,00000713,ΜΟΛΦΕΤΑΣ Γιάννης,ΕΛΛΑΔΑ,22,8.54,187.88,True,ESAKE country,False,https://www.esake.gr/el/action/EsakeStats?mode=2&idchampionship=3E05D578&idseason=00000001,00000004,00000004,ΑΠΟΛΛΩΝ Π. CARNA,10,26,True
2014-15,00000305,ΜΟΤΣΕΝΙΓΟΣ Σπύρος,ΕΛΛΑΔΑ,11,8.62,94.82,True,ESAKE country,False,https://www.esake.gr/el/action/EsakeStats?mode=2&idchampionship=3E05D578&idseason=00000001,00000003,00000003,ΠΑΝΙΩΝΙΟΣ COSMORAMA TRAVEL,14,26,True
2014-15,FED5F313,ΜΟΥΡΑΤΟΣ Βασίλης,ΕΛΛΑΔΑ,3,3.74,11.22,True,ESAKE country,False,https://www.esake.gr/el/action/EsakeStats?mode=2&idchampionship=3E05D578&idseason=00000001,00000002,00000002,ΟΛΥΜΠΙΑΚΟΣ,1,26,False
2014-15,0000030E,ΜΟΥΡΤΟΣ Σπύρος,ΕΛΛΑΔΑ,25,16.68,417.0,True,ESAKE country,False,https://www.esake.gr/el/action/EsakeStats?mode=2&idchampionship=3E05D578&idseason=00000001,00000005,00000005,ΑΡΗΣ,4,26,False
2014-15,EC69FA7F,ΜΠΑΟΥΕΡΣ Τιμ,ΗΠΑ,11,28.48,313.28,False,ESAKE country,False,https://www.esake.gr/el/action/EsakeStats?mode=2&idchampionship=3E05D578&idseason=00000001,B57FA140,1149926848,ΚΟΡΟΙΒΟΣ,8,26,True
2014-15,0000032B,ΜΠΑΡΛΟΣ Νίκος,ΕΛΛΑΔΑ,18,17.94,322.92,True,ESAKE country,False,https://www.esake.gr/el/action/EsakeStats?mode=2&idchampionship=3E05D578&idseason=00000001,7E7C484C,2022074188,ΚΗΦΙΣΙΑ,11,26,True
2014-15,00000333,ΜΠΑΤΗΣ Μάριος,ΕΛΛΑΔΑ,23,22.37,514.51,True,ESAKE country,False,https://www.esake.gr/el/action/EsakeStats?mode=2&idchampionship=3E05D578&idseason=00000001,00000004,00000004,ΑΠΟΛΛΩΝ Π. CARNA,10,26,True
2014-15,C3F66942,ΜΠΑΤΗΣ Νίκος,ΕΛΛΑΔΑ,2,0.17,0.34,True,ESAKE country,False,https://www.esake.gr/el/action/EsakeStats?mode=2&idchampionship=3E05D578&idseason=00000001,B57FA140,1149926848,ΚΟΡΟΙΒΟΣ,8,26,True
2014-15,8859A951,ΜΠΑΤΙΣΤΑ Εστεμπάν,ΟΥΡΟΥΓΟΥΑΗ,22,22.32,491.04,False,ESAKE country,False,https://www.esake.gr/el/action/EsakeStats?mode=2&idchampionship=3E05D578&idseason=00000001,00000001,00000001,ΠΑΝΑΘΗΝΑΪΚΟΣ AKTOR,2,26,False
2014-15,ED874474,ΜΠΙΛΛΗΣ Σωτήρης,ΕΛΛΑΔΑ,14,7.71,107.94,True,ESAKE country,False,https://www.esake.gr/el/action/EsakeStats?mode=2&idchampionship=3E05D578&idseason=00000001,00000003,00000003,ΠΑΝΙΩΝΙΟΣ COSMORAMA TRAVEL,14,26,True
2014-15,374B7D6C,ΜΠΙΡΗΣ Ανδρέας,ΕΛΛΑΔΑ,0,0.0,0.0,True,ESAKE country,False,https://www.esake.gr/el/action/EsakeStats?mode=2&idchampionship=3E05D578&idseason=00000001,00000003,00000003,ΠΑΝΙΩΝΙΟΣ COSMORAMA TRAVEL,14,26,True
2014-15,4DA7C107,ΜΠΛΟΥΜΣ Γιάνις,ΛΕΤΟΝΙΑ,19,14.3,271.7,False,ESAKE country,False,https://www.esake.gr/el/action/EsakeStats?mode=2&idchampionship=3E05D578&idseason=00000001,00000001,00000001,ΠΑΝΑΘΗΝΑΪΚΟΣ AKTOR,2,26,False
2014-15,DFFEC60D,ΜΠΟΟΥΪ Νέιθαν,ΗΠΑ,10,27.4,274.0,False,ESAKE country,False,https://www.esake.gr/el/action/EsakeStats?mode=2&idchampionship=3E05D578&idseason=00000001,00000014,00000020,ΤΡΙΚΑΛΑ BC ARIES,12,26,True
2014-15,00000741,ΜΠΟΥΛΙΑΝ Ζβόνκο,ΚΡΟΑΤΙΑ,10,20.96,209.6,False,ESAKE country,False,https://www.esake.gr/el/action/EsakeStats?mode=2&idchampionship=3E05D578&idseason=00000001,0000000A,00000010,ΚΟΛΟΣΣΟΣ H HOTELS COLLECTION,7,26,False
2014-15,B5D84BA0,ΜΠΟΥΤΡΗΣ Γιώργος,ΕΛΛΑΔΑ,1,1.55,1.55,True,ESAKE country,False,https://www.esake.gr/el/action/EsakeStats?mode=2&idchampionship=3E05D578&idseason=00000001,00000010,00000016,AEK 2014-15,5,26,False
2014-15,0000037E,ΜΠΟΧΩΡΙΔΗΣ Ελευθέριος,ΕΛΛΑΔΑ,22,13.12,288.64,True,ESAKE country,False,https://www.esake.gr/el/action/EsakeStats?mode=2&idchampionship=3E05D578&idseason=00000001,00000001,00000001,ΠΑΝΑΘΗΝΑΪΚΟΣ AKTOR,2,26,False
2014-15,15798A8B,ΜΠΡΕΜΕΡ Τζέι Άρ,ΒΟΣΝΙΑ,6,23.96,143.76,False,ESAKE country,False,https://www.esake.gr/el/action/EsakeStats?mode=2&idchampionship=3E05D578&idseason=00000001,0000000C,00000012,ΠΑΟΚ,3,26,False
2014-15,E79B2944,ΜΩΡΑΪΤΗΣ Δημήτρης,ΕΛΛΑΔΑ,3,8.88,26.64,True,ESAKE country,False,https://www.esake.gr/el/action/EsakeStats?mode=2&idchampionship=3E05D578&idseason=00000001,00000003,00000003,ΠΑΝΙΩΝΙΟΣ COSMORAMA TRAVEL,14,26,True
2014-15,10F83A98,ΝΕΪΜΙΚ Άντριου,ΗΠΑ,25,22.71,567.75,False,ESAKE country,False,https://www.esake.gr/el/action/EsakeStats?mode=2&idchampionship=3E05D578&idseason=00000001,00000005,00000005,ΑΡΗΣ,4,26,False
2014-15,C310C3EE,ΝΕΛΣΟΝ ΝτεΜάρκους,ΗΠΑ,14,17.79,249.06,False,ESAKE country,False,https://www.esake.gr/el/action/EsakeStats?mode=2&idchampionship=3E05D578&idseason=00000001,00000001,00000001,ΠΑΝΑΘΗΝΑΪΚΟΣ AKTOR,2,26,False
2014-15,7390D419,ΝΙΚΟΛΙΤΣ Στεφάν,ΣΕΡΒΙΑ,3,3.16,9.48,False,ESAKE country,False,https://www.esake.gr/el/action/EsakeStats?mode=2&idchampionship=3E05D578&idseason=00000001,00000010,00000016,AEK 2014-15,5,26,False
2014-15,0000071D,ΝΙΚΟΛΟΠΟΥΛΟΣ Ντίνος,ΕΛΛΑΔΑ,23,12.68,291.64,True,ESAKE country,False,https://www.esake.gr/el/action/EsakeStats?mode=2&idchampionship=3E05D578&idseason=00000001,00000014,00000020,ΤΡΙΚΑΛΑ BC ARIES,12,26,True
2014-15,521CDF13,ΝΙΦΟΡΑΣ Βασίλης,ΕΛΛΑΔΑ,16,6.58,105.28,True,ESAKE country,False,https://www.esake.gr/el/action/EsakeStats?mode=2&idchampionship=3E05D578&idseason=00000001,00000004,00000004,ΑΠΟΛΛΩΝ Π. CARNA,10,26,True
2014-15,000003C7,ΝΤΑΝΣΤΟΝ Μπράιαντ,ΗΠΑ,26,19.03,494.78,False,ESAKE country,False,https://www.esake.gr/el/action/EsakeStats?mode=2&idchampionship=3E05D578&idseason=00000001,00000002,00000002,ΟΛΥΜΠΙΑΚΟΣ,1,26,False
2014-15,96F2611D,ΝΤΑΡΝΤΕΝ Τραμέλ,ΗΠΑ,21,20.83,437.43,False,ESAKE country,False,https://www.esake.gr/el/action/EsakeStats?mode=2&idchampionship=3E05D578&idseason=00000001,00000002,00000002,ΟΛΥΜΠΙΑΚΟΣ,1,26,False
2014-15,C304FB46,ΝΤΕΪΒΙΣ Κέιντ,ΗΠΑ,26,20.96,544.96,False,ESAKE country,False,https://www.esake.gr/el/action/EsakeStats?mode=2&idchampionship=3E05D578&idseason=00000001,7E7C484C,2022074188,ΚΗΦΙΣΙΑ,11,26,True
2014-15,9492F3D0,ΝΤΕΪΒΙΣ Ντουέιν,ΗΠΑ,13,21.78,283.14,False,ESAKE country,False,https://www.esake.gr/el/action/EsakeStats?mode=2&idchampionship=3E05D578&idseason=00000001,B57FA140,1149926848,ΚΟΡΟΙΒΟΣ,8,26,True
2014-15,000003D1,ΝΤΕΛΙΝΙΚΑΪΤΙΣ Τόμας,ΛΙΘΟΥΑΝΙΑ,22,20.69,455.18,False,ESAKE country,False,https://www.esake.gr/el/action/EsakeStats?mode=2&idchampionship=3E05D578&idseason=00000001,00000010,00000016,AEK 2014-15,5,26,False
2014-15,F96BA211,ΝΤΜΙΤΡΙΕΦ Φέντορ,ΡΩΣΙΑ,4,15.25,61.0,False,ESAKE country,False,https://www.esake.gr/el/action/EsakeStats?mode=2&idchampionship=3E05D578&idseason=00000001,B57FA140,1149926848,ΚΟΡΟΙΒΟΣ,8,26,True
2014-15,000003F0,ΝΤΟΥΒΝΙΑΚ Ούρος,ΣΕΡΒΙΑ,23,27.86,640.78,False,ESAKE country,False,https://www.esake.gr/el/action/EsakeStats?mode=2&idchampionship=3E05D578&idseason=00000001,7E7C484C,2022074188,ΚΗΦΙΣΙΑ,11,26,True
2014-15,000003F5,ΞΑΝΘΟΠΟΥΛΟΣ Βασίλης,ΕΛΛΑΔΑ,24,26.94,646.56,True,ESAKE country,False,https://www.esake.gr/el/action/EsakeStats?mode=2&idchampionship=3E05D578&idseason=00000001,00000003,00000003,ΠΑΝΙΩΝΙΟΣ COSMORAMA TRAVEL,14,26,True
2014-15,6CE7C23C,ΟΙΚΟΝΟΜΟΠΟΥΛΟΣ Κωνσταντίνος,ΕΛΛΑΔΑ,6,7.63,45.78,True,ESAKE country,False,https://www.esake.gr/el/action/EsakeStats?mode=2&idchampionship=3E05D578&idseason=00000001,00000003,00000003,ΠΑΝΙΩΝΙΟΣ COSMORAMA TRAVEL,14,26,True
2014-15,0993EFFB,ΟΝΤΟΜ Ροντ,ΗΠΑ,26,28.08,730.08,False,ESAKE country,False,https://www.esake.gr/el/action/EsakeStats?mode=2&idchampionship=3E05D578&idseason=00000001,00000009,00000009,ΚΑΟΔ AM.GENETICS,9,26,True
2014-15,B5F121EB,ΟΝΤΟΥΜ Τζέικομπ,ΗΠΑ,25,26.3,657.5,False,ESAKE country,False,https://www.esake.gr/el/action/EsakeStats?mode=2&idchampionship=3E05D578&idseason=00000001,0000000C,00000012,ΠΑΟΚ,3,26,False
2014-15,708A9B34,ΟΤΖΟ Μίκαελ,ΜΕΓΑΛΗ ΒΡΕΤΑΝΙΑ,4,9.6,38.4,False,ESAKE country,False,https://www.esake.gr/el/action/EsakeStats?mode=2&idchampionship=3E05D578&idseason=00000001,00000004,00000004,ΑΠΟΛΛΩΝ Π. CARNA,10,26,True
2014-15,0CAF36E3,ΟΥΙΛΙΑΜΣΟΝ Γκάρετ,ΗΠΑ,17,12.25,208.25,False,ESAKE country,False,https://www.esake.gr/el/action/EsakeStats?mode=2&idchampionship=3E05D578&idseason=00000001,00000010,00000016,AEK 2014-15,5,26,False
2014-15,8488D3E5,ΟΥΙΛΜΠΕΚΙΝ Σκότι,ΗΠΑ,6,29.41,176.46,False,ESAKE country,False,https://www.esake.gr/el/action/EsakeStats?mode=2&idchampionship=3E05D578&idseason=00000001,00000010,00000016,AEK 2014-15,5,26,False
2014-15,93E24ABF,ΟΥΟΤΕΡΣ Ντομινίκ,ΗΠΑ,15,29.63,444.45,False,ESAKE country,False,https://www.esake.gr/el/action/EsakeStats?mode=2&idchampionship=3E05D578&idseason=00000001,0000000A,00000010,ΚΟΛΟΣΣΟΣ H HOTELS COLLECTION,7,26,False
2014-15,F5D139D4,ΟΦΟΕΓΚΜΠΟΥ Τζον,ΗΠΑ,7,7.74,54.18,False,ESAKE country,False,https://www.esake.gr/el/action/EsakeStats?mode=2&idchampionship=3E05D578&idseason=00000001,0000000B,00000011,ΠΑΝΕΛΕΥΣΙΝΙΑΚΟΣ,13,26,True
2014-15,7F5ED9B9,ΠΑΝΑΡΕΤΑΚΗΣ Γιάννης,ΕΛΛΑΔΑ,0,0.0,0.0,True,ESAKE country,False,https://www.esake.gr/el/action/EsakeStats?mode=2&idchampionship=3E05D578&idseason=00000001,0000000E,00000014,ΡΕΘΥΜΝΟ CRETAN KINGS,6,26,False
2014-15,00000446,ΠΑΝΟΣ Στηβ,ΕΛΛΑΔΑ,25,16.16,404.0,True,ESAKE country,False,https://www.esake.gr/el/action/EsakeStats?mode=2&idchampionship=3E05D578&idseason=00000001,00000014,00000020,ΤΡΙΚΑΛΑ BC ARIES,12,26,True
2014-15,00000451,ΠΑΠΑΓΙΑΝΝΗΣ Γιώργος,ΕΛΛΑΔΑ,7,10.76,75.32,True,ESAKE country,False,https://www.esake.gr/el/action/EsakeStats?mode=2&idchampionship=3E05D578&idseason=00000001,00000001,00000001,ΠΑΝΑΘΗΝΑΪΚΟΣ AKTOR,2,26,False
2014-15,3743B502,ΠΑΠΑΔΙΟΝΥΣΙΟΥ Στάθης,ΕΛΛΑΔΑ,1,4.78,4.78,True,ESAKE country,False,https://www.esake.gr/el/action/EsakeStats?mode=2&idchampionship=3E05D578&idseason=00000001,00000010,00000016,AEK 2014-15,5,26,False
2014-15,00000466,ΠΑΠΑΜΑΚΑΡΙΟΣ Μανόλης,ΕΛΛΑΔΑ,18,24.65,443.7,True,ESAKE country,False,https://www.esake.gr/el/action/EsakeStats?mode=2&idchampionship=3E05D578&idseason=00000001,00000009,00000009,ΚΑΟΔ AM.GENETICS,9,26,True
2014-15,0000046F,ΠΑΠΑΝΤΩΝΙΟΥ Νώντας,ΕΛΛΑΔΑ,21,15.95,334.95,True,ESAKE country,False,https://www.esake.gr/el/action/EsakeStats?mode=2&idchampionship=3E05D578&idseason=00000001,00000010,00000016,AEK 2014-15,5,26,False
2014-15,C50C09F9,ΠΑΠΑΠΕΤΡΟΥ Γιώργος,ΕΛΛΑΔΑ,21,5.36,112.56,True,ESAKE country,False,https://www.esake.gr/el/action/EsakeStats?mode=2&idchampionship=3E05D578&idseason=00000001,B57FA140,1149926848,ΚΟΡΟΙΒΟΣ,8,26,True
2014-15,8E3AD877,ΠΑΠΑΠΕΤΡΟΥ Ιωάννης,ΕΛΛΑΔΑ,7,13.0,91.0,True,ESAKE country,False,https://www.esake.gr/el/action/EsakeStats?mode=2&idchampionship=3E05D578&idseason=00000001,00000002,00000002,ΟΛΥΜΠΙΑΚΟΣ,1,26,False
2014-15,0000047A,ΠΑΠΠΑΣ Νίκος,ΕΛΛΑΔΑ,21,18.97,398.37,True,ESAKE country,False,https://www.esake.gr/el/action/EsakeStats?mode=2&idchampionship=3E05D578&idseason=00000001,00000001,00000001,ΠΑΝΑΘΗΝΑΪΚΟΣ AKTOR,2,26,False
2014-15,00000483,ΠΑΣΑΛΙΤΣ Μοχάμεντ,ΒΟΣΝΙΑ,26,29.49,766.74,False,ESAKE country,False,https://www.esake.gr/el/action/EsakeStats?mode=2&idchampionship=3E05D578&idseason=00000001,00000005,00000005,ΑΡΗΣ,4,26,False
2014-15,0000070F,ΠΕΛΕΚΟΥΔΑΣ Ανδρέας,ΕΛΛΑΔΑ,10,3.76,37.6,True,ESAKE country,False,https://www.esake.gr/el/action/EsakeStats?mode=2&idchampionship=3E05D578&idseason=00000001,00000004,00000004,ΑΠΟΛΛΩΝ Π. CARNA,10,26,True
2014-15,4799A97C,ΠΕΝ Μπράντον,ΗΠΑ,25,27.57,689.25,False,ESAKE country,False,https://www.esake.gr/el/action/EsakeStats?mode=2&idchampionship=3E05D578&idseason=00000001,00000004,00000004,ΑΠΟΛΛΩΝ Π. CARNA,10,26,True
2014-15,462530C5,ΠΕΣΑΚΟΒΙΤΣ Νικολα,ΣΕΡΒΙΑ,25,15.54,388.5,False,ESAKE country,False,https://www.esake.gr/el/action/EsakeStats?mode=2&idchampionship=3E05D578&idseason=00000001,7E7C484C,2022074188,ΚΗΦΙΣΙΑ,11,26,True
2014-15,000004A4,ΠΕΤΓΟΥΕΪ Μπρεντ,ΗΠΑ,19,19.39,368.41,False,ESAKE country,False,https://www.esake.gr/el/action/EsakeStats?mode=2&idchampionship=3E05D578&idseason=00000001,00000002,00000002,ΟΛΥΜΠΙΑΚΟΣ,1,26,False
2014-15,2FDD0350,ΠΕΤΡΟΠΟΥΛΟΣ Ανδρέας,ΕΛΛΑΔΑ,10,9.21,92.1,True,ESAKE country,False,https://www.esake.gr/el/action/EsakeStats?mode=2&idchampionship=3E05D578&idseason=00000001,00000003,00000003,ΠΑΝΙΩΝΙΟΣ COSMORAMA TRAVEL,14,26,True
2014-15,000004BB,ΠΟΛΥΤΑΡΧΟΥ Μιχάλης,ΕΛΛΑΔΑ,15,6.82,102.3,True,ESAKE country,False,https://www.esake.gr/el/action/EsakeStats?mode=2&idchampionship=3E05D578&idseason=00000001,00000010,00000016,AEK 2014-15,5,26,False
2014-15,15C8BCA3,ΠΟΠΟΒΙΤΣ Πέταρ,ΜΑΥΡΟΒΟΥΝΙΟ,15,10.1,151.5,False,ESAKE country,False,https://www.esake.gr/el/action/EsakeStats?mode=2&idchampionship=3E05D578&idseason=00000001,7E7C484C,2022074188,ΚΗΦΙΣΙΑ,11,26,True
2014-15,F42B3D2C,ΠΟΥΛΙΑΝΙΤΗΣ Στέλιος,ΕΛΛΑΔΑ,10,4.59,45.9,True,ESAKE country,False,https://www.esake.gr/el/action/EsakeStats?mode=2&idchampionship=3E05D578&idseason=00000001,00000005,00000005,ΑΡΗΣ,4,26,False
2014-15,000004C7,ΠΡΙΝΤΕΖΗΣ Γιώργος,ΕΛΛΑΔΑ,15,21.27,319.05,True,ESAKE country,False,https://www.esake.gr/el/action/EsakeStats?mode=2&idchampionship=3E05D578&idseason=00000001,00000002,00000002,ΟΛΥΜΠΙΑΚΟΣ,1,26,False
2014-15,000006CD,ΠΡΟΥΙΤ Γκάμπριελ,ΗΠΑ,7,23.42,163.94,False,ESAKE country,False,https://www.esake.gr/el/action/EsakeStats?mode=2&idchampionship=3E05D578&idseason=00000001,00000003,00000003,ΠΑΝΙΩΝΙΟΣ COSMORAMA TRAVEL,14,26,True
2014-15,47FCB1BE,ΡΑΪΤ Κασμίρ,ΗΠΑ,4,20.08,80.32,False,ESAKE country,False,https://www.esake.gr/el/action/EsakeStats?mode=2&idchampionship=3E05D578&idseason=00000001,00000010,00000016,AEK 2014-15,5,26,False
2014-15,0AC0488A,ΡΑΪΤ Τζούλιαν,ΗΠΑ,9,11.77,105.93,False,ESAKE country,False,https://www.esake.gr/el/action/EsakeStats?mode=2&idchampionship=3E05D578&idseason=00000001,00000001,00000001,ΠΑΝΑΘΗΝΑΪΚΟΣ AKTOR,2,26,False
2014-15,2EBA8B3E,ΡΕΜΕΚΟΥΝ Κόρι,ΗΠΑ,11,9.17,100.87,False,ESAKE country,False,https://www.esake.gr/el/action/EsakeStats?mode=2&idchampionship=3E05D578&idseason=00000001,7E7C484C,2022074188,ΚΗΦΙΣΙΑ,11,26,True
2014-15,4C6F1411,ΡΙΝΤ Λαμάρκους,ΗΠΑ,26,23.35,607.1,False,ESAKE country,False,https://www.esake.gr/el/action/EsakeStats?mode=2&idchampionship=3E05D578&idseason=00000001,00000005,00000005,ΑΡΗΣ,4,26,False
2014-15,B9EC6BBD,ΡΟΜΠΙΝΣΟΝ Τζάστιν,Μ. ΒΡΕΤΑΝΙΑ,9,16.55,148.95,False,ESAKE country,False,https://www.esake.gr/el/action/EsakeStats?mode=2&idchampionship=3E05D578&idseason=00000001,0000000A,00000010,ΚΟΛΟΣΣΟΣ H HOTELS COLLECTION,7,26,False
2014-15,CFF5F1D1,ΡΟΜΠΙΝΣΟΝ Φρανκ,ΗΠΑ,11,28.26,310.86,False,ESAKE country,False,https://www.esake.gr/el/action/EsakeStats?mode=2&idchampionship=3E05D578&idseason=00000001,0000000B,00000011,ΠΑΝΕΛΕΥΣΙΝΙΑΚΟΣ,13,26,True
2014-15,C76C8978,ΡΟΥΜΠΙΟ Γκιγιέρμο,ΙΣΠΑΝΙΑ,22,26.5,583.0,False,ESAKE country,False,https://www.esake.gr/el/action/EsakeStats?mode=2&idchampionship=3E05D578&idseason=00000001,B57FA140,1149926848,ΚΟΡΟΙΒΟΣ,8,26,True
2014-15,623F0386,ΣΑΪΛΑΣ Εξέβιερ,ΗΠΑ,14,25.08,351.12,False,ESAKE country,False,https://www.esake.gr/el/action/EsakeStats?mode=2&idchampionship=3E05D578&idseason=00000001,7E7C484C,2022074188,ΚΗΦΙΣΙΑ,11,26,True
2014-15,00000514,ΣΑΚΟΤΑ Ντούσαν,ΕΛΛΑΔΑ,25,27.04,676.0,True,ESAKE country,False,https://www.esake.gr/el/action/EsakeStats?mode=2&idchampionship=3E05D578&idseason=00000001,00000010,00000016,AEK 2014-15,5,26,False
2014-15,D4498240,ΣΑΛΟΥΣΤΡΟΣ Χρήστος,ΕΛΛΑΔΑ,25,16.25,406.25,True,ESAKE country,False,https://www.esake.gr/el/action/EsakeStats?mode=2&idchampionship=3E05D578&idseason=00000001,0000000C,00000012,ΠΑΟΚ,3,26,False
2014-15,00000522,ΣΑΡΙΚΟΠΟΥΛΟΣ Ζήσης,ΕΛΛΑΔΑ,22,17.63,387.86,True,ESAKE country,False,https://www.esake.gr/el/action/EsakeStats?mode=2&idchampionship=3E05D578&idseason=00000001,00000010,00000016,AEK 2014-15,5,26,False
2014-15,63B33E98,ΣΑΦΤΕΝΑΑΡ Ρόλαντ,ΟΛΛΑΝΔΙΑ,17,25.33,430.61,False,ESAKE country,False,https://www.esake.gr/el/action/EsakeStats?mode=2&idchampionship=3E05D578&idseason=00000001,0000000E,00000014,ΡΕΘΥΜΝΟ CRETAN KINGS,6,26,False
2014-15,0000053A,ΣΙΓΚΟΥΝΑΣ Αλέξανδρος,ΕΛΛΑΔΑ,5,21.07,105.35,True,ESAKE country,False,https://www.esake.gr/el/action/EsakeStats?mode=2&idchampionship=3E05D578&idseason=00000001,00000004,00000004,ΑΠΟΛΛΩΝ Π. CARNA,10,26,True
2014-15,A0320FF7,ΣΙΜΠΣΟΝ Βίνσεντ,ΗΠΑ,12,16.52,198.24,False,ESAKE country,False,https://www.esake.gr/el/action/EsakeStats?mode=2&idchampionship=3E05D578&idseason=00000001,0000000B,00000011,ΠΑΝΕΛΕΥΣΙΝΙΑΚΟΣ,13,26,True
2014-15,22C260EE,ΣΙΜΠΣΟΝ Τρέβις,ΗΠΑ,21,25.71,539.91,False,ESAKE country,False,https://www.esake.gr/el/action/EsakeStats?mode=2&idchampionship=3E05D578&idseason=00000001,0000000E,00000014,ΡΕΘΥΜΝΟ CRETAN KINGS,6,26,False
2014-15,0000059C,ΣΙΜΤΣΑΚ Βασίλης,ΕΛΛΑΔΑ,24,15.23,365.52,True,ESAKE country,False,https://www.esake.gr/el/action/EsakeStats?mode=2&idchampionship=3E05D578&idseason=00000001,00000005,00000005,ΑΡΗΣ,4,26,False
2014-15,17B077BA,ΣΙΝΑΝΤΙΝΟΒΙΤΣ Έντι,ΣΕΡΒΙΑ,11,9.13,100.43,False,ESAKE country,False,https://www.esake.gr/el/action/EsakeStats?mode=2&idchampionship=3E05D578&idseason=00000001,0000000C,00000012,ΠΑΟΚ,3,26,False
2014-15,E7053118,ΣΙΝΗΣ Γιάννης,ΕΛΛΑΔΑ,21,7.02,147.42,True,ESAKE country,False,https://www.esake.gr/el/action/EsakeStats?mode=2&idchampionship=3E05D578&idseason=00000001,0000000E,00000014,ΡΕΘΥΜΝΟ CRETAN KINGS,6,26,False
2014-15,2E3A4C1C,ΣΙΟΛΟΓΚΑΣ Δημήτρης,ΕΛΛΑΔΑ,7,1.76,12.32,True,ESAKE country,False,https://www.esake.gr/el/action/EsakeStats?mode=2&idchampionship=3E05D578&idseason=00000001,0000000A,00000010,ΚΟΛΟΣΣΟΣ H HOTELS COLLECTION,7,26,False
2014-15,E7792FA7,ΣΙΧΕΪ Ουίλ,ΗΠΑ,4,28.98,115.92,False,ESAKE country,False,https://www.esake.gr/el/action/EsakeStats?mode=2&idchampionship=3E05D578&idseason=00000001,00000003,00000003,ΠΑΝΙΩΝΙΟΣ COSMORAMA TRAVEL,14,26,True
2014-15,00000554,ΣΚΟΡΔΙΛΗΣ Γάιος,ΕΛΛΑΔΑ,22,23.89,525.58,True,ESAKE country,False,https://www.esake.gr/el/action/EsakeStats?mode=2&idchampionship=3E05D578&idseason=00000001,00000004,00000004,ΑΠΟΛΛΩΝ Π. CARNA,10,26,True
2014-15,00000555,ΣΚΟΤ Ερνεστ,ΗΠΑ,18,28.06,505.08,False,ESAKE country,False,https://www.esake.gr/el/action/EsakeStats?mode=2&idchampionship=3E05D578&idseason=00000001,0000000A,00000010,ΚΟΛΟΣΣΟΣ H HOTELS COLLECTION,7,26,False
2014-15,000006F2,ΣΛΑΦΤΣΑΚΗΣ Διαμαντής,ΕΛΛΑΔΑ,23,14.79,340.17,True,ESAKE country,False,https://www.esake.gr/el/action/EsakeStats?mode=2&idchampionship=3E05D578&idseason=00000001,00000009,00000009,ΚΑΟΔ AM.GENETICS,9,26,True
2014-15,46902F70,ΣΛΟΤΕΡ Έι Τζέι,ΗΠΑ,25,21.75,543.75,False,ESAKE country,False,https://www.esake.gr/el/action/EsakeStats?mode=2&idchampionship=3E05D578&idseason=00000001,00000001,00000001,ΠΑΝΑΘΗΝΑΪΚΟΣ AKTOR,2,26,False
2014-15,0000055C,ΣΛΟΥΚΑΣ Κώστας,ΕΛΛΑΔΑ,24,21.47,515.28,True,ESAKE country,False,https://www.esake.gr/el/action/EsakeStats?mode=2&idchampionship=3E05D578&idseason=00000001,00000002,00000002,ΟΛΥΜΠΙΑΚΟΣ,1,26,False
2014-15,BE3EB1C5,ΣΜΙΘ Τέιλορ,ΗΠΑ,26,18.67,485.42,False,ESAKE country,False,https://www.esake.gr/el/action/EsakeStats?mode=2&idchampionship=3E05D578&idseason=00000001,0000000A,00000010,ΚΟΛΟΣΣΟΣ H HOTELS COLLECTION,7,26,False
2014-15,00000575,ΣΠΑΝΟΣ Αλέξανδρος,ΕΛΛΑΔΑ,24,11.99,287.76,True,ESAKE country,False,https://www.esake.gr/el/action/EsakeStats?mode=2&idchampionship=3E05D578&idseason=00000001,00000014,00000020,ΤΡΙΚΑΛΑ BC ARIES,12,26,True
2014-15,00000577,ΣΠΑΝΟΥΛΗΣ Βασίλης,ΕΛΛΑΔΑ,23,24.1,554.3,True,ESAKE country,False,https://www.esake.gr/el/action/EsakeStats?mode=2&idchampionship=3E05D578&idseason=00000001,00000002,00000002,ΟΛΥΜΠΙΑΚΟΣ,1,26,False
2014-15,000006E2,ΣΠΥΡΙΔΟΝΙΔΗΣ Αλέξης,ΕΛΛΑΔΑ,19,4.19,79.61,True,ESAKE country,False,https://www.esake.gr/el/action/EsakeStats?mode=2&idchampionship=3E05D578&idseason=00000001,00000009,00000009,ΚΑΟΔ AM.GENETICS,9,26,True
2014-15,0000057B,ΣΠΥΡΟΠΟΥΛΟΣ Αναστάσιος,ΕΛΛΑΔΑ,24,9.91,237.84,True,ESAKE country,False,https://www.esake.gr/el/action/EsakeStats?mode=2&idchampionship=3E05D578&idseason=00000001,00000003,00000003,ΠΑΝΙΩΝΙΟΣ COSMORAMA TRAVEL,14,26,True
2014-15,98CA314B,ΣΤΑΜΑΤΗΣ Δημήτρης,ΕΛΛΑΔΑ,22,13.57,298.54,True,ESAKE country,False,https://www.esake.gr/el/action/EsakeStats?mode=2&idchampionship=3E05D578&idseason=00000001,00000003,00000003,ΠΑΝΙΩΝΙΟΣ COSMORAMA TRAVEL,14,26,True
2014-15,00000589,ΣΤΕΦΑΝΙΔΗΣ Χριστόφορος,ΕΛΛΑΔΑ,26,23.31,606.06,True,ESAKE country,False,https://www.esake.gr/el/action/EsakeStats?mode=2&idchampionship=3E05D578&idseason=00000001,0000000A,00000010,ΚΟΛΟΣΣΟΣ H HOTELS COLLECTION,7,26,False
2014-15,00000597,ΣΤΡΝΑΝΤ Νίκο,ΣΛΟΒΕΝΙΑ,25,19.77,494.25,False,ESAKE country,False,https://www.esake.gr/el/action/EsakeStats?mode=2&idchampionship=3E05D578&idseason=00000001,00000003,00000003,ΠΑΝΙΩΝΙΟΣ COSMORAMA TRAVEL,14,26,True
2014-15,BCB78E4A,ΣΧΙΖΑΣ Σταύρος,ΕΛΛΑΔΑ,23,9.96,229.08,True,ESAKE country,False,https://www.esake.gr/el/action/EsakeStats?mode=2&idchampionship=3E05D578&idseason=00000001,0000000E,00000014,ΡΕΘΥΜΝΟ CRETAN KINGS,6,26,False
2014-15,1D6EC2B9,ΣΩΤΗΡΑΚΗΣ Κωνσταντίνος,ΕΛΛΑΔΑ,0,0.0,0.0,True,ESAKE country,False,https://www.esake.gr/el/action/EsakeStats?mode=2&idchampionship=3E05D578&idseason=00000001,0000000B,00000011,ΠΑΝΕΛΕΥΣΙΝΙΑΚΟΣ,13,26,True
2014-15,5DA95ED9,ΤΑΜΠΣ Τζάστιν,ΗΠΑ,16,27.23,435.68,False,ESAKE country,False,https://www.esake.gr/el/action/EsakeStats?mode=2&idchampionship=3E05D578&idseason=00000001,00000003,00000003,ΠΑΝΙΩΝΙΟΣ COSMORAMA TRAVEL,14,26,True
2014-15,000005A7,ΤΑΠΟΥΤΟΣ Χρήστος,ΕΛΛΑΔΑ,2,19.63,39.26,True,ESAKE country,False,https://www.esake.gr/el/action/EsakeStats?mode=2&idchampionship=3E05D578&idseason=00000001,00000003,00000003,ΠΑΝΙΩΝΙΟΣ COSMORAMA TRAVEL,14,26,True
2014-15,58C0B07C,ΤΑΤΑΡΗΣ Διονύσης,ΕΛΛΑΔΑ,0,0.0,0.0,True,ESAKE country,False,https://www.esake.gr/el/action/EsakeStats?mode=2&idchampionship=3E05D578&idseason=00000001,00000004,00000004,ΑΠΟΛΛΩΝ Π. CARNA,10,26,True
2014-15,00000714,ΤΕΡΝΕΡ Λάρι,ΗΠΑ,10,16.13,161.3,False,ESAKE country,False,https://www.esake.gr/el/action/EsakeStats?mode=2&idchampionship=3E05D578&idseason=00000001,B57FA140,1149926848,ΚΟΡΟΙΒΟΣ,8,26,True
2014-15,343498F8,ΤΖΑΜΑΡ Καρίμ,ΗΠΑ,8,22.09,176.72,False,ESAKE country,False,https://www.esake.gr/el/action/EsakeStats?mode=2&idchampionship=3E05D578&idseason=00000001,0000000A,00000010,ΚΟΛΟΣΣΟΣ H HOTELS COLLECTION,7,26,False
2014-15,120F56E8,ΤΖΕΪΜΣ Μάικ,ΗΠΑ,8,33.67,269.36,False,ESAKE country,False,https://www.esake.gr/el/action/EsakeStats?mode=2&idchampionship=3E05D578&idseason=00000001,0000000A,00000010,ΚΟΛΟΣΣΟΣ H HOTELS COLLECTION,7,26,False
2014-15,588243DD,ΤΖΟΝΣΟΝ Ελάιζα,ΗΠΑ,22,24.38,536.36,False,ESAKE country,False,https://www.esake.gr/el/action/EsakeStats?mode=2&idchampionship=3E05D578&idseason=00000001,0000000B,00000011,ΠΑΝΕΛΕΥΣΙΝΙΑΚΟΣ,13,26,True
2014-15,B44E15CB,ΤΖΟΝΣΟΝ Τερόν,ΗΠΑ,11,17.73,195.03,False,ESAKE country,False,https://www.esake.gr/el/action/EsakeStats?mode=2&idchampionship=3E05D578&idseason=00000001,00000009,00000009,ΚΑΟΔ AM.GENETICS,9,26,True
2014-15,D8361DB3,ΤΟΛΙΟΠΟΥΛΟΣ Βασίλης,ΕΛΛΑΔΑ,22,8.08,177.76,True,ESAKE country,False,https://www.esake.gr/el/action/EsakeStats?mode=2&idchampionship=3E05D578&idseason=00000001,0000000A,00000010,ΚΟΛΟΣΣΟΣ H HOTELS COLLECTION,7,26,False
2014-15,BEFD30EA,ΤΟΜΑΣ Τόρεϊ,ΗΠΑ,22,25.6,563.2,False,ESAKE country,False,https://www.esake.gr/el/action/EsakeStats?mode=2&idchampionship=3E05D578&idseason=00000001,00000005,00000005,ΑΡΗΣ,4,26,False
2014-15,D2974B83,ΤΡΕΪΣΙ Μπράιαν,ΗΠΑ,26,22.02,572.52,False,ESAKE country,False,https://www.esake.gr/el/action/EsakeStats?mode=2&idchampionship=3E05D578&idseason=00000001,00000014,00000020,ΤΡΙΚΑΛΑ BC ARIES,12,26,True
2014-15,497AAF49,ΤΡΟΤΤΕΡ Όμπι,ΟΥΓΓΑΡΙΑ,22,21.17,465.74,False,ESAKE country,False,https://www.esake.gr/el/action/EsakeStats?mode=2&idchampionship=3E05D578&idseason=00000001,00000009,00000009,ΚΑΟΔ AM.GENETICS,9,26,True
2014-15,0000060F,ΤΣΑΪΡΕΛΗΣ Μιχάλης,ΕΛΛΑΔΑ,0,0.0,0.0,True,ESAKE country,False,https://www.esake.gr/el/action/EsakeStats?mode=2&idchampionship=3E05D578&idseason=00000001,00000002,00000002,ΟΛΥΜΠΙΑΚΟΣ,1,26,False
2014-15,00000611,ΤΣΑΚΑΛΕΡΗΣ Ευθύμης,ΕΛΛΑΔΑ,19,9.47,179.93,True,ESAKE country,False,https://www.esake.gr/el/action/EsakeStats?mode=2&idchampionship=3E05D578&idseason=00000001,0000000B,00000011,ΠΑΝΕΛΕΥΣΙΝΙΑΚΟΣ,13,26,True
2014-15,00000614,ΤΣΑΛΔΑΡΗΣ Δημήτρης,ΕΛΛΑΔΑ,23,19.98,459.54,True,ESAKE country,False,https://www.esake.gr/el/action/EsakeStats?mode=2&idchampionship=3E05D578&idseason=00000001,00000009,00000009,ΚΑΟΔ AM.GENETICS,9,26,True
2014-15,00000619,ΤΣΑΜΗΣ Άγγελος,ΕΛΛΑΔΑ,20,25.36,507.2,True,ESAKE country,False,https://www.esake.gr/el/action/EsakeStats?mode=2&idchampionship=3E05D578&idseason=00000001,0000000A,00000010,ΚΟΛΟΣΣΟΣ H HOTELS COLLECTION,7,26,False
2014-15,00000628,ΤΣΙΑΚΟΣ Γιώργος,ΕΛΛΑΔΑ,8,5.64,45.12,True,ESAKE country,False,https://www.esake.gr/el/action/EsakeStats?mode=2&idchampionship=3E05D578&idseason=00000001,00000010,00000016,AEK 2014-15,5,26,False
2014-15,00000629,ΤΣΙΑΡΑΣ Γιώργος,ΕΛΛΑΔΑ,0,0.0,0.0,True,ESAKE country,False,https://www.esake.gr/el/action/EsakeStats?mode=2&idchampionship=3E05D578&idseason=00000001,00000005,00000005,ΑΡΗΣ,4,26,False
2014-15,5F18D278,ΤΣΟΥΠΚΟΒΙΤΣ Σλάβεν,ΣΕΡΒΙΑ,26,27.65,718.9,False,ESAKE country,False,https://www.esake.gr/el/action/EsakeStats?mode=2&idchampionship=3E05D578&idseason=00000001,00000014,00000020,ΤΡΙΚΑΛΑ BC ARIES,12,26,True
2014-15,00000639,ΤΣΟΧΛΑΣ Απόλλων,ΕΛΛΑΔΑ,26,21.81,567.06,True,ESAKE country,False,https://www.esake.gr/el/action/EsakeStats?mode=2&idchampionship=3E05D578&idseason=00000001,0000000C,00000012,ΠΑΟΚ,3,26,False
2014-15,00000707,ΦΑΓΙΕ Μουχάμεντ,ΣΕΝΕΓΑΛΗ,26,33.82,879.32,False,ESAKE country,False,https://www.esake.gr/el/action/EsakeStats?mode=2&idchampionship=3E05D578&idseason=00000001,0000000E,00000014,ΡΕΘΥΜΝΟ CRETAN KINGS,6,26,False
2014-15,27E7BB49,ΦΙΛΙΠΠΑΚΟΣ Παναγιώτης,ΕΛΛΑΔΑ,12,2.23,26.76,True,ESAKE country,False,https://www.esake.gr/el/action/EsakeStats?mode=2&idchampionship=3E05D578&idseason=00000001,B57FA140,1149926848,ΚΟΡΟΙΒΟΣ,8,26,True
2014-15,80BD6127,ΦΙΤΖΠΑΤΡΙΚ Μπράιαν,ΙΡΛΑΝΔΙΑ,4,18.71,74.84,False,ESAKE country,False,https://www.esake.gr/el/action/EsakeStats?mode=2&idchampionship=3E05D578&idseason=00000001,00000003,00000003,ΠΑΝΙΩΝΙΟΣ COSMORAMA TRAVEL,14,26,True
2014-15,10A2C583,ΦΙΤΖΠΑΤΡΙΚ Τόρλιν,ΗΠΑ,26,27.02,702.52,False,ESAKE country,False,https://www.esake.gr/el/action/EsakeStats?mode=2&idchampionship=3E05D578&idseason=00000001,00000004,00000004,ΑΠΟΛΛΩΝ Π. CARNA,10,26,True
2014-15,B2A97905,ΦΛΙΩΝΗΣ Δημήτρης,ΕΛΛΑΔΑ,0,0.0,0.0,True,ESAKE country,False,https://www.esake.gr/el/action/EsakeStats?mode=2&idchampionship=3E05D578&idseason=00000001,00000005,00000005,ΑΡΗΣ,4,26,False
2014-15,1785ED0A,ΦΟΥΡΝΟΔΑΥΛΟΣ Νίκος,ΕΛΛΑΔΑ,0,0.0,0.0,True,ESAKE country,False,https://www.esake.gr/el/action/EsakeStats?mode=2&idchampionship=3E05D578&idseason=00000001,B57FA140,1149926848,ΚΟΡΟΙΒΟΣ,8,26,True
2014-15,71FDD04B,ΦΩΤΙΑΔΗΣ Θανάσης,ΕΛΛΑΔΑ,1,1.73,1.73,True,ESAKE country,False,https://www.esake.gr/el/action/EsakeStats?mode=2&idchampionship=3E05D578&idseason=00000001,0000000B,00000011,ΠΑΝΕΛΕΥΣΙΝΙΑΚΟΣ,13,26,True
2014-15,00000666,ΦΩΤΣΗΣ Αντώνης,ΕΛΛΑΔΑ,26,20.74,539.24,True,ESAKE country,False,https://www.esake.gr/el/action/EsakeStats?mode=2&idchampionship=3E05D578&idseason=00000001,00000001,00000001,ΠΑΝΑΘΗΝΑΪΚΟΣ AKTOR,2,26,False
2014-15,6BC652E6,ΧΑΓΚΙΝΣ Τζαμέλ,ΗΠΑ,26,20.75,539.5,False,ESAKE country,False,https://www.esake.gr/el/action/EsakeStats?mode=2&idchampionship=3E05D578&idseason=00000001,0000000A,00000010,ΚΟΛΟΣΣΟΣ H HOTELS COLLECTION,7,26,False
2014-15,E4DC2945,ΧΑΝΚΟΚ Λουκ,ΗΠΑ,6,27.23,163.38,False,ESAKE country,False,https://www.esake.gr/el/action/EsakeStats?mode=2&idchampionship=3E05D578&idseason=00000001,00000003,00000003,ΠΑΝΙΩΝΙΟΣ COSMORAMA TRAVEL,14,26,True
2014-15,00000678,ΧΑΝΤΕΡ Οθέλο,ΗΠΑ,26,16.53,429.78,False,ESAKE country,False,https://www.esake.gr/el/action/EsakeStats?mode=2&idchampionship=3E05D578&idseason=00000001,00000002,00000002,ΟΛΥΜΠΙΑΚΟΣ,1,26,False
2014-15,0000067C,ΧΑΡΑΛΑΜΠΙΔΗΣ Κώστας,ΕΛΛΑΔΑ,5,20.58,102.9,True,ESAKE country,False,https://www.esake.gr/el/action/EsakeStats?mode=2&idchampionship=3E05D578&idseason=00000001,0000000C,00000012,ΠΑΟΚ,3,26,False
2014-15,00000729,ΧΑΡΑΛΑΜΠΟΠΟΥΛΟΣ Βασίλης,ΕΛΛΑΔΑ,20,13.08,261.6,True,ESAKE country,False,https://www.esake.gr/el/action/EsakeStats?mode=2&idchampionship=3E05D578&idseason=00000001,00000001,00000001,ΠΑΝΑΘΗΝΑΪΚΟΣ AKTOR,2,26,False
2014-15,8E3E814B,ΧΑΡΙΣ Άλεξ,ΗΠΑ,14,29.1,407.4,False,ESAKE country,False,https://www.esake.gr/el/action/EsakeStats?mode=2&idchampionship=3E05D578&idseason=00000001,00000014,00000020,ΤΡΙΚΑΛΑ BC ARIES,12,26,True
2014-15,C05BB9EC,ΧΑΡΙΣ Ντάρελ,ΗΠΑ,11,13.03,143.33,False,ESAKE country,False,https://www.esake.gr/el/action/EsakeStats?mode=2&idchampionship=3E05D578&idseason=00000001,00000009,00000009,ΚΑΟΔ AM.GENETICS,9,26,True
2014-15,00000682,ΧΑΡΙΣΗΣ Κώστας,ΕΛΛΑΔΑ,19,11.03,209.57,True,ESAKE country,False,https://www.esake.gr/el/action/EsakeStats?mode=2&idchampionship=3E05D578&idseason=00000001,00000005,00000005,ΑΡΗΣ,4,26,False
2014-15,00000685,ΧΑΡΙΤΟΠΟΥΛΟΣ Δημήτρης,ΕΛΛΑΔΑ,12,17.52,210.24,True,ESAKE country,False,https://www.esake.gr/el/action/EsakeStats?mode=2&idchampionship=3E05D578&idseason=00000001,0000000C,00000012,ΠΑΟΚ,3,26,False
2014-15,8E0CE74C,ΧΕΙΛΑΡΗΣ Δημήτριος,ΕΛΛΑΔΑ,22,5.73,126.06,True,ESAKE country,False,https://www.esake.gr/el/action/EsakeStats?mode=2&idchampionship=3E05D578&idseason=00000001,0000000E,00000014,ΡΕΘΥΜΝΟ CRETAN KINGS,6,26,False
2014-15,73759CB4,ΧΕΡΣΤΟΝ Μαλίκ,ΗΠΑ,13,29.74,386.62,False,ESAKE country,False,https://www.esake.gr/el/action/EsakeStats?mode=2&idchampionship=3E05D578&idseason=00000001,00000010,00000016,AEK 2014-15,5,26,False
2014-15,EF21FBD2,ΧΟΛ Μάικλ,ΙΡΛΑΝΔΙΑ,5,29.79,148.95,False,ESAKE country,False,https://www.esake.gr/el/action/EsakeStats?mode=2&idchampionship=3E05D578&idseason=00000001,00000014,00000020,ΤΡΙΚΑΛΑ BC ARIES,12,26,True
2014-15,740D1A06,ΧΟΛΙΣ Ντάμιαν,ΟΥΓΓΑΡΙΑ,5,20.76,103.8,False,ESAKE country,False,https://www.esake.gr/el/action/EsakeStats?mode=2&idchampionship=3E05D578&idseason=00000001,0000000E,00000014,ΡΕΘΥΜΝΟ CRETAN KINGS,6,26,False
2014-15,5F0B3D16,ΧΟΤ Αμίν,ΜΑΥΡΟΒΟΥΝΙΟ,0,0.0,0.0,False,ESAKE country,False,https://www.esake.gr/el/action/EsakeStats?mode=2&idchampionship=3E05D578&idseason=00000001,00000004,00000004,ΑΠΟΛΛΩΝ Π. CARNA,10,26,True
2014-15,5BDCD123,ΧΟΤΖΙΤΖ Άντναν,ΒΟΣΝΙΑ,4,17.2,68.8,False,ESAKE country,False,https://www.esake.gr/el/action/EsakeStats?mode=2&idchampionship=3E05D578&idseason=00000001,00000014,00000020,ΤΡΙΚΑΛΑ BC ARIES,12,26,True
2014-15,91EECAC0,ΧΟΥΧΟΥΜΗΣ Νίκος,ΕΛΛΑΔΑ,17,5.8,98.6,True,ESAKE country,False,https://www.esake.gr/el/action/EsakeStats?mode=2&idchampionship=3E05D578&idseason=00000001,00000014,00000020,ΤΡΙΚΑΛΑ BC ARIES,12,26,True
2014-15,BBF3312A,ΧΡΙΣΤΟΔΟΥΛΟΥ Ανδρέας,ΕΛΛΑΔΑ,15,3.7,55.5,True,ESAKE country,False,https://www.esake.gr/el/action/EsakeStats?mode=2&idchampionship=3E05D578&idseason=00000001,00000002,00000002,ΟΛΥΜΠΙΑΚΟΣ,1,26,False
2014-15,000006BD,ΧΡΥΣΙΚΟΠΟΥΛΟΣ Λίνος,ΕΛΛΑΔΑ,13,16.6,215.8,True,ESAKE country,False,https://www.esake.gr/el/action/EsakeStats?mode=2&idchampionship=3E05D578&idseason=00000001,00000009,00000009,ΚΑΟΔ AM.GENETICS,9,26,True
2014-15,EF03E98B,ΨΑΘΑΣ Ιωάννης,ΕΛΛΑΔΑ,22,16.85,370.7,True,ESAKE country,False,https://www.esake.gr/el/action/EsakeStats?mode=2&idchampionship=3E05D578&idseason=00000001,7E7C484C,2022074188,ΚΗΦΙΣΙΑ,11,26,True
2015-16,00000007,ΑΓΓΕΛΑΚΟΣ Αλέξανδρος,ΕΛΛΑΔΑ,9,2.29,20.61,True,ESAKE country,False,https://www.esake.gr/el/action/EsakeStats?mode=2&idchampionship=38100B0B&idseason=00000001,0000000A,00000010,ΚΟΛΟΣΣΟΣ H HOTELS COLLECTION,7,26,False
2015-16,0000000F,ΑΓΡΑΒΑΝΗΣ Δημήτρης,ΕΛΛΑΔΑ,22,13.75,302.5,True,ESAKE country,False,https://www.esake.gr/el/action/EsakeStats?mode=2&idchampionship=38100B0B&idseason=00000001,00000002,00000002,ΟΛΥΜΠΙΑΚΟΣ,1,26,False
2015-16,00000012,ΑΘΑΝΑΣΟΥΛΑΣ Γιάννης,ΕΛΛΑΔΑ,8,19.74,157.92,True,ESAKE country,False,https://www.esake.gr/el/action/EsakeStats?mode=2&idchampionship=38100B0B&idseason=00000001,00000004,00000004,ΑΠΟΛΛΩΝ Π. CARNA,10,26,True
2015-16,00000013,ΑΘΗΝΑΙΟΥ Γιάννης,ΕΛΛΑΔΑ,19,13.31,252.89,True,ESAKE country,False,https://www.esake.gr/el/action/EsakeStats?mode=2&idchampionship=38100B0B&idseason=00000001,00000002,00000002,ΟΛΥΜΠΙΑΚΟΣ,1,26,False
2015-16,00000046,ΑΡΓΥΡΟΠΟΥΛΟΣ Νίκος,ΕΛΛΑΔΑ,26,14.36,373.36,True,ESAKE country,False,https://www.esake.gr/el/action/EsakeStats?mode=2&idchampionship=38100B0B&idseason=00000001,00000004,00000004,ΑΠΟΛΛΩΝ Π. CARNA,10,26,True
2015-16,C65178D5,ΑΡΜΣΤΕΝΤ Μάλκολμ,ΗΠΑ,3,16.29,48.87,False,ESAKE country,False,https://www.esake.gr/el/action/EsakeStats?mode=2&idchampionship=38100B0B&idseason=00000001,00000010,00000016,ΑΕΚ,4,26,False
2015-16,43DB0B49,ΑΧΟΝΕΝ Ρόουπ,ΦΙΝΛΑΝΔΙΑ,1,24.68,24.68,False,ESAKE country,False,https://www.esake.gr/el/action/EsakeStats?mode=2&idchampionship=38100B0B&idseason=00000001,0000000A,00000010,ΚΟΛΟΣΣΟΣ H HOTELS COLLECTION,7,26,False
2015-16,EE3A6D42,ΒΑΝ ΟΣΤΡΟΥΜ Ντέβον,ΙΡΛΑΝΔΙΑ,26,27.91,725.66,False,ESAKE country,False,https://www.esake.gr/el/action/EsakeStats?mode=2&idchampionship=38100B0B&idseason=00000001,EDE2CA68,203904152,ΑΡΚΑΔΙΚΟΣ,13,26,True
2015-16,00000737,ΒΑΡΥΤΙΜΙΑΔΗΣ Αλέξανδρος,ΕΛΛΑΔΑ,24,8.07,193.68,True,ESAKE country,False,https://www.esake.gr/el/action/EsakeStats?mode=2&idchampionship=38100B0B&idseason=00000001,00000014,00000020,ΤΡΙΚΑΛΑ BC ARIES,9,26,True
2015-16,00000061,ΒΑΣΙΛΕΙΑΔΗΣ Κώστας,ΕΛΛΑΔΑ,20,28.73,574.6,True,ESAKE country,False,https://www.esake.gr/el/action/EsakeStats?mode=2&idchampionship=38100B0B&idseason=00000001,0000000C,00000012,ΠΑΟΚ,5,26,False
2015-16,00000065,ΒΑΣΙΛΟΠΟΥΛΟΣ Παναγιώτης,ΕΛΛΑΔΑ,26,23.18,602.68,True,ESAKE country,False,https://www.esake.gr/el/action/EsakeStats?mode=2&idchampionship=38100B0B&idseason=00000001,B57FA140,1149926848,ΚΟΡΟΙΒΟΣ,12,26,True
2015-16,000006D6,ΒΕΛΙΣΣΑΡΙΟΥ Πέτρος,ΕΛΛΑΔΑ,1,1.4,1.4,True,ESAKE country,False,https://www.esake.gr/el/action/EsakeStats?mode=2&idchampionship=38100B0B&idseason=00000001,00000008,00000008,ΚΑΒΑΛΑ,14,26,True
2015-16,0000006B,ΒΕΡΓΙΝΗΣ Δημήτρης,ΕΛΛΑΔΑ,22,25.34,557.48,True,ESAKE country,False,https://www.esake.gr/el/action/EsakeStats?mode=2&idchampionship=38100B0B&idseason=00000001,00000004,00000004,ΑΠΟΛΛΩΝ Π. CARNA,10,26,True
2015-16,1F2691B1,ΒΙΛΙΑΜΣΟΝ Χοερντούρ,ΙΣΛΑΝΔΙΑ,16,28.9,462.4,False,ESAKE country,False,https://www.esake.gr/el/action/EsakeStats?mode=2&idchampionship=38100B0B&idseason=00000001,00000014,00000020,ΤΡΙΚΑΛΑ BC ARIES,9,26,True
2015-16,0000008E,ΓΕΩΡΓΑΚΗΣ Γιώργος,ΕΛΛΑΔΑ,21,6.4,134.4,True,ESAKE country,False,https://www.esake.gr/el/action/EsakeStats?mode=2&idchampionship=38100B0B&idseason=00000001,B57FA140,1149926848,ΚΟΡΟΙΒΟΣ,12,26,True
2015-16,00000091,ΓΕΩΡΓΑΛΛΗΣ Γιάννης,ΕΛΛΑΔΑ,24,15.19,364.56,True,ESAKE country,False,https://www.esake.gr/el/action/EsakeStats?mode=2&idchampionship=38100B0B&idseason=00000001,0000000A,00000010,ΚΟΛΟΣΣΟΣ H HOTELS COLLECTION,7,26,False
2015-16,E8EF3FC4,ΓΙΑΝΓΚ Μπράντον,ΗΠΑ,24,27.93,670.32,False,ESAKE country,False,https://www.esake.gr/el/action/EsakeStats?mode=2&idchampionship=38100B0B&idseason=00000001,F7D46144,37076412,ΛΑΥΡΙΟ DHI,11,26,True
2015-16,A760A271,ΓΙΑΝΓΚ Πάτρικ,ΗΠΑ,5,18.91,94.55,False,ESAKE country,False,https://www.esake.gr/el/action/EsakeStats?mode=2&idchampionship=38100B0B&idseason=00000001,00000002,00000002,ΟΛΥΜΠΙΑΚΟΣ,1,26,False
2015-16,0000009B,ΓΙΑΝΚΟΒΙΤΣ Βλαδίμηρος,ΕΛΛΑΔΑ,23,20.07,461.61,True,ESAKE country,False,https://www.esake.gr/el/action/EsakeStats?mode=2&idchampionship=38100B0B&idseason=00000001,00000001,00000001,ΠΑΝΑΘΗΝΑΪΚΟΣ AKTOR,2,26,False
2015-16,0000009F,ΓΙΑΝΝΑΚΙΔΗΣ Μιχάλης,ΕΛΛΑΔΑ,24,14.02,336.48,True,ESAKE country,False,https://www.esake.gr/el/action/EsakeStats?mode=2&idchampionship=38100B0B&idseason=00000001,00000008,00000008,ΚΑΒΑΛΑ,14,26,True
2015-16,57D6EB4B,ΓΙΑΝΝΑΚΟΠΟΥΛΟΣ Σάκης,ΕΛΛΑΔΑ,26,23.5,611.0,True,ESAKE country,False,https://www.esake.gr/el/action/EsakeStats?mode=2&idchampionship=38100B0B&idseason=00000001,F7D46144,37076412,ΛΑΥΡΙΟ DHI,11,26,True
2015-16,000000A4,ΓΙΑΝΝΟΠΟΥΛΟΣ Χάρης,ΕΛΛΑΔΑ,24,26.28,630.72,True,ESAKE country,False,https://www.esake.gr/el/action/EsakeStats?mode=2&idchampionship=38100B0B&idseason=00000001,0000000E,00000014,ΡΕΘΥΜΝΟ CRETAN KINGS,8,26,True
2015-16,000000CC,ΓΚΕΛΙΟΣ Σωκράτης,ΕΛΛΑΔΑ,17,9.34,158.78,True,ESAKE country,False,https://www.esake.gr/el/action/EsakeStats?mode=2&idchampionship=38100B0B&idseason=00000001,00000008,00000008,ΚΑΒΑΛΑ,14,26,True
2015-16,CC57C559,ΓΚΙΚΑΣ Νίκος,ΕΛΛΑΔΑ,26,25.29,657.54,True,ESAKE country,False,https://www.esake.gr/el/action/EsakeStats?mode=2&idchampionship=38100B0B&idseason=00000001,7E7C484C,2022074188,ΚΗΦΙΣΙΑ,6,26,False
2015-16,00000722,ΓΚΙΣΤ Τζέιμς,ΗΠΑ,23,23.73,545.79,False,ESAKE country,False,https://www.esake.gr/el/action/EsakeStats?mode=2&idchampionship=38100B0B&idseason=00000001,00000001,00000001,ΠΑΝΑΘΗΝΑΪΚΟΣ AKTOR,2,26,False
2015-16,376EC3DC,ΓΚΟΡΝΤΟΝ Άλεξ,ΗΠΑ,3,28.23,84.69,False,ESAKE country,False,https://www.esake.gr/el/action/EsakeStats?mode=2&idchampionship=38100B0B&idseason=00000001,00000008,00000008,ΚΑΒΑΛΑ,14,26,True
2015-16,000000FD,ΓΚΡΙΝ Ταουρέν,ΗΠΑ,8,19.48,155.84,False,ESAKE country,False,https://www.esake.gr/el/action/EsakeStats?mode=2&idchampionship=38100B0B&idseason=00000001,00000010,00000016,ΑΕΚ,4,26,False
2015-16,00000103,ΓΛΥΝΙΑΔΑΚΗΣ Ανδρέας,ΕΛΛΑΔΑ,20,18.67,373.4,True,ESAKE country,False,https://www.esake.gr/el/action/EsakeStats?mode=2&idchampionship=38100B0B&idseason=00000001,7E7C484C,2022074188,ΚΗΦΙΣΙΑ,6,26,False
2015-16,E6C09C3A,ΓΟΥΝΤΣ Τόνι,ΗΠΑ,24,20.19,484.56,False,ESAKE country,False,https://www.esake.gr/el/action/EsakeStats?mode=2&idchampionship=38100B0B&idseason=00000001,00000004,00000004,ΑΠΟΛΛΩΝ Π. CARNA,10,26,True
2015-16,0000010E,ΔΑΝΑΣ Γιώργος,ΕΛΛΑΔΑ,0,0.0,0.0,True,ESAKE country,False,https://www.esake.gr/el/action/EsakeStats?mode=2&idchampionship=38100B0B&idseason=00000001,F7D46144,37076412,ΛΑΥΡΙΟ DHI,11,26,True
2015-16,00000110,ΔΕΔΑΣ Γιώργος,ΕΛΛΑΔΑ,25,8.35,208.75,True,ESAKE country,False,https://www.esake.gr/el/action/EsakeStats?mode=2&idchampionship=38100B0B&idseason=00000001,0000000C,00000012,ΠΑΟΚ,5,26,False
2015-16,00000115,ΔΕΜΕΡΤΖΗΣ Γιάννης,ΕΛΛΑΔΑ,17,8.1,137.7,True,ESAKE country,False,https://www.esake.gr/el/action/EsakeStats?mode=2&idchampionship=38100B0B&idseason=00000001,00000008,00000008,ΚΑΒΑΛΑ,14,26,True
2015-16,00000119,ΔΗΜΑΣ Τάσος,ΕΛΛΑΔΑ,2,3.49,6.98,True,ESAKE country,False,https://www.esake.gr/el/action/EsakeStats?mode=2&idchampionship=38100B0B&idseason=00000001,00000005,00000005,ΑΡΗΣ,3,26,False
2015-16,00000728,ΔΙΑΜΑΝΤΑΚΟΣ Γιώργος,ΕΛΛΑΔΑ,1,4.18,4.18,True,ESAKE country,False,https://www.esake.gr/el/action/EsakeStats?mode=2&idchampionship=38100B0B&idseason=00000001,7E7C484C,2022074188,ΚΗΦΙΣΙΑ,6,26,False
2015-16,0000011A,ΔΙΑΜΑΝΤΙΔΗΣ Δημήτρης,ΕΛΛΑΔΑ,21,20.04,420.84,True,ESAKE country,False,https://www.esake.gr/el/action/EsakeStats?mode=2&idchampionship=38100B0B&idseason=00000001,00000001,00000001,ΠΑΝΑΘΗΝΑΪΚΟΣ AKTOR,2,26,False
2015-16,647ACEAC,ΔΙΠΛΑΡΟΣ Νίκος,ΕΛΛΑΔΑ,7,4.04,28.28,True,ESAKE country,False,https://www.esake.gr/el/action/EsakeStats?mode=2&idchampionship=38100B0B&idseason=00000001,00000005,00000005,ΑΡΗΣ,3,26,False
2015-16,00000718,ΔΟΥΛΓΕΡΑΚΗΣ Μάρκος,ΕΛΛΑΔΑ,8,3.18,25.44,True,ESAKE country,False,https://www.esake.gr/el/action/EsakeStats?mode=2&idchampionship=38100B0B&idseason=00000001,0000000E,00000014,ΡΕΘΥΜΝΟ CRETAN KINGS,8,26,True
2015-16,DA71D253,ΕΒΑΝΣ Τζέρι,ΗΠΑ,9,15.33,137.97,False,ESAKE country,False,https://www.esake.gr/el/action/EsakeStats?mode=2&idchampionship=38100B0B&idseason=00000001,F7D46144,37076412,ΛΑΥΡΙΟ DHI,11,26,True
2015-16,EC776B46,ΕΖΟΜΟ Κωνσταντίνος,ΕΛΛΑΔΑ,2,3.63,7.26,True,ESAKE country,False,https://www.esake.gr/el/action/EsakeStats?mode=2&idchampionship=38100B0B&idseason=00000001,EDE2CA68,203904152,ΑΡΚΑΔΙΚΟΣ,13,26,True
2015-16,E6FAFF3B,ΕΛ-ΑΜΙΝ Μουχάμεντ,ΗΠΑ,17,25.57,434.69,False,ESAKE country,False,https://www.esake.gr/el/action/EsakeStats?mode=2&idchampionship=38100B0B&idseason=00000001,7E7C484C,2022074188,ΚΗΦΙΣΙΑ,6,26,False
2015-16,921B7468,ΕΡΙΚ Μάικλ,ΝΙΓΗΡΙΑ,1,3.95,3.95,False,ESAKE country,False,https://www.esake.gr/el/action/EsakeStats?mode=2&idchampionship=38100B0B&idseason=00000001,00000010,00000016,ΑΕΚ,4,26,False
2015-16,00000140,ΖΑΡΑΣ Θοδωρής,ΕΛΛΑΔΑ,26,14.04,365.04,True,ESAKE country,False,https://www.esake.gr/el/action/EsakeStats?mode=2&idchampionship=38100B0B&idseason=00000001,00000005,00000005,ΑΡΗΣ,3,26,False
2015-16,4B2C60E7,ΘΕΟΔΩΡΙΔΗΣ Ηλίας,ΕΛΛΑΔΑ,12,5.37,64.44,True,ESAKE country,False,https://www.esake.gr/el/action/EsakeStats?mode=2&idchampionship=38100B0B&idseason=00000001,0000000E,00000014,ΡΕΘΥΜΝΟ CRETAN KINGS,8,26,True
2015-16,F73F0674,ΘΟΡΝΤΟΝ Κέλλεν,ΗΠΑ,4,10.57,42.28,False,ESAKE country,False,https://www.esake.gr/el/action/EsakeStats?mode=2&idchampionship=38100B0B&idseason=00000001,B57FA140,1149926848,ΚΟΡΟΙΒΟΣ,12,26,True
2015-16,00000167,ΚΑΒΒΑΔΑΣ Βασίλης,ΕΛΛΑΔΑ,21,26.24,551.04,True,ESAKE country,False,https://www.esake.gr/el/action/EsakeStats?mode=2&idchampionship=38100B0B&idseason=00000001,EDE2CA68,203904152,ΑΡΚΑΔΙΚΟΣ,13,26,True
2015-16,0000016E,ΚΑΚΑΡΟΥΔΗΣ Κώστας,ΕΛΛΑΔΑ,25,13.14,328.5,True,ESAKE country,False,https://www.esake.gr/el/action/EsakeStats?mode=2&idchampionship=38100B0B&idseason=00000001,0000000C,00000012,ΠΑΟΚ,5,26,False
2015-16,16AE30FC,ΚΑΚΛΑΜΑΝΑΚΗΣ Δημήτρης,ΕΛΛΑΔΑ,23,4.78,109.94,True,ESAKE country,False,https://www.esake.gr/el/action/EsakeStats?mode=2&idchampionship=38100B0B&idseason=00000001,F7D46144,37076412,ΛΑΥΡΙΟ DHI,11,26,True
2015-16,00000174,ΚΑΛΑΘΗΣ Νικ,ΕΛΛΑΔΑ,25,27.41,685.25,True,ESAKE country,False,https://www.esake.gr/el/action/EsakeStats?mode=2&idchampionship=38100B0B&idseason=00000001,00000001,00000001,ΠΑΝΑΘΗΝΑΪΚΟΣ AKTOR,2,26,False
2015-16,B9778770,ΚΑΛΑΪΤΖΑΚΗΣ Γιώργος,ΕΛΛΑΔΑ,1,2.6,2.6,True,ESAKE country,False,https://www.esake.gr/el/action/EsakeStats?mode=2&idchampionship=38100B0B&idseason=00000001,00000001,00000001,ΠΑΝΑΘΗΝΑΪΚΟΣ AKTOR,2,26,False
2015-16,00000177,ΚΑΛΑΪΤΖΙΔΗΣ Δημήτρης,ΕΛΛΑΔΑ,25,14.26,356.5,True,ESAKE country,False,https://www.esake.gr/el/action/EsakeStats?mode=2&idchampionship=38100B0B&idseason=00000001,00000008,00000008,ΚΑΒΑΛΑ,14,26,True
2015-16,0000017B,ΚΑΛΑΜΠΟΚΗΣ Γιάννης,ΕΛΛΑΔΑ,26,18.41,478.66,True,ESAKE country,False,https://www.esake.gr/el/action/EsakeStats?mode=2&idchampionship=38100B0B&idseason=00000001,00000010,00000016,ΑΕΚ,4,26,False
2015-16,0000017E,ΚΑΛΛΕΣ Νίκος,ΕΛΛΑΔΑ,23,11.67,268.41,True,ESAKE country,False,https://www.esake.gr/el/action/EsakeStats?mode=2&idchampionship=38100B0B&idseason=00000001,00000014,00000020,ΤΡΙΚΑΛΑ BC ARIES,9,26,True
2015-16,0000017C,ΚΑΛΛΙΝΙΚΙΔΗΣ Αβραάμ,ΕΛΛΑΔΑ,25,18.37,459.25,True,ESAKE country,False,https://www.esake.gr/el/action/EsakeStats?mode=2&idchampionship=38100B0B&idseason=00000001,EDE2CA68,203904152,ΑΡΚΑΔΙΚΟΣ,13,26,True
2015-16,00000181,ΚΑΛΟΓΙΑΝΝΙΔΗΣ Φίλιππος,ΕΛΛΑΔΑ,20,5.89,117.8,True,ESAKE country,False,https://www.esake.gr/el/action/EsakeStats?mode=2&idchampionship=38100B0B&idseason=00000001,00000014,00000020,ΤΡΙΚΑΛΑ BC ARIES,9,26,True
2015-16,7AE4574C,ΚΑΜΑΡΑΣ Νίκος,ΕΛΛΑΔΑ,2,1.48,2.96,True,ESAKE country,False,https://www.esake.gr/el/action/EsakeStats?mode=2&idchampionship=38100B0B&idseason=00000001,0000000C,00000012,ΠΑΟΚ,5,26,False
2015-16,3F8AE0E4,ΚΑΜΑΡΙΑΝΟΣ Νικόλαος,ΕΛΛΑΔΑ,0,0.0,0.0,True,ESAKE country,False,https://www.esake.gr/el/action/EsakeStats?mode=2&idchampionship=38100B0B&idseason=00000001,00000010,00000016,ΑΕΚ,4,26,False
2015-16,E42E0A16,ΚΑΜΠΕΡΙΔΗΣ Μιχάλης,ΕΛΛΑΔΑ,2,10.43,20.86,True,ESAKE country,False,https://www.esake.gr/el/action/EsakeStats?mode=2&idchampionship=38100B0B&idseason=00000001,0000000E,00000014,ΡΕΘΥΜΝΟ CRETAN KINGS,8,26,True
2015-16,26F6AA04,ΚΑΝΤΟΥΓΚΑΝ Τζέι Αρ,ΚΑΝΑΔΑΣ,23,24.92,573.16,False,ESAKE country,False,https://www.esake.gr/el/action/EsakeStats?mode=2&idchampionship=38100B0B&idseason=00000001,00000014,00000020,ΤΡΙΚΑΛΑ BC ARIES,9,26,True
2015-16,4CED51A0,ΚΑΟΥΝΣΙΛ Βίνσεντ,ΗΠΑ,16,23.99,383.84,False,ESAKE country,False,https://www.esake.gr/el/action/EsakeStats?mode=2&idchampionship=38100B0B&idseason=00000001,B57FA140,1149926848,ΚΟΡΟΙΒΟΣ,12,26,True
2015-16,10531672,ΚΑΠΩΝΗΣ Γιάννης,ΕΛΛΑΔΑ,8,5.84,46.72,True,ESAKE country,False,https://www.esake.gr/el/action/EsakeStats?mode=2&idchampionship=38100B0B&idseason=00000001,F7D46144,37076412,ΛΑΥΡΙΟ DHI,11,26,True
2015-16,00000195,ΚΑΡΑΘΑΝΑΣΗΣ Γιάννης,ΕΛΛΑΔΑ,19,8.72,165.68,True,ESAKE country,False,https://www.esake.gr/el/action/EsakeStats?mode=2&idchampionship=38100B0B&idseason=00000001,00000014,00000020,ΤΡΙΚΑΛΑ BC ARIES,9,26,True
2015-16,00000196,ΚΑΡΑΜΑΛΕΓΚΟΣ Ιωάννης,ΕΛΛΑΔΑ,19,8.68,164.92,True,ESAKE country,False,https://www.esake.gr/el/action/EsakeStats?mode=2&idchampionship=38100B0B&idseason=00000001,EDE2CA68,203904152,ΑΡΚΑΔΙΚΟΣ,13,26,True
2015-16,000006CC,ΚΑΡΤΕΡ Μαρκ,ΗΠΑ,25,18.78,469.5,False,ESAKE country,False,https://www.esake.gr/el/action/EsakeStats?mode=2&idchampionship=38100B0B&idseason=00000001,00000010,00000016,ΑΕΚ,4,26,False
2015-16,D0CBFEC8,ΚΑΡΤΕΡ Νταριους,ΗΠΑ,20,21.89,437.8,False,ESAKE country,False,https://www.esake.gr/el/action/EsakeStats?mode=2&idchampionship=38100B0B&idseason=00000001,0000000E,00000014,ΡΕΘΥΜΝΟ CRETAN KINGS,8,26,True
2015-16,000001AD,ΚΑΣΕΛΑΚΗΣ Λεωνίδας,ΕΛΛΑΔΑ,26,33.18,862.68,True,ESAKE country,False,https://www.esake.gr/el/action/EsakeStats?mode=2&idchampionship=38100B0B&idseason=00000001,7E7C484C,2022074188,ΚΗΦΙΣΙΑ,6,26,False
2015-16,000001BC,ΚΑΤΣΙΒΕΛΗΣ Δημήτρης,ΕΛΛΑΔΑ,22,17.33,381.26,True,ESAKE country,False,https://www.esake.gr/el/action/EsakeStats?mode=2&idchampionship=38100B0B&idseason=00000001,00000010,00000016,ΑΕΚ,4,26,False
2015-16,CFEA4E7A,ΚΕΜΠ Μόρις,ΗΠΑ,11,21.18,232.98,False,ESAKE country,False,https://www.esake.gr/el/action/EsakeStats?mode=2&idchampionship=38100B0B&idseason=00000001,00000008,00000008,ΚΑΒΑΛΑ,14,26,True
2015-16,000001CB,ΚΕΣΕΛ Μάρκο,ΣΕΡΒΙΑ,14,21.99,307.86,False,ESAKE country,False,https://www.esake.gr/el/action/EsakeStats?mode=2&idchampionship=38100B0B&idseason=00000001,F7D46144,37076412,ΛΑΥΡΙΟ DHI,11,26,True
2015-16,1457A5A6,ΚΛΑΝΤΟΝ Κιθ,ΗΠΑ,4,19.89,79.56,False,ESAKE country,False,https://www.esake.gr/el/action/EsakeStats?mode=2&idchampionship=38100B0B&idseason=00000001,0000000C,00000012,ΠΑΟΚ,5,26,False
2015-16,F72F7BC8,ΚΛΟΥΦ Σάρλον,ΗΠΑ,13,27.5,357.5,False,ESAKE country,False,https://www.esake.gr/el/action/EsakeStats?mode=2&idchampionship=38100B0B&idseason=00000001,0000000E,00000014,ΡΕΘΥΜΝΟ CRETAN KINGS,8,26,True
2015-16,78D87017,ΚΟΒΑΤΣ Μίρκο,ΣΕΡΒΙΑ,4,7.32,29.28,False,ESAKE country,False,https://www.esake.gr/el/action/EsakeStats?mode=2&idchampionship=38100B0B&idseason=00000001,B57FA140,1149926848,ΚΟΡΟΙΒΟΣ,12,26,True
2015-16,6D4FDF08,ΚΟΕΝ Τζέικ,ΙΣΡΑΗΛ,26,13.04,339.04,False,ESAKE country,False,https://www.esake.gr/el/action/EsakeStats?mode=2&idchampionship=38100B0B&idseason=00000001,00000005,00000005,ΑΡΗΣ,3,26,False
2015-16,CF580EB7,ΚΟΝΙΑΡΗΣ Αντώνης,ΕΛΛΑΔΑ,0,0.0,0.0,True,ESAKE country,False,https://www.esake.gr/el/action/EsakeStats?mode=2&idchampionship=38100B0B&idseason=00000001,00000001,00000001,ΠΑΝΑΘΗΝΑΪΚΟΣ AKTOR,2,26,False
2015-16,72F2B351,ΚΟΝΤΖΕΡ Ντεμέτριους,ΗΠΑ,17,31.7,538.9,False,ESAKE country,False,https://www.esake.gr/el/action/EsakeStats?mode=2&idchampionship=38100B0B&idseason=00000001,00000014,00000020,ΤΡΙΚΑΛΑ BC ARIES,9,26,True
2015-16,653232EB,ΚΟΡΟΛΕΦ Γιάροσλαβ,ΡΩΣΙΑ,5,22.75,113.75,False,ESAKE country,False,https://www.esake.gr/el/action/EsakeStats?mode=2&idchampionship=38100B0B&idseason=00000001,0000000E,00000014,ΡΕΘΥΜΝΟ CRETAN KINGS,8,26,True
2015-16,00000200,ΚΟΣΤΟΒ Τσάβνταρ,ΒΟΥΛΓΑΡΙΑ,24,31.88,765.12,False,ESAKE country,False,https://www.esake.gr/el/action/EsakeStats?mode=2&idchampionship=38100B0B&idseason=00000001,00000008,00000008,ΚΑΒΑΛΑ,14,26,True
2015-16,4C0E5F4B,ΚΟΥΖΕΛΟΓΛΟΥ Γιάννης,ΕΛΛΑΔΑ,21,12.99,272.79,True,ESAKE country,False,https://www.esake.gr/el/action/EsakeStats?mode=2&idchampionship=38100B0B&idseason=00000001,00000004,00000004,ΑΠΟΛΛΩΝ Π. CARNA,10,26,True
2015-16,417E2199,ΚΟΥΖΜΙΤΣ Όγκνιεν,ΣΕΡΒΙΑ,16,12.67,202.72,False,ESAKE country,False,https://www.esake.gr/el/action/EsakeStats?mode=2&idchampionship=38100B0B&idseason=00000001,00000001,00000001,ΠΑΝΑΘΗΝΑΪΚΟΣ AKTOR,2,26,False
2015-16,9924AA26,ΚΟΥΚ Ντέρεκ,ΗΠΑ,3,12.66,37.98,False,ESAKE country,False,https://www.esake.gr/el/action/EsakeStats?mode=2&idchampionship=38100B0B&idseason=00000001,0000000E,00000014,ΡΕΘΥΜΝΟ CRETAN KINGS,8,26,True
2015-16,0000020B,ΚΟΥΚΟΥΛΑΣ Μανόλης,ΕΛΛΑΔΑ,3,7.68,23.04,True,ESAKE country,False,https://www.esake.gr/el/action/EsakeStats?mode=2&idchampionship=38100B0B&idseason=00000001,00000014,00000020,ΤΡΙΚΑΛΑ BC ARIES,9,26,True
2015-16,DE3117F5,ΚΟΥΠΕΡ Ντι Τζέι,ΗΠΑ,8,29.86,238.88,False,ESAKE country,False,https://www.esake.gr/el/action/EsakeStats?mode=2&idchampionship=38100B0B&idseason=00000001,00000010,00000016,ΑΕΚ,4,26,False
2015-16,B7BFDBF6,ΚΟΨΑΥΤΗΣ Γιώργος,ΕΛΛΑΔΑ,21,7.95,166.95,True,ESAKE country,False,https://www.esake.gr/el/action/EsakeStats?mode=2&idchampionship=38100B0B&idseason=00000001,EDE2CA68,203904152,ΑΡΚΑΔΙΚΟΣ,13,26,True
2015-16,00000227,ΚΡΙΣΤΜΑΣ Ντιόντε,ΗΠΑ,4,16.69,66.76,False,ESAKE country,False,https://www.esake.gr/el/action/EsakeStats?mode=2&idchampionship=38100B0B&idseason=00000001,00000010,00000016,ΑΕΚ,4,26,False
2015-16,CBB2E7D7,ΚΡΟΜΑ Λασάν,ΗΠΑ,13,30.1,391.3,False,ESAKE country,False,https://www.esake.gr/el/action/EsakeStats?mode=2&idchampionship=38100B0B&idseason=00000001,00000008,00000008,ΚΑΒΑΛΑ,14,26,True
2015-16,C1EB5AD0,ΚΡΟΥΜΠΑΛΙ Ουσμάν,ΗΠΑ,25,24.25,606.25,False,ESAKE country,False,https://www.esake.gr/el/action/EsakeStats?mode=2&idchampionship=38100B0B&idseason=00000001,F7D46144,37076412,ΛΑΥΡΙΟ DHI,11,26,True
2015-16,535E1EC3,ΚΩΝΣΤΑΝΤΙΝΟΥ Γιώργος,ΕΛΛΑΔΑ,13,5.2,67.6,True,ESAKE country,False,https://www.esake.gr/el/action/EsakeStats?mode=2&idchampionship=38100B0B&idseason=00000001,EDE2CA68,203904152,ΑΡΚΑΔΙΚΟΣ,13,26,True
2015-16,0000073F,ΚΩΤΤΑΣ Θωμάς,ΕΛΛΑΔΑ,19,5.91,112.29,True,ESAKE country,False,https://www.esake.gr/el/action/EsakeStats?mode=2&idchampionship=38100B0B&idseason=00000001,0000000C,00000012,ΠΑΟΚ,5,26,False
2015-16,00000241,ΛΑΜΠΡΟΠΟΥΛΟΣ Φώτης,ΕΛΛΑΔΑ,26,17.13,445.38,True,ESAKE country,False,https://www.esake.gr/el/action/EsakeStats?mode=2&idchampionship=38100B0B&idseason=00000001,EDE2CA68,203904152,ΑΡΚΑΔΙΚΟΣ,13,26,True
2015-16,00000245,ΛΑΡΕΝΤΖΑΚΗΣ Γιαννούλης,ΕΛΛΑΔΑ,25,23.08,577.0,True,ESAKE country,False,https://www.esake.gr/el/action/EsakeStats?mode=2&idchampionship=38100B0B&idseason=00000001,0000000A,00000010,ΚΟΛΟΣΣΟΣ H HOTELS COLLECTION,7,26,False
2015-16,118189E4,ΛΕΪΖΕΡ Τάιλερ,ΗΠΑ,18,30.14,542.52,False,ESAKE country,False,https://www.esake.gr/el/action/EsakeStats?mode=2&idchampionship=38100B0B&idseason=00000001,00000008,00000008,ΚΑΒΑΛΑ,14,26,True
2015-16,34A1325C,ΛΙ Τζόναθαν,ΗΠΑ,13,17.98,233.74,False,ESAKE country,False,https://www.esake.gr/el/action/EsakeStats?mode=2&idchampionship=38100B0B&idseason=00000001,EDE2CA68,203904152,ΑΡΚΑΔΙΚΟΣ,13,26,True
2015-16,000006FD,ΛΙΑΠΗΣ Μιχάλης,ΕΛΛΑΔΑ,23,5.28,121.44,True,ESAKE country,False,https://www.esake.gr/el/action/EsakeStats?mode=2&idchampionship=38100B0B&idseason=00000001,0000000C,00000012,ΠΑΟΚ,5,26,False
2015-16,3A27A188,ΛΙΒΑΣ Νικόλαος,ΕΛΛΑΔΑ,12,9.25,111.0,True,ESAKE country,False,https://www.esake.gr/el/action/EsakeStats?mode=2&idchampionship=38100B0B&idseason=00000001,00000008,00000008,ΚΑΒΑΛΑ,14,26,True
2015-16,EAC0077E,ΛΙΝΤΕΝ Τομ,ΣΟΥΗΔΙΑ,26,19.81,515.06,False,ESAKE country,False,https://www.esake.gr/el/action/EsakeStats?mode=2&idchampionship=38100B0B&idseason=00000001,0000000A,00000010,ΚΟΛΟΣΣΟΣ H HOTELS COLLECTION,7,26,False
2015-16,2F64CD74,ΛΙΟΥΙΣ Κέλβιν,ΗΠΑ,25,24.1,602.5,False,ESAKE country,False,https://www.esake.gr/el/action/EsakeStats?mode=2&idchampionship=38100B0B&idseason=00000001,0000000A,00000010,ΚΟΛΟΣΣΟΣ H HOTELS COLLECTION,7,26,False
2015-16,AF0E68EA,ΛΙΤΖΙΟΝ Άλεξ,ΗΠΑ,11,19.33,212.63,False,ESAKE country,False,https://www.esake.gr/el/action/EsakeStats?mode=2&idchampionship=38100B0B&idseason=00000001,EDE2CA68,203904152,ΑΡΚΑΔΙΚΟΣ,13,26,True
2015-16,791432B2,ΛΟΟΥΕΡΙ Ρόμπερτ,ΗΠΑ,6,28.8,172.8,False,ESAKE country,False,https://www.esake.gr/el/action/EsakeStats?mode=2&idchampionship=38100B0B&idseason=00000001,7E7C484C,2022074188,ΚΗΦΙΣΙΑ,6,26,False
2015-16,7E196AB8,ΛΟΤΖΕΣΚΙ Ματ,ΒΕΛΓΙΟ,10,21.61,216.1,False,ESAKE country,False,https://www.esake.gr/el/action/EsakeStats?mode=2&idchampionship=38100B0B&idseason=00000001,00000002,00000002,ΟΛΥΜΠΙΑΚΟΣ,1,26,False
2015-16,2BB1AF1F,ΛΟΥΝΤΖΗΣ Μιχάλης,ΕΛΛΑΔΑ,8,5.49,43.92,True,ESAKE country,False,https://www.esake.gr/el/action/EsakeStats?mode=2&idchampionship=38100B0B&idseason=00000001,00000001,00000001,ΠΑΝΑΘΗΝΑΪΚΟΣ AKTOR,2,26,False
2015-16,F9233702,ΜΑΚ ΓΚΙ Γκάρι,ΗΠΑ,25,21.04,526.0,False,ESAKE country,False,https://www.esake.gr/el/action/EsakeStats?mode=2&idchampionship=38100B0B&idseason=00000001,0000000A,00000010,ΚΟΛΟΣΣΟΣ H HOTELS COLLECTION,7,26,False
2015-16,EBC46985,ΜΑΚ ΝΙΛ Τζέρελ,ΗΠΑ,25,26.46,661.5,False,ESAKE country,False,https://www.esake.gr/el/action/EsakeStats?mode=2&idchampionship=38100B0B&idseason=00000001,00000005,00000005,ΑΡΗΣ,3,26,False
2015-16,3BDA7532,ΜΑΚΚΙ Τράβις,ΗΠΑ,13,22.57,293.41,False,ESAKE country,False,https://www.esake.gr/el/action/EsakeStats?mode=2&idchampionship=38100B0B&idseason=00000001,00000008,00000008,ΚΑΒΑΛΑ,14,26,True
2015-16,A6550668,ΜΑΝΤΕΝ Ρασάντ,ΗΠΑ,17,24.9,423.3,False,ESAKE country,False,https://www.esake.gr/el/action/EsakeStats?mode=2&idchampionship=38100B0B&idseason=00000001,0000000E,00000014,ΡΕΘΥΜΝΟ CRETAN KINGS,8,26,True
2015-16,0000029C,ΜΑΝΤΖΑΡΗΣ Βαγγέλης,ΕΛΛΑΔΑ,25,22.79,569.75,True,ESAKE country,False,https://www.esake.gr/el/action/EsakeStats?mode=2&idchampionship=38100B0B&idseason=00000001,00000002,00000002,ΟΛΥΜΠΙΑΚΟΣ,1,26,False
2015-16,000002A2,ΜΑΝΩΛΟΠΟΥΛΟΣ Σωτήρης,ΕΛΛΑΔΑ,25,14.64,366.0,True,ESAKE country,False,https://www.esake.gr/el/action/EsakeStats?mode=2&idchampionship=38100B0B&idseason=00000001,0000000A,00000010,ΚΟΛΟΣΣΟΣ H HOTELS COLLECTION,7,26,False
2015-16,000002A8,ΜΑΡΓΑΡΙΤΗΣ Βαγγέλης,ΕΛΛΑΔΑ,26,24.06,625.56,True,ESAKE country,False,https://www.esake.gr/el/action/EsakeStats?mode=2&idchampionship=38100B0B&idseason=00000001,0000000C,00000012,ΠΑΟΚ,5,26,False
2015-16,504C9A39,ΜΑΡΚΟΒΙΤΣ Νικολα,ΣΕΡΒΙΑ,25,22.44,561.0,False,ESAKE country,False,https://www.esake.gr/el/action/EsakeStats?mode=2&idchampionship=38100B0B&idseason=00000001,0000000C,00000012,ΠΑΟΚ,5,26,False
2015-16,17D7B805,ΜΑΡΣΑΛ Ζερμέιν,ΗΠΑ,7,8.12,56.84,False,ESAKE country,False,https://www.esake.gr/el/action/EsakeStats?mode=2&idchampionship=38100B0B&idseason=00000001,7E7C484C,2022074188,ΚΗΦΙΣΙΑ,6,26,False
2015-16,FB81693B,ΜΑΣΤΡΟΓΙΑΝΝΟΠΟΥΛΟΣ Σαράντης,ΕΛΛΑΔΑ,11,3.16,34.76,True,ESAKE country,False,https://www.esake.gr/el/action/EsakeStats?mode=2&idchampionship=38100B0B&idseason=00000001,00000004,00000004,ΑΠΟΛΛΩΝ Π. CARNA,10,26,True
2015-16,000002BF,ΜΑΤΑΛΩΝ Μάριος,ΕΛΛΑΔΑ,9,10.68,96.12,True,ESAKE country,False,https://www.esake.gr/el/action/EsakeStats?mode=2&idchampionship=38100B0B&idseason=00000001,0000000E,00000014,ΡΕΘΥΜΝΟ CRETAN KINGS,8,26,True
2015-16,000002C6,ΜΑΥΡΟΕΙΔΗΣ Δημήτρης,ΕΛΛΑΔΑ,26,19.29,501.54,True,ESAKE country,False,https://www.esake.gr/el/action/EsakeStats?mode=2&idchampionship=38100B0B&idseason=00000001,7E7C484C,2022074188,ΚΗΦΙΣΙΑ,6,26,False
2015-16,000002C7,ΜΑΥΡΟΚΕΦΑΛΙΔΗΣ Λουκάς,ΕΛΛΑΔΑ,26,25.59,665.34,True,ESAKE country,False,https://www.esake.gr/el/action/EsakeStats?mode=2&idchampionship=38100B0B&idseason=00000001,00000010,00000016,ΑΕΚ,4,26,False
2015-16,BFC527CE,ΜΕΪΕΡ Τόνι,ΗΠΑ,26,28.18,732.68,False,ESAKE country,False,https://www.esake.gr/el/action/EsakeStats?mode=2&idchampionship=38100B0B&idseason=00000001,00000004,00000004,ΑΠΟΛΛΩΝ Π. CARNA,10,26,True
2015-16,A131C22C,ΜΕΝΤΛΙΝ Πρέστον,ΗΠΑ,3,15.53,46.59,False,ESAKE country,False,https://www.esake.gr/el/action/EsakeStats?mode=2&idchampionship=38100B0B&idseason=00000001,00000008,00000008,ΚΑΒΑΛΑ,14,26,True
2015-16,9198D674,ΜΙΛΟΣΕΒΙΤΣ Μίλαν,ΒΟΣΝΙΑ,26,19.83,515.58,False,ESAKE country,False,https://www.esake.gr/el/action/EsakeStats?mode=2&idchampionship=38100B0B&idseason=00000001,00000010,00000016,ΑΕΚ,4,26,False
2015-16,E6EC7439,ΜΙΛΟΥΤΙΝΟΦ Νίκολα,ΣΕΡΒΙΑ,25,12.35,308.75,False,ESAKE country,False,https://www.esake.gr/el/action/EsakeStats?mode=2&idchampionship=38100B0B&idseason=00000001,00000002,00000002,ΟΛΥΜΠΙΑΚΟΣ,1,26,False
2015-16,FED5F313,ΜΟΥΡΑΤΟΣ Βασίλης,ΕΛΛΑΔΑ,5,2.03,10.15,True,ESAKE country,False,https://www.esake.gr/el/action/EsakeStats?mode=2&idchampionship=38100B0B&idseason=00000001,00000002,00000002,ΟΛΥΜΠΙΑΚΟΣ,1,26,False
2015-16,0000030E,ΜΟΥΡΤΟΣ Σπύρος,ΕΛΛΑΔΑ,26,19.43,505.18,True,ESAKE country,False,https://www.esake.gr/el/action/EsakeStats?mode=2&idchampionship=38100B0B&idseason=00000001,00000005,00000005,ΑΡΗΣ,3,26,False
2015-16,6437DA66,ΜΠΑΖΙΝΑΣ Περικλής,ΕΛΛΑΔΑ,1,3.82,3.82,True,ESAKE country,False,https://www.esake.gr/el/action/EsakeStats?mode=2&idchampionship=38100B0B&idseason=00000001,00000004,00000004,ΑΠΟΛΛΩΝ Π. CARNA,10,26,True
2015-16,B1D38841,ΜΠΑΚΑΣ Γιώργος,ΕΛΛΑΔΑ,2,3.06,6.12,True,ESAKE country,False,https://www.esake.gr/el/action/EsakeStats?mode=2&idchampionship=38100B0B&idseason=00000001,F7D46144,37076412,ΛΑΥΡΙΟ DHI,11,26,True
2015-16,8C5A2511,ΜΠΑΛΑΜΠΑΝ Ντάρκο,ΣΕΡΒΙΑ,2,12.36,24.72,False,ESAKE country,False,https://www.esake.gr/el/action/EsakeStats?mode=2&idchampionship=38100B0B&idseason=00000001,0000000C,00000012,ΠΑΟΚ,5,26,False
2015-16,0000032B,ΜΠΑΡΛΟΣ Νίκος,ΕΛΛΑΔΑ,26,21.64,562.64,True,ESAKE country,False,https://www.esake.gr/el/action/EsakeStats?mode=2&idchampionship=38100B0B&idseason=00000001,F7D46144,37076412,ΛΑΥΡΙΟ DHI,11,26,True
2015-16,C3F66942,ΜΠΑΤΗΣ Νίκος,ΕΛΛΑΔΑ,6,1.45,8.7,True,ESAKE country,False,https://www.esake.gr/el/action/EsakeStats?mode=2&idchampionship=38100B0B&idseason=00000001,B57FA140,1149926848,ΚΟΡΟΙΒΟΣ,12,26,True
2015-16,00000345,ΜΠΕΜΠΗΣ Βαγγέλης,ΕΛΛΑΔΑ,9,2.58,23.22,True,ESAKE country,False,https://www.esake.gr/el/action/EsakeStats?mode=2&idchampionship=38100B0B&idseason=00000001,F7D46144,37076412,ΛΑΥΡΙΟ DHI,11,26,True
2015-16,ED874474,ΜΠΙΛΛΗΣ Σωτήρης,ΕΛΛΑΔΑ,16,4.45,71.2,True,ESAKE country,False,https://www.esake.gr/el/action/EsakeStats?mode=2&idchampionship=38100B0B&idseason=00000001,0000000A,00000010,ΚΟΛΟΣΣΟΣ H HOTELS COLLECTION,7,26,False
2015-16,A5D37277,ΜΠΙΝΙΑΚΟΥ Δημήτρης,ΕΛΛΑΔΑ,0,0.0,0.0,True,ESAKE country,False,https://www.esake.gr/el/action/EsakeStats?mode=2&idchampionship=38100B0B&idseason=00000001,0000000A,00000010,ΚΟΛΟΣΣΟΣ H HOTELS COLLECTION,7,26,False
2015-16,B1E85842,ΜΠΙΡΟΥΤΑ Γκιλβίντας,ΛΙΘΟΥΑΝΙΑ,5,12.2,61.0,False,ESAKE country,False,https://www.esake.gr/el/action/EsakeStats?mode=2&idchampionship=38100B0B&idseason=00000001,F7D46144,37076412,ΛΑΥΡΙΟ DHI,11,26,True
2015-16,017B3324,ΜΠΟΛΝΤΣ Ντεμάριους,ΗΠΑ,16,26.32,421.12,False,ESAKE country,False,https://www.esake.gr/el/action/EsakeStats?mode=2&idchampionship=38100B0B&idseason=00000001,F7D46144,37076412,ΛΑΥΡΙΟ DHI,11,26,True
2015-16,C8F760C2,ΜΠΟΥΚΕΡ Άσκια,ΗΠΑ,2,25.64,51.28,False,ESAKE country,False,https://www.esake.gr/el/action/EsakeStats?mode=2&idchampionship=38100B0B&idseason=00000001,EDE2CA68,203904152,ΑΡΚΑΔΙΚΟΣ,13,26,True
2015-16,0000037E,ΜΠΟΧΩΡΙΔΗΣ Ελευθέριος,ΕΛΛΑΔΑ,10,10.34,103.4,True,ESAKE country,False,https://www.esake.gr/el/action/EsakeStats?mode=2&idchampionship=38100B0B&idseason=00000001,00000001,00000001,ΠΑΝΑΘΗΝΑΪΚΟΣ AKTOR,2,26,False
2015-16,BE23D0BD,ΜΠΡΑΟΥΝ Μπράντον,ΗΠΑ,14,23.99,335.86,False,ESAKE country,False,https://www.esake.gr/el/action/EsakeStats?mode=2&idchampionship=38100B0B&idseason=00000001,00000014,00000020,ΤΡΙΚΑΛΑ BC ARIES,9,26,True
2015-16,000006CE,ΜΠΡΑΟΥΝ Τζέι Κόβαν,ΗΠΑ,10,21.53,215.3,False,ESAKE country,False,https://www.esake.gr/el/action/EsakeStats?mode=2&idchampionship=38100B0B&idseason=00000001,00000010,00000016,ΑΕΚ,4,26,False
2015-16,1ACC5EBA,ΜΠΡΑΟΥΝ Τοντ,ΗΠΑ,16,27.28,436.48,False,ESAKE country,False,https://www.esake.gr/el/action/EsakeStats?mode=2&idchampionship=38100B0B&idseason=00000001,EDE2CA68,203904152,ΑΡΚΑΔΙΚΟΣ,13,26,True
2015-16,204B14AD,ΜΠΡΙΣΤΟΛ Κέρβιν,ΗΠΑ,2,8.1,16.2,False,ESAKE country,False,https://www.esake.gr/el/action/EsakeStats?mode=2&idchampionship=38100B0B&idseason=00000001,7E7C484C,2022074188,ΚΗΦΙΣΙΑ,6,26,False
2015-16,E79B2944,ΜΩΡΑΪΤΗΣ Δημήτρης,ΕΛΛΑΔΑ,2,4.37,8.74,True,ESAKE country,False,https://www.esake.gr/el/action/EsakeStats?mode=2&idchampionship=38100B0B&idseason=00000001,00000010,00000016,ΑΕΚ,4,26,False
2015-16,2A5D857B,ΝΙΚΟΛΑΚΟΠΟΥΛΟΣ Παναγιώτης,ΕΛΛΑΔΑ,10,7.49,74.9,True,ESAKE country,False,https://www.esake.gr/el/action/EsakeStats?mode=2&idchampionship=38100B0B&idseason=00000001,F7D46144,37076412,ΛΑΥΡΙΟ DHI,11,26,True
2015-16,0000071D,ΝΙΚΟΛΟΠΟΥΛΟΣ Ντίνος,ΕΛΛΑΔΑ,9,2.76,24.84,True,ESAKE country,False,https://www.esake.gr/el/action/EsakeStats?mode=2&idchampionship=38100B0B&idseason=00000001,00000004,00000004,ΑΠΟΛΛΩΝ Π. CARNA,10,26,True
2015-16,4A939209,ΝΙΞΟΝ Τζαμάλ,ΗΠΑ,21,26.48,556.08,False,ESAKE country,False,https://www.esake.gr/el/action/EsakeStats?mode=2&idchampionship=38100B0B&idseason=00000001,F7D46144,37076412,ΛΑΥΡΙΟ DHI,11,26,True
2015-16,521CDF13,ΝΙΦΟΡΑΣ Βασίλης,ΕΛΛΑΔΑ,1,18.08,18.08,True,ESAKE country,False,https://www.esake.gr/el/action/EsakeStats?mode=2&idchampionship=38100B0B&idseason=00000001,00000004,00000004,ΑΠΟΛΛΩΝ Π. CARNA,10,26,True
2015-16,8AE485CF,ΝΟΟΥΤΙΝΕΝ Μάτι,ΦΙΝΛΑΝΔΟΣ,25,25.66,641.5,False,ESAKE country,False,https://www.esake.gr/el/action/EsakeStats?mode=2&idchampionship=38100B0B&idseason=00000001,EDE2CA68,203904152,ΑΡΚΑΔΙΚΟΣ,13,26,True
2015-16,D6E9F1DA,ΝΤΑΝΚΑΝ Ντάρεν,ΗΠΑ,7,22.42,156.94,False,ESAKE country,False,https://www.esake.gr/el/action/EsakeStats?mode=2&idchampionship=38100B0B&idseason=00000001,00000004,00000004,ΑΠΟΛΛΩΝ Π. CARNA,10,26,True
2015-16,A8638935,ΝΤΑΟΥΕΛ Ριτζέρ,ΗΠΑ,12,22.09,265.08,False,ESAKE country,False,https://www.esake.gr/el/action/EsakeStats?mode=2&idchampionship=38100B0B&idseason=00000001,00000014,00000020,ΤΡΙΚΑΛΑ BC ARIES,9,26,True
2015-16,9492F3D0,ΝΤΕΪΒΙΣ Ντουέιν,ΗΠΑ,20,30.93,618.6,False,ESAKE country,False,https://www.esake.gr/el/action/EsakeStats?mode=2&idchampionship=38100B0B&idseason=00000001,B57FA140,1149926848,ΚΟΡΟΙΒΟΣ,12,26,True
2015-16,A7026FE9,ΝΤΕΪΒΙΣ Ουίλ,ΗΠΑ,26,18.09,470.34,False,ESAKE country,False,https://www.esake.gr/el/action/EsakeStats?mode=2&idchampionship=38100B0B&idseason=00000001,0000000A,00000010,ΚΟΛΟΣΣΟΣ H HOTELS COLLECTION,7,26,False
2015-16,000003D1,ΝΤΕΛΙΝΙΚΑΪΤΙΣ Τόμας,ΛΙΘΟΥΑΝΙΑ,13,23.97,311.61,False,ESAKE country,False,https://www.esake.gr/el/action/EsakeStats?mode=2&idchampionship=38100B0B&idseason=00000001,0000000E,00000014,ΡΕΘΥΜΝΟ CRETAN KINGS,8,26,True
2015-16,EC9EB896,ΝΤΙΛΑΡΝΤ Κέβιν,ΗΠΑ,11,29.08,319.88,False,ESAKE country,False,https://www.esake.gr/el/action/EsakeStats?mode=2&idchampionship=38100B0B&idseason=00000001,00000004,00000004,ΑΠΟΛΛΩΝ Π. CARNA,10,26,True
2015-16,000003F0,ΝΤΟΥΒΝΙΑΚ Ούρος,ΣΕΡΒΙΑ,26,20.14,523.64,False,ESAKE country,False,https://www.esake.gr/el/action/EsakeStats?mode=2&idchampionship=38100B0B&idseason=00000001,0000000C,00000012,ΠΑΟΚ,5,26,False
2015-16,000003F5,ΞΑΝΘΟΠΟΥΛΟΣ Βασίλης,ΕΛΛΑΔΑ,25,16.68,417.0,True,ESAKE country,False,https://www.esake.gr/el/action/EsakeStats?mode=2&idchampionship=38100B0B&idseason=00000001,00000005,00000005,ΑΡΗΣ,3,26,False
2015-16,6CE7C23C,ΟΙΚΟΝΟΜΟΠΟΥΛΟΣ Κωνσταντίνος,ΕΛΛΑΔΑ,10,4.48,44.8,True,ESAKE country,False,https://www.esake.gr/el/action/EsakeStats?mode=2&idchampionship=38100B0B&idseason=00000001,0000000A,00000010,ΚΟΛΟΣΣΟΣ H HOTELS COLLECTION,7,26,False
2015-16,CBB1C9AF,ΟΝΤΟΜ Ντάριους,ΗΠΑ,14,14.75,206.5,False,ESAKE country,False,https://www.esake.gr/el/action/EsakeStats?mode=2&idchampionship=38100B0B&idseason=00000001,00000002,00000002,ΟΛΥΜΠΙΑΚΟΣ,1,26,False
2015-16,68F03044,ΟΥΑΪΤ Οκάρο,ΗΠΑ,26,25.03,650.78,False,ESAKE country,False,https://www.esake.gr/el/action/EsakeStats?mode=2&idchampionship=38100B0B&idseason=00000001,00000005,00000005,ΑΡΗΣ,3,26,False
2015-16,EEE8C44A,ΟΥΕΜΠΣΤΕΡ Κόρεϊ,ΗΠΑ,3,30.79,92.37,False,ESAKE country,False,https://www.esake.gr/el/action/EsakeStats?mode=2&idchampionship=38100B0B&idseason=00000001,B57FA140,1149926848,ΚΟΡΟΙΒΟΣ,12,26,True
2015-16,2F8F2425,ΟΥΙΛΙΑΜΣ Έλιοτ,ΗΠΑ,6,24.5,147.0,False,ESAKE country,False,https://www.esake.gr/el/action/EsakeStats?mode=2&idchampionship=38100B0B&idseason=00000001,00000001,00000001,ΠΑΝΑΘΗΝΑΪΚΟΣ AKTOR,2,26,False
2015-16,1C59FDBC,ΟΥΙΛΙΑΜΣ Λιόν,ΗΠΑ,13,27.61,358.93,False,ESAKE country,False,https://www.esake.gr/el/action/EsakeStats?mode=2&idchampionship=38100B0B&idseason=00000001,00000008,00000008,ΚΑΒΑΛΑ,14,26,True
2015-16,5D577741,ΟΥΟΡΕΝ Κρις,ΗΠΑ,7,25.48,178.36,False,ESAKE country,False,https://www.esake.gr/el/action/EsakeStats?mode=2&idchampionship=38100B0B&idseason=00000001,00000010,00000016,ΑΕΚ,4,26,False
2015-16,E358C62B,ΟΥΟΡΙΚ Χακίμ,ΗΠΑ,5,15.52,77.6,False,ESAKE country,False,https://www.esake.gr/el/action/EsakeStats?mode=2&idchampionship=38100B0B&idseason=00000001,00000002,00000002,ΟΛΥΜΠΙΑΚΟΣ,1,26,False
2015-16,93E24ABF,ΟΥΟΤΕΡΣ Ντομινίκ,ΗΠΑ,26,25.48,662.48,False,ESAKE country,False,https://www.esake.gr/el/action/EsakeStats?mode=2&idchampionship=38100B0B&idseason=00000001,00000005,00000005,ΑΡΗΣ,3,26,False
2015-16,0FAC2473,ΠΑΒΛΟΒΙΤΣ Αλεξάντερ,ΜΑΥΡΟΒΟΥΝΙΟ,15,18.29,274.35,False,ESAKE country,False,https://www.esake.gr/el/action/EsakeStats?mode=2&idchampionship=38100B0B&idseason=00000001,00000001,00000001,ΠΑΝΑΘΗΝΑΪΚΟΣ AKTOR,2,26,False
2015-16,87256D60,ΠΑΛΜΠΛΑΝΤ Μάρτιν,ΣΟΥΗΔΙΑ,26,26.21,681.46,False,ESAKE country,False,https://www.esake.gr/el/action/EsakeStats?mode=2&idchampionship=38100B0B&idseason=00000001,00000004,00000004,ΑΠΟΛΛΩΝ Π. CARNA,10,26,True
2015-16,7F5ED9B9,ΠΑΝΑΡΕΤΑΚΗΣ Γιάννης,ΕΛΛΑΔΑ,7,3.39,23.73,True,ESAKE country,False,https://www.esake.gr/el/action/EsakeStats?mode=2&idchampionship=38100B0B&idseason=00000001,0000000E,00000014,ΡΕΘΥΜΝΟ CRETAN KINGS,8,26,True
2015-16,00000451,ΠΑΠΑΓΙΑΝΝΗΣ Γιώργος,ΕΛΛΑΔΑ,21,11.41,239.61,True,ESAKE country,False,https://www.esake.gr/el/action/EsakeStats?mode=2&idchampionship=38100B0B&idseason=00000001,00000001,00000001,ΠΑΝΑΘΗΝΑΪΚΟΣ AKTOR,2,26,False
2015-16,41010DDA,ΠΑΠΑΔΑΚΗΣ Κώστας,ΕΛΛΑΔΑ,3,1.63,4.89,True,ESAKE country,False,https://www.esake.gr/el/action/EsakeStats?mode=2&idchampionship=38100B0B&idseason=00000001,00000001,00000001,ΠΑΝΑΘΗΝΑΪΚΟΣ AKTOR,2,26,False
2015-16,00000468,ΠΑΠΑΝΙΚΟΛΑΟΥ Κώστας,ΕΛΛΑΔΑ,10,21.12,211.2,True,ESAKE country,False,https://www.esake.gr/el/action/EsakeStats?mode=2&idchampionship=38100B0B&idseason=00000001,00000002,00000002,ΟΛΥΜΠΙΑΚΟΣ,1,26,False
2015-16,0000046F,ΠΑΠΑΝΤΩΝΙΟΥ Νώντας,ΕΛΛΑΔΑ,23,11.48,264.04,True,ESAKE country,False,https://www.esake.gr/el/action/EsakeStats?mode=2&idchampionship=38100B0B&idseason=00000001,00000010,00000016,ΑΕΚ,4,26,False
2015-16,8E3AD877,ΠΑΠΑΠΕΤΡΟΥ Ιωάννης,ΕΛΛΑΔΑ,25,21.4,535.0,True,ESAKE country,False,https://www.esake.gr/el/action/EsakeStats?mode=2&idchampionship=38100B0B&idseason=00000001,00000002,00000002,ΟΛΥΜΠΙΑΚΟΣ,1,26,False
2015-16,0000047A,ΠΑΠΠΑΣ Νίκος,ΕΛΛΑΔΑ,8,14.02,112.16,True,ESAKE country,False,https://www.esake.gr/el/action/EsakeStats?mode=2&idchampionship=38100B0B&idseason=00000001,00000001,00000001,ΠΑΝΑΘΗΝΑΪΚΟΣ AKTOR,2,26,False
2015-16,21B3AA00,ΠΑΤΑΤΑΣ Γιάννης,ΕΛΛΑΔΑ,2,4.97,9.94,True,ESAKE country,False,https://www.esake.gr/el/action/EsakeStats?mode=2&idchampionship=38100B0B&idseason=00000001,0000000E,00000014,ΡΕΘΥΜΝΟ CRETAN KINGS,8,26,True
2015-16,00000496,ΠΕΛΕΚΑΝΟΣ Μιχάλης,ΕΛΛΑΔΑ,26,17.22,447.72,True,ESAKE country,False,https://www.esake.gr/el/action/EsakeStats?mode=2&idchampionship=38100B0B&idseason=00000001,00000005,00000005,ΑΡΗΣ,3,26,False
2015-16,0000070F,ΠΕΛΕΚΟΥΔΑΣ Ανδρέας,ΕΛΛΑΔΑ,9,5.42,48.78,True,ESAKE country,False,https://www.esake.gr/el/action/EsakeStats?mode=2&idchampionship=38100B0B&idseason=00000001,00000004,00000004,ΑΠΟΛΛΩΝ Π. CARNA,10,26,True
2015-16,BDFC6AD2,ΠΕΡΙ Πέτι,ΗΠΑ,7,16.71,116.97,False,ESAKE country,False,https://www.esake.gr/el/action/EsakeStats?mode=2&idchampionship=38100B0B&idseason=00000001,00000004,00000004,ΑΠΟΛΛΩΝ Π. CARNA,10,26,True
2015-16,000004A0,ΠΕΡΡΑΚΗΣ Μιχάλης,ΕΛΛΑΔΑ,26,14.24,370.24,True,ESAKE country,False,https://www.esake.gr/el/action/EsakeStats?mode=2&idchampionship=38100B0B&idseason=00000001,F7D46144,37076412,ΛΑΥΡΙΟ DHI,11,26,True
2015-16,15C8BCA3,ΠΟΠΟΒΙΤΣ Πέταρ,ΜΑΥΡΟΒΟΥΝΙΟ,20,9.3,186.0,False,ESAKE country,False,https://www.esake.gr/el/action/EsakeStats?mode=2&idchampionship=38100B0B&idseason=00000001,7E7C484C,2022074188,ΚΗΦΙΣΙΑ,6,26,False
2015-16,F42B3D2C,ΠΟΥΛΙΑΝΙΤΗΣ Στέλιος,ΕΛΛΑΔΑ,24,9.95,238.8,True,ESAKE country,False,https://www.esake.gr/el/action/EsakeStats?mode=2&idchampionship=38100B0B&idseason=00000001,B57FA140,1149926848,ΚΟΡΟΙΒΟΣ,12,26,True
2015-16,000004C7,ΠΡΙΝΤΕΖΗΣ Γιώργος,ΕΛΛΑΔΑ,19,20.08,381.52,True,ESAKE country,False,https://www.esake.gr/el/action/EsakeStats?mode=2&idchampionship=38100B0B&idseason=00000001,00000002,00000002,ΟΛΥΜΠΙΑΚΟΣ,1,26,False
2015-16,201D9D5C,ΡΑΝΤΟΥΛΙΤΣΑ Μίροσλαβ,ΣΕΡΒΙΑ,26,16.13,419.38,False,ESAKE country,False,https://www.esake.gr/el/action/EsakeStats?mode=2&idchampionship=38100B0B&idseason=00000001,00000001,00000001,ΠΑΝΑΘΗΝΑΪΚΟΣ AKTOR,2,26,False
2015-16,9878B57C,ΡΕΛΕΦΟΡΝΤ Τρέβορ,ΗΠΑ,26,28.02,728.52,False,ESAKE country,False,https://www.esake.gr/el/action/EsakeStats?mode=2&idchampionship=38100B0B&idseason=00000001,0000000A,00000010,ΚΟΛΟΣΣΟΣ H HOTELS COLLECTION,7,26,False
2015-16,E46E301F,ΡΕΛΦΟΡΝΤ Μάρκους,ΗΠΑ,9,23.73,213.57,False,ESAKE country,False,https://www.esake.gr/el/action/EsakeStats?mode=2&idchampionship=38100B0B&idseason=00000001,0000000E,00000014,ΡΕΘΥΜΝΟ CRETAN KINGS,8,26,True
2015-16,29BD7DAF,ΡΟΜΠΙΝΣΟΝ Ράσελ,ΗΠΑ,9,25.86,232.74,False,ESAKE country,False,https://www.esake.gr/el/action/EsakeStats?mode=2&idchampionship=38100B0B&idseason=00000001,00000008,00000008,ΚΑΒΑΛΑ,14,26,True
2015-16,B9EC6BBD,ΡΟΜΠΙΝΣΟΝ Τζάστιν,Μ. ΒΡΕΤΑΝΙΑ,24,27.14,651.36,False,ESAKE country,False,https://www.esake.gr/el/action/EsakeStats?mode=2&idchampionship=38100B0B&idseason=00000001,00000014,00000020,ΤΡΙΚΑΛΑ BC ARIES,9,26,True
2015-16,9892ECAB,ΣΑΚΕΛΛΑΡΙΟΥ Βαγγέλης,ΕΛΛΑΔΑ,25,17.28,432.0,True,ESAKE country,False,https://www.esake.gr/el/action/EsakeStats?mode=2&idchampionship=38100B0B&idseason=00000001,F7D46144,37076412,ΛΑΥΡΙΟ DHI,11,26,True
2015-16,00000514,ΣΑΚΟΤΑ Ντούσαν,ΕΛΛΑΔΑ,24,18.69,448.56,True,ESAKE country,False,https://www.esake.gr/el/action/EsakeStats?mode=2&idchampionship=38100B0B&idseason=00000001,00000010,00000016,ΑΕΚ,4,26,False
2015-16,D4498240,ΣΑΛΟΥΣΤΡΟΣ Χρήστος,ΕΛΛΑΔΑ,19,23.02,437.38,True,ESAKE country,False,https://www.esake.gr/el/action/EsakeStats?mode=2&idchampionship=38100B0B&idseason=00000001,0000000A,00000010,ΚΟΛΟΣΣΟΣ H HOTELS COLLECTION,7,26,False
2015-16,35547DAC,ΣΑΝΤΕ Ντάρις,ΗΠΑ,3,8.09,24.27,False,ESAKE country,False,https://www.esake.gr/el/action/EsakeStats?mode=2&idchampionship=38100B0B&idseason=00000001,EDE2CA68,203904152,ΑΡΚΑΔΙΚΟΣ,13,26,True
2015-16,CC294C19,ΣΑΝΤΛΕΡ Ντέβον,ΗΠΑ,19,29.34,557.46,False,ESAKE country,False,https://www.esake.gr/el/action/EsakeStats?mode=2&idchampionship=38100B0B&idseason=00000001,00000004,00000004,ΑΠΟΛΛΩΝ Π. CARNA,10,26,True
2015-16,00000522,ΣΑΡΙΚΟΠΟΥΛΟΣ Ζήσης,ΕΛΛΑΔΑ,15,8.84,132.6,True,ESAKE country,False,https://www.esake.gr/el/action/EsakeStats?mode=2&idchampionship=38100B0B&idseason=00000001,00000010,00000016,ΑΕΚ,4,26,False
2015-16,63B33E98,ΣΑΦΤΕΝΑΑΡ Ρόλαντ,ΟΛΛΑΝΔΙΑ,24,23.05,553.2,False,ESAKE country,False,https://www.esake.gr/el/action/EsakeStats?mode=2&idchampionship=38100B0B&idseason=00000001,0000000E,00000014,ΡΕΘΥΜΝΟ CRETAN KINGS,8,26,True
2015-16,0000059C,ΣΙΜΤΣΑΚ Βασίλης,ΕΛΛΑΔΑ,26,13.76,357.76,True,ESAKE country,False,https://www.esake.gr/el/action/EsakeStats?mode=2&idchampionship=38100B0B&idseason=00000001,00000005,00000005,ΑΡΗΣ,3,26,False
2015-16,E7053118,ΣΙΝΗΣ Γιάννης,ΕΛΛΑΔΑ,0,0.0,0.0,True,ESAKE country,False,https://www.esake.gr/el/action/EsakeStats?mode=2&idchampionship=38100B0B&idseason=00000001,00000008,00000008,ΚΑΒΑΛΑ,14,26,True
2015-16,2E3A4C1C,ΣΙΟΛΟΓΚΑΣ Δημήτρης,ΕΛΛΑΔΑ,0,0.0,0.0,True,ESAKE country,False,https://www.esake.gr/el/action/EsakeStats?mode=2&idchampionship=38100B0B&idseason=00000001,00000014,00000020,ΤΡΙΚΑΛΑ BC ARIES,9,26,True
2015-16,D9BE767A,ΣΚΡΑΜΠ Φίλιπ,ΙΡΛΑΝΔΙΑ,5,13.19,65.95,False,ESAKE country,False,https://www.esake.gr/el/action/EsakeStats?mode=2&idchampionship=38100B0B&idseason=00000001,00000010,00000016,ΑΕΚ,4,26,False
2015-16,000006F2,ΣΛΑΦΤΣΑΚΗΣ Διαμαντής,ΕΛΛΑΔΑ,25,17.72,443.0,True,ESAKE country,False,https://www.esake.gr/el/action/EsakeStats?mode=2&idchampionship=38100B0B&idseason=00000001,B57FA140,1149926848,ΚΟΡΟΙΒΟΣ,12,26,True
2015-16,19B8F312,ΣΜΙΘ Ρόσκο,ΗΠΑ,20,16.95,339.0,False,ESAKE country,False,https://www.esake.gr/el/action/EsakeStats?mode=2&idchampionship=38100B0B&idseason=00000001,7E7C484C,2022074188,ΚΗΦΙΣΙΑ,6,26,False
2015-16,2E77706B,ΣΟΚΟ Όβι,Μ. ΒΡΕΤΑΝΙΑ,19,28.93,549.67,False,ESAKE country,False,https://www.esake.gr/el/action/EsakeStats?mode=2&idchampionship=38100B0B&idseason=00000001,00000014,00000020,ΤΡΙΚΑΛΑ BC ARIES,9,26,True
2015-16,00000577,ΣΠΑΝΟΥΛΗΣ Βασίλης,ΕΛΛΑΔΑ,21,24.33,510.93,True,ESAKE country,False,https://www.esake.gr/el/action/EsakeStats?mode=2&idchampionship=38100B0B&idseason=00000001,00000002,00000002,ΟΛΥΜΠΙΑΚΟΣ,1,26,False
2015-16,000006E2,ΣΠΥΡΙΔΟΝΙΔΗΣ Αλέξης,ΕΛΛΑΔΑ,7,2.41,16.87,True,ESAKE country,False,https://www.esake.gr/el/action/EsakeStats?mode=2&idchampionship=38100B0B&idseason=00000001,7E7C484C,2022074188,ΚΗΦΙΣΙΑ,6,26,False
2015-16,98CA314B,ΣΤΑΜΑΤΗΣ Δημήτρης,ΕΛΛΑΔΑ,15,9.33,139.95,True,ESAKE country,False,https://www.esake.gr/el/action/EsakeStats?mode=2&idchampionship=38100B0B&idseason=00000001,7E7C484C,2022074188,ΚΗΦΙΣΙΑ,6,26,False
2015-16,CF4C8014,ΣΤΑΜΑΤΟΠΟΥΛΟΣ Βαγγέλης,ΕΛΛΑΔΑ,3,0.77,2.31,True,ESAKE country,False,https://www.esake.gr/el/action/EsakeStats?mode=2&idchampionship=38100B0B&idseason=00000001,EDE2CA68,203904152,ΑΡΚΑΔΙΚΟΣ,13,26,True
2015-16,3A21EECE,ΣΤΑΜΠΟΥΛΗΣ Ιωάννης,ΕΛΛΑΔΑ,21,9.76,204.96,True,ESAKE country,False,https://www.esake.gr/el/action/EsakeStats?mode=2&idchampionship=38100B0B&idseason=00000001,00000008,00000008,ΚΑΒΑΛΑ,14,26,True
2015-16,380B494A,ΣΤΑΝΚΟΒΙΤΣ Δημήτρης,ΕΛΛΑΔΑ,0,0.0,0.0,True,ESAKE country,False,https://www.esake.gr/el/action/EsakeStats?mode=2&idchampionship=38100B0B&idseason=00000001,00000004,00000004,ΑΠΟΛΛΩΝ Π. CARNA,10,26,True
2015-16,00000589,ΣΤΕΦΑΝΙΔΗΣ Χριστόφορος,ΕΛΛΑΔΑ,26,24.7,642.2,True,ESAKE country,False,https://www.esake.gr/el/action/EsakeStats?mode=2&idchampionship=38100B0B&idseason=00000001,EDE2CA68,203904152,ΑΡΚΑΔΙΚΟΣ,13,26,True
2015-16,0000058F,ΣΤΙΓΚΕΡΣ Ντάντε,ΛΕΥΚΟΡΩΣΙΑ,24,21.08,505.92,False,ESAKE country,False,https://www.esake.gr/el/action/EsakeStats?mode=2&idchampionship=38100B0B&idseason=00000001,7E7C484C,2022074188,ΚΗΦΙΣΙΑ,6,26,False
2015-16,5DD3C4BD,ΣΤΙΓΚΕΡΣ Τζερόντ,ΗΠΑ,8,22.75,182.0,False,ESAKE country,False,https://www.esake.gr/el/action/EsakeStats?mode=2&idchampionship=38100B0B&idseason=00000001,7E7C484C,2022074188,ΚΗΦΙΣΙΑ,6,26,False
2015-16,4F271CDA,ΣΤΟΟΥΝ Τάιλερ,ΗΠΑ,23,29.42,676.66,False,ESAKE country,False,https://www.esake.gr/el/action/EsakeStats?mode=2&idchampionship=38100B0B&idseason=00000001,0000000E,00000014,ΡΕΘΥΜΝΟ CRETAN KINGS,8,26,True
2015-16,9FC117DC,ΣΤΡΟΜΠΕΡΙ Ντι Τζέι,ΗΠΑ,26,21.72,564.72,False,ESAKE country,False,https://www.esake.gr/el/action/EsakeStats?mode=2&idchampionship=38100B0B&idseason=00000001,00000002,00000002,ΟΛΥΜΠΙΑΚΟΣ,1,26,False
2015-16,D40E932C,ΣΥΝΕΤΟΣ Αριστείδης,ΕΛΛΑΔΑ,8,1.5,12.0,True,ESAKE country,False,https://www.esake.gr/el/action/EsakeStats?mode=2&idchampionship=38100B0B&idseason=00000001,B57FA140,1149926848,ΚΟΡΟΙΒΟΣ,12,26,True
2015-16,BCB78E4A,ΣΧΙΖΑΣ Σταύρος,ΕΛΛΑΔΑ,26,15.87,412.62,True,ESAKE country,False,https://www.esake.gr/el/action/EsakeStats?mode=2&idchampionship=38100B0B&idseason=00000001,0000000E,00000014,ΡΕΘΥΜΝΟ CRETAN KINGS,8,26,True
2015-16,0000059F,ΣΧΟΡΤΣΑΝΙΤΗΣ Σοφοκλής,ΕΛΛΑΔΑ,13,22.76,295.88,True,ESAKE country,False,https://www.esake.gr/el/action/EsakeStats?mode=2&idchampionship=38100B0B&idseason=00000001,0000000C,00000012,ΠΑΟΚ,5,26,False
2015-16,000005A7,ΤΑΠΟΥΤΟΣ Χρήστος,ΕΛΛΑΔΑ,17,25.43,432.31,True,ESAKE country,False,https://www.esake.gr/el/action/EsakeStats?mode=2&idchampionship=38100B0B&idseason=00000001,00000008,00000008,ΚΑΒΑΛΑ,14,26,True
2015-16,58C0B07C,ΤΑΤΑΡΗΣ Διονύσης,ΕΛΛΑΔΑ,1,1.07,1.07,True,ESAKE country,False,https://www.esake.gr/el/action/EsakeStats?mode=2&idchampionship=38100B0B&idseason=00000001,00000004,00000004,ΑΠΟΛΛΩΝ Π. CARNA,10,26,True
2015-16,000005B4,ΤΕΠΙΤΣ Μιλένκο,ΣΕΡΒΙΑ,26,25.97,675.22,False,ESAKE country,False,https://www.esake.gr/el/action/EsakeStats?mode=2&idchampionship=38100B0B&idseason=00000001,0000000C,00000012,ΠΑΟΚ,5,26,False
2015-16,C7DAF12D,ΤΖΑΓΚΑΡΑΚΗΣ Δημήτρης,ΕΛΛΑΔΑ,1,2.5,2.5,True,ESAKE country,False,https://www.esake.gr/el/action/EsakeStats?mode=2&idchampionship=38100B0B&idseason=00000001,0000000E,00000014,ΡΕΘΥΜΝΟ CRETAN KINGS,8,26,True
2015-16,707E8EB8,ΤΖΑΟΥΑΡΑ Κάραμο,ΝΟΡΒΗΓΙΑ,17,16.74,284.58,False,ESAKE country,False,https://www.esake.gr/el/action/EsakeStats?mode=2&idchampionship=38100B0B&idseason=00000001,00000004,00000004,ΑΠΟΛΛΩΝ Π. CARNA,10,26,True
2015-16,0355D21E,ΤΖΕΪΜΣ Σον,ΗΠΑ,5,7.37,36.85,False,ESAKE country,False,https://www.esake.gr/el/action/EsakeStats?mode=2&idchampionship=38100B0B&idseason=00000001,00000002,00000002,ΟΛΥΜΠΙΑΚΟΣ,1,26,False
2015-16,DF1E9715,ΤΖΟΟΥΝΣ Κάμερον,ΗΠΑ,10,26.12,261.2,False,ESAKE country,False,https://www.esake.gr/el/action/EsakeStats?mode=2&idchampionship=38100B0B&idseason=00000001,EDE2CA68,203904152,ΑΡΚΑΔΙΚΟΣ,13,26,True
2015-16,A0DCA60B,ΤΖΟΟΥΝΣ Πόλ,ΗΠΑ,9,23.91,215.19,False,ESAKE country,False,https://www.esake.gr/el/action/EsakeStats?mode=2&idchampionship=38100B0B&idseason=00000001,00000014,00000020,ΤΡΙΚΑΛΑ BC ARIES,9,26,True
2015-16,32E814D9,ΤΖΟΟΥΝΣ Ρομπ,ΗΠΑ,8,24.65,197.2,False,ESAKE country,False,https://www.esake.gr/el/action/EsakeStats?mode=2&idchampionship=38100B0B&idseason=00000001,00000008,00000008,ΚΑΒΑΛΑ,14,26,True
2015-16,D229302F,ΤΖΟΟΥΝΣ Τραβέλ,ΗΠΑ,9,11.55,103.95,False,ESAKE country,False,https://www.esake.gr/el/action/EsakeStats?mode=2&idchampionship=38100B0B&idseason=00000001,EDE2CA68,203904152,ΑΡΚΑΔΙΚΟΣ,13,26,True
2015-16,FFDF7370,ΤΖΟΥΓΚΑΡΑΚΗΣ Σάββας,ΕΛΛΑΔΑ,16,7.02,112.32,True,ESAKE country,False,https://www.esake.gr/el/action/EsakeStats?mode=2&idchampionship=38100B0B&idseason=00000001,EDE2CA68,203904152,ΑΡΚΑΔΙΚΟΣ,13,26,True
2015-16,5050CE8C,ΤΙΓΚ Τζάστιν,ΗΠΑ,14,20.11,281.54,False,ESAKE country,False,https://www.esake.gr/el/action/EsakeStats?mode=2&idchampionship=38100B0B&idseason=00000001,00000014,00000020,ΤΡΙΚΑΛΑ BC ARIES,9,26,True
2015-16,D8361DB3,ΤΟΛΙΟΠΟΥΛΟΣ Βασίλης,ΕΛΛΑΔΑ,6,5.01,30.06,True,ESAKE country,False,https://www.esake.gr/el/action/EsakeStats?mode=2&idchampionship=38100B0B&idseason=00000001,00000002,00000002,ΟΛΥΜΠΙΑΚΟΣ,1,26,False
2015-16,A1BC848E,ΤΟΜΑΣ Βαν Ντερ Μαρς,ΟΛΛΑΝΔΙΑ,14,14.68,205.52,False,ESAKE country,False,https://www.esake.gr/el/action/EsakeStats?mode=2&idchampionship=38100B0B&idseason=00000001,00000008,00000008,ΚΑΒΑΛΑ,14,26,True
2015-16,FC47E67A,ΤΟΜΑΣ Ρόμπερτ,ΗΠΑ,1,22.72,22.72,False,ESAKE country,False,https://www.esake.gr/el/action/EsakeStats?mode=2&idchampionship=38100B0B&idseason=00000001,00000008,00000008,ΚΑΒΑΛΑ,14,26,True
2015-16,497AAF49,ΤΡΟΤΤΕΡ Όμπι,ΟΥΓΓΑΡΙΑ,22,30.66,674.52,False,ESAKE country,False,https://www.esake.gr/el/action/EsakeStats?mode=2&idchampionship=38100B0B&idseason=00000001,B57FA140,1149926848,ΚΟΡΟΙΒΟΣ,12,26,True
2015-16,0000060F,ΤΣΑΪΡΕΛΗΣ Μιχάλης,ΕΛΛΑΔΑ,13,11.13,144.69,True,ESAKE country,False,https://www.esake.gr/el/action/EsakeStats?mode=2&idchampionship=38100B0B&idseason=00000001,00000002,00000002,ΟΛΥΜΠΙΑΚΟΣ,1,26,False
2015-16,00000611,ΤΣΑΚΑΛΕΡΗΣ Ευθύμης,ΕΛΛΑΔΑ,23,8.29,190.67,True,ESAKE country,False,https://www.esake.gr/el/action/EsakeStats?mode=2&idchampionship=38100B0B&idseason=00000001,0000000E,00000014,ΡΕΘΥΜΝΟ CRETAN KINGS,8,26,True
2015-16,1F2A8343,ΤΣΑΛΜΠΟΥΡΗΣ Γιώργος,ΕΛΛΑΔΑ,0,0.0,0.0,True,ESAKE country,False,https://www.esake.gr/el/action/EsakeStats?mode=2&idchampionship=38100B0B&idseason=00000001,00000010,00000016,ΑΕΚ,4,26,False
2015-16,0000061B,ΤΣΑΠΙΝ Αλεξάνταρ,ΣΛΟΒΕΝΙΑ,8,30.81,246.48,False,ESAKE country,False,https://www.esake.gr/el/action/EsakeStats?mode=2&idchampionship=38100B0B&idseason=00000001,B57FA140,1149926848,ΚΟΡΟΙΒΟΣ,12,26,True
2015-16,205EE5B7,ΤΣΕΛΟΣ Μάριος,ΕΛΛΑΔΑ,1,0.92,0.92,True,ESAKE country,False,https://www.esake.gr/el/action/EsakeStats?mode=2&idchampionship=38100B0B&idseason=00000001,EDE2CA68,203904152,ΑΡΚΑΔΙΚΟΣ,13,26,True
2015-16,00000629,ΤΣΙΑΡΑΣ Γιώργος,ΕΛΛΑΔΑ,25,19.97,499.25,True,ESAKE country,False,https://www.esake.gr/el/action/EsakeStats?mode=2&idchampionship=38100B0B&idseason=00000001,00000014,00000020,ΤΡΙΚΑΛΑ BC ARIES,9,26,True
2015-16,0000062C,ΤΣΙΛΟΥΛΗΣ Θεόδωρος,ΕΛΛΑΔΑ,15,3.57,53.55,True,ESAKE country,False,https://www.esake.gr/el/action/EsakeStats?mode=2&idchampionship=38100B0B&idseason=00000001,00000014,00000020,ΤΡΙΚΑΛΑ BC ARIES,9,26,True
2015-16,6E183637,ΤΣΙΡΟΣ Παναγιώτης,ΕΛΛΑΔΑ,12,4.26,51.12,True,ESAKE country,False,https://www.esake.gr/el/action/EsakeStats?mode=2&idchampionship=38100B0B&idseason=00000001,F7D46144,37076412,ΛΑΥΡΙΟ DHI,11,26,True
2015-16,F6484BAD,ΤΣΟΥΠ Ντέγιαν,ΒΟΣΝΙΑ,5,9.81,49.05,False,ESAKE country,False,https://www.esake.gr/el/action/EsakeStats?mode=2&idchampionship=38100B0B&idseason=00000001,00000004,00000004,ΑΠΟΛΛΩΝ Π. CARNA,10,26,True
2015-16,5F18D278,ΤΣΟΥΠΚΟΒΙΤΣ Σλάβεν,ΣΕΡΒΙΑ,21,7.77,163.17,False,ESAKE country,False,https://www.esake.gr/el/action/EsakeStats?mode=2&idchampionship=38100B0B&idseason=00000001,00000005,00000005,ΑΡΗΣ,3,26,False
2015-16,00000639,ΤΣΟΧΛΑΣ Απόλλων,ΕΛΛΑΔΑ,26,15.82,411.32,True,ESAKE country,False,https://www.esake.gr/el/action/EsakeStats?mode=2&idchampionship=38100B0B&idseason=00000001,0000000C,00000012,ΠΑΟΚ,5,26,False
2015-16,FE20CD83,ΦΕΛΝΤΕΪΝ Τζέιμς,ΗΠΑ,25,25.2,630.0,False,ESAKE country,False,https://www.esake.gr/el/action/EsakeStats?mode=2&idchampionship=38100B0B&idseason=00000001,00000001,00000001,ΠΑΝΑΘΗΝΑΪΚΟΣ AKTOR,2,26,False
2015-16,B2A97905,ΦΛΙΩΝΗΣ Δημήτρης,ΕΛΛΑΔΑ,6,5.39,32.34,True,ESAKE country,False,https://www.esake.gr/el/action/EsakeStats?mode=2&idchampionship=38100B0B&idseason=00000001,00000005,00000005,ΑΡΗΣ,3,26,False
2015-16,E2B5EDA2,ΦΡΕΖΙΕΡ Τσάντ,ΗΠΑ,4,6.49,25.96,False,ESAKE country,False,https://www.esake.gr/el/action/EsakeStats?mode=2&idchampionship=38100B0B&idseason=00000001,7E7C484C,2022074188,ΚΗΦΙΣΙΑ,6,26,False
2015-16,00000666,ΦΩΤΣΗΣ Αντώνης,ΕΛΛΑΔΑ,25,18.31,457.75,True,ESAKE country,False,https://www.esake.gr/el/action/EsakeStats?mode=2&idchampionship=38100B0B&idseason=00000001,00000001,00000001,ΠΑΝΑΘΗΝΑΪΚΟΣ AKTOR,2,26,False
2015-16,6BC652E6,ΧΑΓΚΙΝΣ Τζαμέλ,ΗΠΑ,25,22.51,562.75,False,ESAKE country,False,https://www.esake.gr/el/action/EsakeStats?mode=2&idchampionship=38100B0B&idseason=00000001,00000005,00000005,ΑΡΗΣ,3,26,False
2015-16,330E35A1,ΧΑΚΕΤ Ντάνιελ,ΙΤΑΛΙΑ,23,18.93,435.39,False,ESAKE country,False,https://www.esake.gr/el/action/EsakeStats?mode=2&idchampionship=38100B0B&idseason=00000001,00000002,00000002,ΟΛΥΜΠΙΑΚΟΣ,1,26,False
2015-16,ABD4E7E6,ΧΑΜΙΛΤΟΝ Άσλεϊ,ΜΕΓΑΛΗ ΒΡΕΤΑΝΙΑ,7,19.81,138.67,False,ESAKE country,False,https://www.esake.gr/el/action/EsakeStats?mode=2&idchampionship=38100B0B&idseason=00000001,F7D46144,37076412,ΛΑΥΡΙΟ DHI,11,26,True
2015-16,D62E646B,ΧΑΝΤΕΡ Βινς,ΗΠΑ,5,12.68,63.4,False,ESAKE country,False,https://www.esake.gr/el/action/EsakeStats?mode=2&idchampionship=38100B0B&idseason=00000001,00000001,00000001,ΠΑΝΑΘΗΝΑΪΚΟΣ AKTOR,2,26,False
2015-16,00000678,ΧΑΝΤΕΡ Οθέλο,ΗΠΑ,22,17.6,387.2,False,ESAKE country,False,https://www.esake.gr/el/action/EsakeStats?mode=2&idchampionship=38100B0B&idseason=00000001,00000002,00000002,ΟΛΥΜΠΙΑΚΟΣ,1,26,False
2015-16,0000067C,ΧΑΡΑΛΑΜΠΙΔΗΣ Κώστας,ΕΛΛΑΔΑ,0,0.0,0.0,True,ESAKE country,False,https://www.esake.gr/el/action/EsakeStats?mode=2&idchampionship=38100B0B&idseason=00000001,0000000C,00000012,ΠΑΟΚ,5,26,False
2015-16,00000729,ΧΑΡΑΛΑΜΠΟΠΟΥΛΟΣ Βασίλης,ΕΛΛΑΔΑ,17,13.43,228.31,True,ESAKE country,False,https://www.esake.gr/el/action/EsakeStats?mode=2&idchampionship=38100B0B&idseason=00000001,00000001,00000001,ΠΑΝΑΘΗΝΑΪΚΟΣ AKTOR,2,26,False
2015-16,C05BB9EC,ΧΑΡΙΣ Ντάρελ,ΗΠΑ,22,25.02,550.44,False,ESAKE country,False,https://www.esake.gr/el/action/EsakeStats?mode=2&idchampionship=38100B0B&idseason=00000001,B57FA140,1149926848,ΚΟΡΟΙΒΟΣ,12,26,True
2015-16,00000685,ΧΑΡΙΤΟΠΟΥΛΟΣ Δημήτρης,ΕΛΛΑΔΑ,23,23.05,530.15,True,ESAKE country,False,https://www.esake.gr/el/action/EsakeStats?mode=2&idchampionship=38100B0B&idseason=00000001,B57FA140,1149926848,ΚΟΡΟΙΒΟΣ,12,26,True
2015-16,00000132,ΧΑΡΝΤΙΝΓΚ Νάνα,ΚΑΜΕΡΟΥΝ,15,15.08,226.2,False,ESAKE country,False,https://www.esake.gr/el/action/EsakeStats?mode=2&idchampionship=38100B0B&idseason=00000001,B57FA140,1149926848,ΚΟΡΟΙΒΟΣ,12,26,True
2015-16,41CC56A5,ΧΑΡΟΟΥ Ράιαν,ΗΠΑ,23,27.12,623.76,False,ESAKE country,False,https://www.esake.gr/el/action/EsakeStats?mode=2&idchampionship=38100B0B&idseason=00000001,0000000E,00000014,ΡΕΘΥΜΝΟ CRETAN KINGS,8,26,True
2015-16,1B250824,ΧΑΤΖΗΝΙΚΟΛΑΣ Γιάννης,ΕΛΛΑΔΑ,11,6.41,70.51,True,ESAKE country,False,https://www.esake.gr/el/action/EsakeStats?mode=2&idchampionship=38100B0B&idseason=00000001,7E7C484C,2022074188,ΚΗΦΙΣΙΑ,6,26,False
2015-16,000006FC,ΧΑΤΣΕΡ Γουίλιαμ,ΗΠΑ,25,27.19,679.75,False,ESAKE country,False,https://www.esake.gr/el/action/EsakeStats?mode=2&idchampionship=38100B0B&idseason=00000001,0000000C,00000012,ΠΑΟΚ,5,26,False
2015-16,E169A208,ΧΕΪΝΣ Μαρκίζ,ΓΕΩΡΓΙΑ,8,19.59,156.72,False,ESAKE country,False,https://www.esake.gr/el/action/EsakeStats?mode=2&idchampionship=38100B0B&idseason=00000001,00000001,00000001,ΠΑΝΑΘΗΝΑΪΚΟΣ AKTOR,2,26,False
2015-16,73759CB4,ΧΕΡΣΤΟΝ Μαλίκ,ΗΠΑ,22,24.54,539.88,False,ESAKE country,False,https://www.esake.gr/el/action/EsakeStats?mode=2&idchampionship=38100B0B&idseason=00000001,00000010,00000016,ΑΕΚ,4,26,False
2015-16,B278EBA9,ΧΟΓΚ Ντάστιν,ΗΠΑ,26,30.51,793.26,False,ESAKE country,False,https://www.esake.gr/el/action/EsakeStats?mode=2&idchampionship=38100B0B&idseason=00000001,7E7C484C,2022074188,ΚΗΦΙΣΙΑ,6,26,False
2015-16,BBF3312A,ΧΡΙΣΤΟΔΟΥΛΟΥ Ανδρέας,ΕΛΛΑΔΑ,22,12.95,284.9,True,ESAKE country,False,https://www.esake.gr/el/action/EsakeStats?mode=2&idchampionship=38100B0B&idseason=00000001,B57FA140,1149926848,ΚΟΡΟΙΒΟΣ,12,26,True
2015-16,000006BD,ΧΡΥΣΙΚΟΠΟΥΛΟΣ Λίνος,ΕΛΛΑΔΑ,22,10.41,229.02,True,ESAKE country,False,https://www.esake.gr/el/action/EsakeStats?mode=2&idchampionship=38100B0B&idseason=00000001,7E7C484C,2022074188,ΚΗΦΙΣΙΑ,6,26,False
2016-17,00000007,ΑΓΓΕΛΑΚΟΣ Αλέξανδρος,ΕΛΛΑΔΑ,13,3.29,42.77,True,ESAKE country,False,https://www.esake.gr/el/action/EsakeStats?mode=2&idchampionship=44323D2A&idseason=00000001,0000000A,00000010,ΚΟΛΟΣΣΟΣ H HOTELS COLLECTION,7,26,False
2016-17,0000000F,ΑΓΡΑΒΑΝΗΣ Δημήτρης,ΕΛΛΑΔΑ,20,13.24,264.8,True,ESAKE country,False,https://www.esake.gr/el/action/EsakeStats?mode=2&idchampionship=44323D2A&idseason=00000001,00000002,00000002,ΟΛΥΜΠΙΑΚΟΣ,1,26,False
2016-17,531A1F43,ΑΘΑΝΑΣΟΠΟΥΛΟΣ Αντρέας,ΕΛΛΑΔΑ,1,1.23,1.23,True,ESAKE country,False,https://www.esake.gr/el/action/EsakeStats?mode=2&idchampionship=44323D2A&idseason=00000001,B57FA140,1149926848,ΚΟΡΟΙΒΟΣ,11,26,True
2016-17,00000012,ΑΘΑΝΑΣΟΥΛΑΣ Γιάννης,ΕΛΛΑΔΑ,26,19.02,494.52,True,ESAKE country,False,https://www.esake.gr/el/action/EsakeStats?mode=2&idchampionship=44323D2A&idseason=00000001,F7D46144,37076412,ΛΑΥΡΙΟ DHI,8,26,True
2016-17,00000013,ΑΘΗΝΑΙΟΥ Γιάννης,ΕΛΛΑΔΑ,18,13.87,249.66,True,ESAKE country,False,https://www.esake.gr/el/action/EsakeStats?mode=2&idchampionship=44323D2A&idseason=00000001,00000002,00000002,ΟΛΥΜΠΙΑΚΟΣ,1,26,False
2016-17,EDEA5905,ΑΜΠΝΤΟΥΛ ΑΛΙΜ Μούσα,,2,6.2,12.4,False,Manual review of blank country,False,https://www.esake.gr/el/action/EsakeStats?mode=2&idchampionship=44323D2A&idseason=00000001,DD83ED41,478556607,ΚΥΜΗ,12,26,True
2016-17,BA9858A3,ΑΜΠΟΤ Τάι,ΗΠΑ,14,22.66,317.24,False,ESAKE country,False,https://www.esake.gr/el/action/EsakeStats?mode=2&idchampionship=44323D2A&idseason=00000001,3CA10C07,F17187335,ΔΟΞΑ ΛΕΥΚΑΔΑΣ,14,26,True
2016-17,A1634DC3,ΑΝΑΓΝΩΣΤΑΚΗΣ Γιάννης,ΕΛΛΑΔΑ,8,4.06,32.48,True,ESAKE country,False,https://www.esake.gr/el/action/EsakeStats?mode=2&idchampionship=44323D2A&idseason=00000001,F7D46144,37076412,ΛΑΥΡΙΟ DHI,8,26,True
2016-17,F4A1D655,ΑΝΤΕΓΚΠΟΓΙΕ Στέφεν,,11,28.24,310.64,False,Manual review of blank country,False,https://www.esake.gr/el/action/EsakeStats?mode=2&idchampionship=44323D2A&idseason=00000001,DD83ED41,478556607,ΚΥΜΗ,12,26,True
2016-17,00000036,ΑΝΤΕΡΣΟΝ Ρασάντ,,6,15.98,95.88,False,Manual review of blank country,False,https://www.esake.gr/el/action/EsakeStats?mode=2&idchampionship=44323D2A&idseason=00000001,2A25C696,607118742,ΠΡΟΜΗΘΕΑΣ ΠΑΤΡΑΣ ΒΙΚΟΣ COLA,9,26,True
2016-17,D490F295,ΑΠΟΣΤΟΛΙΔΗΣ Απόστολος,ΕΛΛΑΔΑ,13,3.08,40.04,True,ESAKE country,False,https://www.esake.gr/el/action/EsakeStats?mode=2&idchampionship=44323D2A&idseason=00000001,B57FA140,1149926848,ΚΟΡΟΙΒΟΣ,11,26,True
2016-17,8A9C43AD,ΑΡΝΟΛΝΤ Ρόμπερτ,ΗΠΑ,26,29.14,757.64,False,ESAKE country,False,https://www.esake.gr/el/action/EsakeStats?mode=2&idchampionship=44323D2A&idseason=00000001,0000000E,00000014,ΡΕΘΥΜΝΟ CRETAN KINGS,6,26,False
2016-17,3B41D669,ΑΣΚΑ Ιβάν,ΗΠΑ,4,15.12,60.48,False,ESAKE country,False,https://www.esake.gr/el/action/EsakeStats?mode=2&idchampionship=44323D2A&idseason=00000001,0000000C,00000012,ΠΑΟΚ,5,26,False
2016-17,13A49A38,ΑΤΙΤΣ Έντιν,ΒΟΣΝΙΑ,7,6.7,46.9,False,ESAKE country,False,https://www.esake.gr/el/action/EsakeStats?mode=2&idchampionship=44323D2A&idseason=00000001,00000014,00000020,ΤΡΙΚΑΛΑ BC ARIES,10,26,True
2016-17,EE3A6D42,ΒΑΝ ΟΣΤΡΟΥΜ Ντέβον,ΙΡΛΑΝΔΙΑ,11,26.55,292.05,False,ESAKE country,False,https://www.esake.gr/el/action/EsakeStats?mode=2&idchampionship=44323D2A&idseason=00000001,B57FA140,1149926848,ΚΟΡΟΙΒΟΣ,11,26,True
2016-17,00000737,ΒΑΡΥΤΙΜΙΑΔΗΣ Αλέξανδρος,ΕΛΛΑΔΑ,24,6.94,166.56,True,ESAKE country,False,https://www.esake.gr/el/action/EsakeStats?mode=2&idchampionship=44323D2A&idseason=00000001,00000014,00000020,ΤΡΙΚΑΛΑ BC ARIES,10,26,True
2016-17,00000061,ΒΑΣΙΛΕΙΑΔΗΣ Κώστας,ΕΛΛΑΔΑ,20,21.07,421.4,True,ESAKE country,False,https://www.esake.gr/el/action/EsakeStats?mode=2&idchampionship=44323D2A&idseason=00000001,00000010,00000016,ΑΕΚ,3,26,False
2016-17,00000065,ΒΑΣΙΛΟΠΟΥΛΟΣ Παναγιώτης,ΕΛΛΑΔΑ,26,27.32,710.32,True,ESAKE country,False,https://www.esake.gr/el/action/EsakeStats?mode=2&idchampionship=44323D2A&idseason=00000001,0000000A,00000010,ΚΟΛΟΣΣΟΣ H HOTELS COLLECTION,7,26,False
2016-17,0000006B,ΒΕΡΓΙΝΗΣ Δημήτρης,ΕΛΛΑΔΑ,24,21.19,508.56,True,ESAKE country,False,https://www.esake.gr/el/action/EsakeStats?mode=2&idchampionship=44323D2A&idseason=00000001,00000004,00000004,ΑΠΟΛΛΩΝ Π. CARNA,13,26,True
2016-17,6169F814,ΒΙΤΚΟΒΑΤΣ Τσέντομιρ,ΣΕΡΒΙΑ,4,16.03,64.12,False,ESAKE country,False,https://www.esake.gr/el/action/EsakeStats?mode=2&idchampionship=44323D2A&idseason=00000001,00000004,00000004,ΑΠΟΛΛΩΝ Π. CARNA,13,26,True
2016-17,9D8DC897,ΒΥΡΛΑΣ Παναγιώτης,ΕΛΛΑΔΑ,0,0.0,0.0,True,ESAKE country,False,https://www.esake.gr/el/action/EsakeStats?mode=2&idchampionship=44323D2A&idseason=00000001,2A25C696,607118742,ΠΡΟΜΗΘΕΑΣ ΠΑΤΡΑΣ ΒΙΚΟΣ COLA,9,26,True
2016-17,00000738,ΓΕΡΟΜΙΧΑΛΟΣ Πέτρος,ΕΛΛΑΔΑ,21,9.8,205.8,True,ESAKE country,False,https://www.esake.gr/el/action/EsakeStats?mode=2&idchampionship=44323D2A&idseason=00000001,2A25C696,607118742,ΠΡΟΜΗΘΕΑΣ ΠΑΤΡΑΣ ΒΙΚΟΣ COLA,9,26,True
2016-17,0000008E,ΓΕΩΡΓΑΚΗΣ Γιώργος,ΕΛΛΑΔΑ,19,9.81,186.39,True,ESAKE country,False,https://www.esake.gr/el/action/EsakeStats?mode=2&idchampionship=44323D2A&idseason=00000001,3CA10C07,F17187335,ΔΟΞΑ ΛΕΥΚΑΔΑΣ,14,26,True
2016-17,00000091,ΓΕΩΡΓΑΛΛΗΣ Γιάννης,ΕΛΛΑΔΑ,26,18.18,472.68,True,ESAKE country,False,https://www.esake.gr/el/action/EsakeStats?mode=2&idchampionship=44323D2A&idseason=00000001,0000000A,00000010,ΚΟΛΟΣΣΟΣ H HOTELS COLLECTION,7,26,False
2016-17,E8EF3FC4,ΓΙΑΝΓΚ Μπράντον,ΗΠΑ,8,33.83,270.64,False,ESAKE country,False,https://www.esake.gr/el/action/EsakeStats?mode=2&idchampionship=44323D2A&idseason=00000001,F7D46144,37076412,ΛΑΥΡΙΟ DHI,8,26,True
2016-17,A760A271,ΓΙΑΝΓΚ Πάτρικ,ΗΠΑ,20,11.23,224.6,False,ESAKE country,False,https://www.esake.gr/el/action/EsakeStats?mode=2&idchampionship=44323D2A&idseason=00000001,00000002,00000002,ΟΛΥΜΠΙΑΚΟΣ,1,26,False
2016-17,0000009B,ΓΙΑΝΚΟΒΙΤΣ Βλαδίμηρος,ΕΛΛΑΔΑ,21,23.08,484.68,True,ESAKE country,False,https://www.esake.gr/el/action/EsakeStats?mode=2&idchampionship=44323D2A&idseason=00000001,00000005,00000005,ΑΡΗΣ,4,26,False
2016-17,57D6EB4B,ΓΙΑΝΝΑΚΟΠΟΥΛΟΣ Σάκης,ΕΛΛΑΔΑ,20,15.67,313.4,True,ESAKE country,False,https://www.esake.gr/el/action/EsakeStats?mode=2&idchampionship=44323D2A&idseason=00000001,F7D46144,37076412,ΛΑΥΡΙΟ DHI,8,26,True
2016-17,FBB35BEF,ΓΙΑΝΝΙΚΟΠΟΥΛΟΣ Βασίλης,ΕΛΛΑΔΑ,8,2.2,17.6,True,ESAKE country,False,https://www.esake.gr/el/action/EsakeStats?mode=2&idchampionship=44323D2A&idseason=00000001,2A25C696,607118742,ΠΡΟΜΗΘΕΑΣ ΠΑΤΡΑΣ ΒΙΚΟΣ COLA,9,26,True
2016-17,000000A4,ΓΙΑΝΝΟΠΟΥΛΟΣ Χάρης,ΕΛΛΑΔΑ,25,27.39,684.75,True,ESAKE country,False,https://www.esake.gr/el/action/EsakeStats?mode=2&idchampionship=44323D2A&idseason=00000001,0000000E,00000014,ΡΕΘΥΜΝΟ CRETAN KINGS,6,26,False
2016-17,F3E4013A,ΓΚΑΜΠΡΙΕΛ Κένι,ΗΠΑ,13,16.9,219.7,False,ESAKE country,False,https://www.esake.gr/el/action/EsakeStats?mode=2&idchampionship=44323D2A&idseason=00000001,00000001,00000001,ΠΑΝΑΘΗΝΑΪΚΟΣ AKTOR,2,26,False
2016-17,CC57C559,ΓΚΙΚΑΣ Νίκος,ΕΛΛΑΔΑ,26,26.25,682.5,True,ESAKE country,False,https://www.esake.gr/el/action/EsakeStats?mode=2&idchampionship=44323D2A&idseason=00000001,2A25C696,607118742,ΠΡΟΜΗΘΕΑΣ ΠΑΤΡΑΣ ΒΙΚΟΣ COLA,9,26,True
2016-17,00000722,ΓΚΙΣΤ Τζέιμς,ΗΠΑ,11,18.32,201.52,False,ESAKE country,False,https://www.esake.gr/el/action/EsakeStats?mode=2&idchampionship=44323D2A&idseason=00000001,00000001,00000001,ΠΑΝΑΘΗΝΑΪΚΟΣ AKTOR,2,26,False
2016-17,00B89222,ΓΚΟΤΣΕΡ Τόντρικ,ΗΠΑ,26,33.94,882.44,False,ESAKE country,False,https://www.esake.gr/el/action/EsakeStats?mode=2&idchampionship=44323D2A&idseason=00000001,B57FA140,1149926848,ΚΟΡΟΙΒΟΣ,11,26,True
2016-17,673606D7,ΓΚΡΕΪ Στίβεν,ΗΠΑ,17,22.73,386.41,False,ESAKE country,False,https://www.esake.gr/el/action/EsakeStats?mode=2&idchampionship=44323D2A&idseason=00000001,F7D46144,37076412,ΛΑΥΡΙΟ DHI,8,26,True
2016-17,7403734B,ΓΚΡΙΝ Έρικ,ΗΠΑ,23,21.94,504.62,False,ESAKE country,False,https://www.esake.gr/el/action/EsakeStats?mode=2&idchampionship=44323D2A&idseason=00000001,00000002,00000002,ΟΛΥΜΠΙΑΚΟΣ,1,26,False
2016-17,E35B49EF,ΓΚΡΙΝ Τζουάνια,ΗΠΑ,1,14.78,14.78,False,ESAKE country,False,https://www.esake.gr/el/action/EsakeStats?mode=2&idchampionship=44323D2A&idseason=00000001,DD83ED41,478556607,ΚΥΜΗ,12,26,True
2016-17,00000103,ΓΛΥΝΙΑΔΑΚΗΣ Ανδρέας,ΕΛΛΑΔΑ,26,10.86,282.36,True,ESAKE country,False,https://www.esake.gr/el/action/EsakeStats?mode=2&idchampionship=44323D2A&idseason=00000001,0000000C,00000012,ΠΑΟΚ,5,26,False
2016-17,E02706AA,ΓΟΝΤΙΚΑΣ Κωνσταντίνος,ΕΛΛΑΔΑ,3,4.39,13.17,True,ESAKE country,False,https://www.esake.gr/el/action/EsakeStats?mode=2&idchampionship=44323D2A&idseason=00000001,00000001,00000001,ΠΑΝΑΘΗΝΑΪΚΟΣ AKTOR,2,26,False
2016-17,AA652809,ΓΟΥΟΤΣΟΝ Ερλ,ΗΠΑ,25,13.12,328.0,False,ESAKE country,False,https://www.esake.gr/el/action/EsakeStats?mode=2&idchampionship=44323D2A&idseason=00000001,0000000A,00000010,ΚΟΛΟΣΣΟΣ H HOTELS COLLECTION,7,26,False
2016-17,D7491EFB,ΓΡΑΒΑΣ Δημήτρης,ΕΛΛΑΔΑ,11,7.35,80.85,True,ESAKE country,False,https://www.esake.gr/el/action/EsakeStats?mode=2&idchampionship=44323D2A&idseason=00000001,2A25C696,607118742,ΠΡΟΜΗΘΕΑΣ ΠΑΤΡΑΣ ΒΙΚΟΣ COLA,9,26,True
2016-17,00000115,ΔΕΜΕΡΤΖΗΣ Γιάννης,ΕΛΛΑΔΑ,25,11.07,276.75,True,ESAKE country,False,https://www.esake.gr/el/action/EsakeStats?mode=2&idchampionship=44323D2A&idseason=00000001,3CA10C07,F17187335,ΔΟΞΑ ΛΕΥΚΑΔΑΣ,14,26,True
2016-17,00000728,ΔΙΑΜΑΝΤΑΚΟΣ Γιώργος,ΕΛΛΑΔΑ,20,9.54,190.8,True,ESAKE country,False,https://www.esake.gr/el/action/EsakeStats?mode=2&idchampionship=44323D2A&idseason=00000001,00000004,00000004,ΑΠΟΛΛΩΝ Π. CARNA,13,26,True
2016-17,39526F11,ΕΒΑΝΣ Σον,ΗΠΑ,13,23.56,306.28,False,ESAKE country,False,https://www.esake.gr/el/action/EsakeStats?mode=2&idchampionship=44323D2A&idseason=00000001,F7D46144,37076412,ΛΑΥΡΙΟ DHI,8,26,True
2016-17,00000734,ΕΖΙΟΥΚΟΥ Καλίστους,ΗΠΑ,15,14.21,213.15,False,ESAKE country,False,https://www.esake.gr/el/action/EsakeStats?mode=2&idchampionship=44323D2A&idseason=00000001,00000014,00000020,ΤΡΙΚΑΛΑ BC ARIES,10,26,True
2016-17,E6FAFF3B,ΕΛ-ΑΜΙΝ Μουχάμεντ,ΗΠΑ,15,27.03,405.45,False,ESAKE country,False,https://www.esake.gr/el/action/EsakeStats?mode=2&idchampionship=44323D2A&idseason=00000001,DD83ED41,478556607,ΚΥΜΗ,12,26,True
2016-17,00000131,ΕΛΟΝΟΥ Τσιμενέλου,ΝΙΓΗΡΙΑ,14,14.19,198.66,False,ESAKE country,False,https://www.esake.gr/el/action/EsakeStats?mode=2&idchampionship=44323D2A&idseason=00000001,00000010,00000016,ΑΕΚ,3,26,False
2016-17,BAF2AF14,ΕΝΤΟΥΑΡΝΤΣ Μπράντον,ΗΠΑ,14,14.41,201.74,False,ESAKE country,False,https://www.esake.gr/el/action/EsakeStats?mode=2&idchampionship=44323D2A&idseason=00000001,0000000E,00000014,ΡΕΘΥΜΝΟ CRETAN KINGS,6,26,False
2016-17,DE66A22B,ΖΑΜΠΑΣ Εβάλντας,ΛΙΘΟΥΑΝΙΑ,9,14.2,127.8,False,ESAKE country,False,https://www.esake.gr/el/action/EsakeStats?mode=2&idchampionship=44323D2A&idseason=00000001,0000000E,00000014,ΡΕΘΥΜΝΟ CRETAN KINGS,6,26,False
2016-17,00000140,ΖΑΡΑΣ Θοδωρής,ΕΛΛΑΔΑ,26,17.31,450.06,True,ESAKE country,False,https://www.esake.gr/el/action/EsakeStats?mode=2&idchampionship=44323D2A&idseason=00000001,00000005,00000005,ΑΡΗΣ,4,26,False
2016-17,4B2C60E7,ΘΕΟΔΩΡΙΔΗΣ Ηλίας,ΕΛΛΑΔΑ,10,3.35,33.5,True,ESAKE country,False,https://www.esake.gr/el/action/EsakeStats?mode=2&idchampionship=44323D2A&idseason=00000001,0000000E,00000014,ΡΕΘΥΜΝΟ CRETAN KINGS,6,26,False
2016-17,05E7F02E,ΙΒΑΝΟΒΙΤΣ Νίκολα,ΜΑΥΡΟΒΟΥΝΙΟ,11,22.07,242.77,False,ESAKE country,False,https://www.esake.gr/el/action/EsakeStats?mode=2&idchampionship=44323D2A&idseason=00000001,00000010,00000016,ΑΕΚ,3,26,False
2016-17,843E2210,ΙΩΑΚΕΙΜΙΔΗΣ Θεόδωρος,ΕΛΛΑΔΑ,1,1.5,1.5,True,ESAKE country,False,https://www.esake.gr/el/action/EsakeStats?mode=2&idchampionship=44323D2A&idseason=00000001,3CA10C07,F17187335,ΔΟΞΑ ΛΕΥΚΑΔΑΣ,14,26,True
2016-17,00000163,ΙΩΑΚΕΙΜΙΔΗΣ Συμεών,ΕΛΛΑΔΑ,4,2.75,11.0,True,ESAKE country,False,https://www.esake.gr/el/action/EsakeStats?mode=2&idchampionship=44323D2A&idseason=00000001,B57FA140,1149926848,ΚΟΡΟΙΒΟΣ,11,26,True
2016-17,00000167,ΚΑΒΒΑΔΑΣ Βασίλης,ΕΛΛΑΔΑ,18,16.61,298.98,True,ESAKE country,False,https://www.esake.gr/el/action/EsakeStats?mode=2&idchampionship=44323D2A&idseason=00000001,00000005,00000005,ΑΡΗΣ,4,26,False
2016-17,16AE30FC,ΚΑΚΛΑΜΑΝΑΚΗΣ Δημήτρης,ΕΛΛΑΔΑ,26,11.84,307.84,True,ESAKE country,False,https://www.esake.gr/el/action/EsakeStats?mode=2&idchampionship=44323D2A&idseason=00000001,F7D46144,37076412,ΛΑΥΡΙΟ DHI,8,26,True
2016-17,00000174,ΚΑΛΑΘΗΣ Νικ,ΕΛΛΑΔΑ,26,21.23,551.98,True,ESAKE country,False,https://www.esake.gr/el/action/EsakeStats?mode=2&idchampionship=44323D2A&idseason=00000001,00000001,00000001,ΠΑΝΑΘΗΝΑΪΚΟΣ AKTOR,2,26,False
2016-17,00000175,ΚΑΛΑΘΗΣ Πατ,ΕΛΛΑΔΑ,9,9.35,84.15,True,ESAKE country,False,https://www.esake.gr/el/action/EsakeStats?mode=2&idchampionship=44323D2A&idseason=00000001,00000001,00000001,ΠΑΝΑΘΗΝΑΪΚΟΣ AKTOR,2,26,False
2016-17,B9778770,ΚΑΛΑΪΤΖΑΚΗΣ Γιώργος,ΕΛΛΑΔΑ,0,0.0,0.0,True,ESAKE country,False,https://www.esake.gr/el/action/EsakeStats?mode=2&idchampionship=44323D2A&idseason=00000001,00000001,00000001,ΠΑΝΑΘΗΝΑΪΚΟΣ AKTOR,2,26,False
2016-17,9E3DB04D,ΚΑΛΑΪΤΖΑΚΗΣ Παναγιώτης,ΕΛΛΑΔΑ,1,0.87,0.87,True,ESAKE country,False,https://www.esake.gr/el/action/EsakeStats?mode=2&idchampionship=44323D2A&idseason=00000001,00000005,00000005,ΑΡΗΣ,4,26,False
2016-17,4ED0243A,ΚΑΛΙΝΟΣΚΙ Τάιλερ,ΗΠΑ,25,29.63,740.75,False,ESAKE country,False,https://www.esake.gr/el/action/EsakeStats?mode=2&idchampionship=44323D2A&idseason=00000001,00000004,00000004,ΑΠΟΛΛΩΝ Π. CARNA,13,26,True
2016-17,0000017E,ΚΑΛΛΕΣ Νίκος,ΕΛΛΑΔΑ,24,9.77,234.48,True,ESAKE country,False,https://www.esake.gr/el/action/EsakeStats?mode=2&idchampionship=44323D2A&idseason=00000001,00000014,00000020,ΤΡΙΚΑΛΑ BC ARIES,10,26,True
2016-17,00000181,ΚΑΛΟΓΙΑΝΝΙΔΗΣ Φίλιππος,ΕΛΛΑΔΑ,10,5.09,50.9,True,ESAKE country,False,https://www.esake.gr/el/action/EsakeStats?mode=2&idchampionship=44323D2A&idseason=00000001,00000014,00000020,ΤΡΙΚΑΛΑ BC ARIES,10,26,True
2016-17,7AE4574C,ΚΑΜΑΡΑΣ Νίκος,ΕΛΛΑΔΑ,2,1.25,2.5,True,ESAKE country,False,https://www.esake.gr/el/action/EsakeStats?mode=2&idchampionship=44323D2A&idseason=00000001,0000000C,00000012,ΠΑΟΚ,5,26,False
2016-17,7E8E6F04,ΚΑΜΙΝΓΚΣ Γουίλ,Η.Π.Α.,25,25.88,647.0,False,ESAKE country,False,https://www.esake.gr/el/action/EsakeStats?mode=2&idchampionship=44323D2A&idseason=00000001,00000005,00000005,ΑΡΗΣ,4,26,False
2016-17,E42E0A16,ΚΑΜΠΕΡΙΔΗΣ Μιχάλης,ΕΛΛΑΔΑ,22,11.08,243.76,True,ESAKE country,False,https://www.esake.gr/el/action/EsakeStats?mode=2&idchampionship=44323D2A&idseason=00000001,0000000E,00000014,ΡΕΘΥΜΝΟ CRETAN KINGS,6,26,False
2016-17,E9BF38AD,ΚΑΝΤΙ Τζέισον,ΑΥΣΤΡΑΛΙΑ,8,25.86,206.88,False,ESAKE country,False,https://www.esake.gr/el/action/EsakeStats?mode=2&idchampionship=44323D2A&idseason=00000001,DD83ED41,478556607,ΚΥΜΗ,12,26,True
2016-17,00000195,ΚΑΡΑΘΑΝΑΣΗΣ Γιάννης,ΕΛΛΑΔΑ,6,5.21,31.26,True,ESAKE country,False,https://www.esake.gr/el/action/EsakeStats?mode=2&idchampionship=44323D2A&idseason=00000001,00000014,00000020,ΤΡΙΚΑΛΑ BC ARIES,10,26,True
2016-17,F0DCE864,ΚΑΡΑΜΑΝΩΛΗΣ Δημήτρης,ΕΛΛΑΔΑ,11,2.62,28.82,True,ESAKE country,False,https://www.esake.gr/el/action/EsakeStats?mode=2&idchampionship=44323D2A&idseason=00000001,0000000C,00000012,ΠΑΟΚ,5,26,False
2016-17,233814D1,ΚΑΡΤΕΡ Έλι,ΗΠΑ,4,12.05,48.2,False,ESAKE country,False,https://www.esake.gr/el/action/EsakeStats?mode=2&idchampionship=44323D2A&idseason=00000001,3CA10C07,F17187335,ΔΟΞΑ ΛΕΥΚΑΔΑΣ,14,26,True
2016-17,29801BB7,ΚΑΤΖΟΣ Αλέξιος,ΕΛΛΑΔΑ,3,1.26,3.78,True,ESAKE country,False,https://www.esake.gr/el/action/EsakeStats?mode=2&idchampionship=44323D2A&idseason=00000001,B57FA140,1149926848,ΚΟΡΟΙΒΟΣ,11,26,True
2016-17,000001B8,ΚΑΤΡΑΝΑΣ Παναγιώτης,ΕΛΛΑΔΑ,10,10.69,106.9,True,ESAKE country,False,https://www.esake.gr/el/action/EsakeStats?mode=2&idchampionship=44323D2A&idseason=00000001,DD83ED41,478556607,ΚΥΜΗ,12,26,True
2016-17,01FBE26B,ΚΑΦΕΪ Μάικ,Η.Π.Α.,25,25.64,641.0,False,ESAKE country,False,https://www.esake.gr/el/action/EsakeStats?mode=2&idchampionship=44323D2A&idseason=00000001,00000014,00000020,ΤΡΙΚΑΛΑ BC ARIES,10,26,True
2016-17,2B2527BD,ΚΕΛΑΡΙΟΥ Σεμπάστιαν,,0,0.0,0.0,False,Manual review of blank country,False,https://www.esake.gr/el/action/EsakeStats?mode=2&idchampionship=44323D2A&idseason=00000001,3CA10C07,F17187335,ΔΟΞΑ ΛΕΥΚΑΔΑΣ,14,26,True
2016-17,1457A5A6,ΚΛΑΝΤΟΝ Κιθ,ΗΠΑ,26,25.67,667.42,False,ESAKE country,False,https://www.esake.gr/el/action/EsakeStats?mode=2&idchampionship=44323D2A&idseason=00000001,0000000C,00000012,ΠΑΟΚ,5,26,False
2016-17,000001DD,ΚΛΑΡΚ Κέιντρεν,ΒΟΥΛΓΑΡΙΑ,13,27.94,363.22,False,ESAKE country,False,https://www.esake.gr/el/action/EsakeStats?mode=2&idchampionship=44323D2A&idseason=00000001,2A25C696,607118742,ΠΡΟΜΗΘΕΑΣ ΠΑΤΡΑΣ ΒΙΚΟΣ COLA,9,26,True
2016-17,08E540AC,ΚΟΚ Τζίτο,ΟΛΛΑΝΔΙΑ,13,20.83,270.79,False,ESAKE country,False,https://www.esake.gr/el/action/EsakeStats?mode=2&idchampionship=44323D2A&idseason=00000001,F7D46144,37076412,ΛΑΥΡΙΟ DHI,8,26,True
2016-17,0BDDDD8C,ΚΟΜΠΙΝΣ Μάικλ,ΗΠΑ,12,21.88,262.56,False,ESAKE country,False,https://www.esake.gr/el/action/EsakeStats?mode=2&idchampionship=44323D2A&idseason=00000001,00000004,00000004,ΑΠΟΛΛΩΝ Π. CARNA,13,26,True
2016-17,CF580EB7,ΚΟΝΙΑΡΗΣ Αντώνης,ΕΛΛΑΔΑ,26,15.83,411.58,True,ESAKE country,False,https://www.esake.gr/el/action/EsakeStats?mode=2&idchampionship=44323D2A&idseason=00000001,0000000C,00000012,ΠΑΟΚ,5,26,False
2016-17,00000200,ΚΟΣΤΟΒ Τσάβνταρ,ΒΟΥΛΓΑΡΙΑ,18,23.67,426.06,False,ESAKE country,False,https://www.esake.gr/el/action/EsakeStats?mode=2&idchampionship=44323D2A&idseason=00000001,DD83ED41,478556607,ΚΥΜΗ,12,26,True
2016-17,4C0E5F4B,ΚΟΥΖΕΛΟΓΛΟΥ Γιάννης,ΕΛΛΑΔΑ,21,20.16,423.36,True,ESAKE country,False,https://www.esake.gr/el/action/EsakeStats?mode=2&idchampionship=44323D2A&idseason=00000001,00000004,00000004,ΑΠΟΛΛΩΝ Π. CARNA,13,26,True
2016-17,0000020B,ΚΟΥΚΟΥΛΑΣ Μανόλης,ΕΛΛΑΔΑ,5,8.18,40.9,True,ESAKE country,False,https://www.esake.gr/el/action/EsakeStats?mode=2&idchampionship=44323D2A&idseason=00000001,DD83ED41,478556607,ΚΥΜΗ,12,26,True
2016-17,3782E4C5,ΚΟΥΜΟΥΝΔΟΥΡΟΣ Νίκος,ΕΛΛΑΔΑ,0,0.0,0.0,True,ESAKE country,False,https://www.esake.gr/el/action/EsakeStats?mode=2&idchampionship=44323D2A&idseason=00000001,2A25C696,607118742,ΠΡΟΜΗΘΕΑΣ ΠΑΤΡΑΣ ΒΙΚΟΣ COLA,9,26,True
2016-17,7C199948,ΚΡΑΒΙΤΣ Ντέγιαν,ΣΕΡΒΙΑ,13,22.65,294.45,False,ESAKE country,False,https://www.esake.gr/el/action/EsakeStats?mode=2&idchampionship=44323D2A&idseason=00000001,0000000E,00000014,ΡΕΘΥΜΝΟ CRETAN KINGS,6,26,False
2016-17,CBB2E7D7,ΚΡΟΜΑ Λασάν,ΗΠΑ,5,15.16,75.8,False,ESAKE country,False,https://www.esake.gr/el/action/EsakeStats?mode=2&idchampionship=44323D2A&idseason=00000001,2A25C696,607118742,ΠΡΟΜΗΘΕΑΣ ΠΑΤΡΑΣ ΒΙΚΟΣ COLA,9,26,True
2016-17,567D7D69,ΚΥΡΙΛΗΣ Θοδωρής,ΕΛΛΑΔΑ,1,0.33,0.33,True,ESAKE country,False,https://www.esake.gr/el/action/EsakeStats?mode=2&idchampionship=44323D2A&idseason=00000001,2A25C696,607118742,ΠΡΟΜΗΘΕΑΣ ΠΑΤΡΑΣ ΒΙΚΟΣ COLA,9,26,True
2016-17,40E9EFEE,ΚΩΝΣΤΑΝΤΑΚΟΠΟΥΛΟΣ Θανάσης,ΕΛΛΑΔΑ,15,9.71,145.65,True,ESAKE country,False,https://www.esake.gr/el/action/EsakeStats?mode=2&idchampionship=44323D2A&idseason=00000001,DD83ED41,478556607,ΚΥΜΗ,12,26,True
2016-17,0000073F,ΚΩΤΤΑΣ Θωμάς,ΕΛΛΑΔΑ,21,13.29,279.09,True,ESAKE country,False,https://www.esake.gr/el/action/EsakeStats?mode=2&idchampionship=44323D2A&idseason=00000001,0000000E,00000014,ΡΕΘΥΜΝΟ CRETAN KINGS,6,26,False
2016-17,E1413CCE,ΛΑΓΟΥΔΑΚΗΣ Γρηγόρης,ΕΛΛΑΔΑ,1,1.22,1.22,True,ESAKE country,False,https://www.esake.gr/el/action/EsakeStats?mode=2&idchampionship=44323D2A&idseason=00000001,0000000E,00000014,ΡΕΘΥΜΝΟ CRETAN KINGS,6,26,False
2016-17,00000245,ΛΑΡΕΝΤΖΑΚΗΣ Γιαννούλης,ΕΛΛΑΔΑ,26,16.59,431.34,True,ESAKE country,False,https://www.esake.gr/el/action/EsakeStats?mode=2&idchampionship=44323D2A&idseason=00000001,00000010,00000016,ΑΕΚ,3,26,False
2016-17,CB1A0EB5,ΛΕΜΟΝ Γουόλτερ Τζ.,ΗΠΑ,8,21.21,169.68,False,ESAKE country,False,https://www.esake.gr/el/action/EsakeStats?mode=2&idchampionship=44323D2A&idseason=00000001,0000000E,00000014,ΡΕΘΥΜΝΟ CRETAN KINGS,6,26,False
2016-17,000006FD,ΛΙΑΠΗΣ Μιχάλης,ΕΛΛΑΔΑ,18,4.09,73.62,True,ESAKE country,False,https://www.esake.gr/el/action/EsakeStats?mode=2&idchampionship=44323D2A&idseason=00000001,0000000A,00000010,ΚΟΛΟΣΣΟΣ H HOTELS COLLECTION,7,26,False
2016-17,8FAF270E,ΛΙΠΟΒΙ Ολεξαντερ,ΟΥΚΡΑΝΙΑ,25,22.69,567.25,False,ESAKE country,False,https://www.esake.gr/el/action/EsakeStats?mode=2&idchampionship=44323D2A&idseason=00000001,00000014,00000020,ΤΡΙΚΑΛΑ BC ARIES,10,26,True
2016-17,7E196AB8,ΛΟΤΖΕΣΚΙ Ματ,ΒΕΛΓΙΟ,20,22.71,454.2,False,ESAKE country,False,https://www.esake.gr/el/action/EsakeStats?mode=2&idchampionship=44323D2A&idseason=00000001,00000002,00000002,ΟΛΥΜΠΙΑΚΟΣ,1,26,False
2016-17,00000270,ΛΟΥΚΑΣ Τζαμόν,ΗΠΑ,3,20.04,60.12,False,ESAKE country,False,https://www.esake.gr/el/action/EsakeStats?mode=2&idchampionship=44323D2A&idseason=00000001,00000005,00000005,ΑΡΗΣ,4,26,False
2016-17,2BB1AF1F,ΛΟΥΝΤΖΗΣ Μιχάλης,ΕΛΛΑΔΑ,3,5.52,16.56,True,ESAKE country,False,https://www.esake.gr/el/action/EsakeStats?mode=2&idchampionship=44323D2A&idseason=00000001,00000001,00000001,ΠΑΝΑΘΗΝΑΪΚΟΣ AKTOR,2,26,False
2016-17,00000282,ΜΑΚ ΓΚΡΑΘ Ντόνι,ΗΠΑ,13,22.51,292.63,False,ESAKE country,False,https://www.esake.gr/el/action/EsakeStats?mode=2&idchampionship=44323D2A&idseason=00000001,00000010,00000016,ΑΕΚ,3,26,False
2016-17,88D17CCE,ΜΑΚ ΛΕΛΑΝ Έρικ,ΗΠΑ,8,25.93,207.44,False,ESAKE country,False,https://www.esake.gr/el/action/EsakeStats?mode=2&idchampionship=44323D2A&idseason=00000001,B57FA140,1149926848,ΚΟΡΟΙΒΟΣ,11,26,True
2016-17,55C25566,ΜΑΚ ΜΙΛΑΝ Μάλκολμ,Η.Π.Α.,4,25.94,103.76,False,ESAKE country,False,https://www.esake.gr/el/action/EsakeStats?mode=2&idchampionship=44323D2A&idseason=00000001,00000014,00000020,ΤΡΙΚΑΛΑ BC ARIES,10,26,True
2016-17,92D602E8,ΜΑΚ ΦΑΝΤΕΝ Θάντους,ΗΠΑ,14,23.5,329.0,False,ESAKE country,False,https://www.esake.gr/el/action/EsakeStats?mode=2&idchampionship=44323D2A&idseason=00000001,0000000C,00000012,ΠΑΟΚ,5,26,False
2016-17,4DA9375A,ΜΑΛΤΕΖΟΣ Βασίλης,ΕΛΛΑΔΑ,0,0.0,0.0,True,ESAKE country,False,https://www.esake.gr/el/action/EsakeStats?mode=2&idchampionship=44323D2A&idseason=00000001,2A25C696,607118742,ΠΡΟΜΗΘΕΑΣ ΠΑΤΡΑΣ ΒΙΚΟΣ COLA,9,26,True
2016-17,0000029C,ΜΑΝΤΖΑΡΗΣ Βαγγέλης,ΕΛΛΑΔΑ,24,20.95,502.8,True,ESAKE country,False,https://www.esake.gr/el/action/EsakeStats?mode=2&idchampionship=44323D2A&idseason=00000001,00000002,00000002,ΟΛΥΜΠΙΑΚΟΣ,1,26,False
2016-17,000002A2,ΜΑΝΩΛΟΠΟΥΛΟΣ Σωτήρης,ΕΛΛΑΔΑ,20,19.82,396.4,True,ESAKE country,False,https://www.esake.gr/el/action/EsakeStats?mode=2&idchampionship=44323D2A&idseason=00000001,00000014,00000020,ΤΡΙΚΑΛΑ BC ARIES,10,26,True
2016-17,000002A5,ΜΑΡΑΓΚΟΣ Πάρης,ΕΛΛΑΔΑ,0,0.0,0.0,True,ESAKE country,False,https://www.esake.gr/el/action/EsakeStats?mode=2&idchampionship=44323D2A&idseason=00000001,00000002,00000002,ΟΛΥΜΠΙΑΚΟΣ,1,26,False
2016-17,0000073D,ΜΑΡΑΣ Ιβάν,ΜΑΥΡΟΒΟΥΝΙΟ,10,30.84,308.4,False,ESAKE country,False,https://www.esake.gr/el/action/EsakeStats?mode=2&idchampionship=44323D2A&idseason=00000001,3CA10C07,F17187335,ΔΟΞΑ ΛΕΥΚΑΔΑΣ,14,26,True
2016-17,000002A8,ΜΑΡΓΑΡΙΤΗΣ Βαγγέλης,ΕΛΛΑΔΑ,16,21.17,338.72,True,ESAKE country,False,https://www.esake.gr/el/action/EsakeStats?mode=2&idchampionship=44323D2A&idseason=00000001,0000000C,00000012,ΠΑΟΚ,5,26,False
2016-17,BFF19E44,ΜΑΡΜΠΛ Ντέβιν,Η.Π.Α.,10,21.72,217.2,False,ESAKE country,False,https://www.esake.gr/el/action/EsakeStats?mode=2&idchampionship=44323D2A&idseason=00000001,00000005,00000005,ΑΡΗΣ,4,26,False
2016-17,FB81693B,ΜΑΣΤΡΟΓΙΑΝΝΟΠΟΥΛΟΣ Σαράντης,ΕΛΛΑΔΑ,6,12.49,74.94,True,ESAKE country,False,https://www.esake.gr/el/action/EsakeStats?mode=2&idchampionship=44323D2A&idseason=00000001,00000004,00000004,ΑΠΟΛΛΩΝ Π. CARNA,13,26,True
2016-17,000002C6,ΜΑΥΡΟΕΙΔΗΣ Δημήτρης,ΕΛΛΑΔΑ,22,17.52,385.44,True,ESAKE country,False,https://www.esake.gr/el/action/EsakeStats?mode=2&idchampionship=44323D2A&idseason=00000001,00000010,00000016,ΑΕΚ,3,26,False
2016-17,000002C7,ΜΑΥΡΟΚΕΦΑΛΙΔΗΣ Λουκάς,ΕΛΛΑΔΑ,8,21.81,174.48,True,ESAKE country,False,https://www.esake.gr/el/action/EsakeStats?mode=2&idchampionship=44323D2A&idseason=00000001,00000010,00000016,ΑΕΚ,3,26,False
2016-17,B4CA07F5,ΜΙΛΙΕΝΟΒΙΤΣ Νέναντ,ΣΕΡΒΙΑ,22,15.93,350.46,False,ESAKE country,False,https://www.esake.gr/el/action/EsakeStats?mode=2&idchampionship=44323D2A&idseason=00000001,0000000C,00000012,ΠΑΟΚ,5,26,False
2016-17,9198D674,ΜΙΛΟΣΕΒΙΤΣ Μίλαν,ΒΟΣΝΙΑ,14,22.25,311.5,False,ESAKE country,False,https://www.esake.gr/el/action/EsakeStats?mode=2&idchampionship=44323D2A&idseason=00000001,00000010,00000016,ΑΕΚ,3,26,False
2016-17,2E5E7A20,ΜΙΛΟΥΤΙΝΟΒΙΤΣ Αντρέγια,ΣΕΡΒΙΑ,20,29.31,586.2,False,ESAKE country,False,https://www.esake.gr/el/action/EsakeStats?mode=2&idchampionship=44323D2A&idseason=00000001,B57FA140,1149926848,ΚΟΡΟΙΒΟΣ,11,26,True
2016-17,E6EC7439,ΜΙΛΟΥΤΙΝΟΦ Νίκολα,ΣΕΡΒΙΑ,23,14.94,343.62,False,ESAKE country,False,https://www.esake.gr/el/action/EsakeStats?mode=2&idchampionship=44323D2A&idseason=00000001,00000002,00000002,ΟΛΥΜΠΙΑΚΟΣ,1,26,False
2016-17,0000074C,ΜΙΧΑΛΟΓΛΟΥ Αντώνης,ΕΛΛΑΔΑ,26,10.66,277.16,True,ESAKE country,False,https://www.esake.gr/el/action/EsakeStats?mode=2&idchampionship=44323D2A&idseason=00000001,B57FA140,1149926848,ΚΟΡΟΙΒΟΣ,11,26,True
2016-17,52D8D60C,ΜΟΡΓΚΑΝ Τζόρνταν,ΗΠΑ,11,23.02,253.22,False,ESAKE country,False,https://www.esake.gr/el/action/EsakeStats?mode=2&idchampionship=44323D2A&idseason=00000001,DD83ED41,478556607,ΚΥΜΗ,12,26,True
2016-17,3F51030A,ΜΟΥΡ Μακένζι,ΗΠΑ,26,29.61,769.86,False,ESAKE country,False,https://www.esake.gr/el/action/EsakeStats?mode=2&idchampionship=44323D2A&idseason=00000001,2A25C696,607118742,ΠΡΟΜΗΘΕΑΣ ΠΑΤΡΑΣ ΒΙΚΟΣ COLA,9,26,True
2016-17,0000030E,ΜΟΥΡΤΟΣ Σπύρος,ΕΛΛΑΔΑ,24,14.71,353.04,True,ESAKE country,False,https://www.esake.gr/el/action/EsakeStats?mode=2&idchampionship=44323D2A&idseason=00000001,00000005,00000005,ΑΡΗΣ,4,26,False
2016-17,00000314,ΜΠΑΒΤΣΙΤΣ Έντιν,ΒΟΣΝΙΑ,21,19.32,405.72,False,ESAKE country,False,https://www.esake.gr/el/action/EsakeStats?mode=2&idchampionship=44323D2A&idseason=00000001,00000004,00000004,ΑΠΟΛΛΩΝ Π. CARNA,13,26,True
2016-17,6437DA66,ΜΠΑΖΙΝΑΣ Περικλής,ΕΛΛΑΔΑ,5,2.33,11.65,True,ESAKE country,False,https://www.esake.gr/el/action/EsakeStats?mode=2&idchampionship=44323D2A&idseason=00000001,00000004,00000004,ΑΠΟΛΛΩΝ Π. CARNA,13,26,True
2016-17,4928B2FF,ΜΠΑΚΝΕΡ Ερικ,Η.Π.Α.,10,18.5,185.0,False,ESAKE country,False,https://www.esake.gr/el/action/EsakeStats?mode=2&idchampionship=44323D2A&idseason=00000001,00000005,00000005,ΑΡΗΣ,4,26,False
2016-17,3EE7E268,ΜΠΑΡΔΑΚΑΣ Βασίλης,ΕΛΛΑΔΑ,0,0.0,0.0,True,ESAKE country,False,https://www.esake.gr/el/action/EsakeStats?mode=2&idchampionship=44323D2A&idseason=00000001,2A25C696,607118742,ΠΡΟΜΗΘΕΑΣ ΠΑΤΡΑΣ ΒΙΚΟΣ COLA,9,26,True
2016-17,307EB50D,ΜΠΑΡΛΟΟΥ Κέλσι,ΗΠΑ,26,32.86,854.36,False,ESAKE country,False,https://www.esake.gr/el/action/EsakeStats?mode=2&idchampionship=44323D2A&idseason=00000001,00000014,00000020,ΤΡΙΚΑΛΑ BC ARIES,10,26,True
2016-17,00000330,ΜΠΑΡΤ Στίβεν Τζ.,ΗΠΑ,10,31.41,314.1,False,ESAKE country,False,https://www.esake.gr/el/action/EsakeStats?mode=2&idchampionship=44323D2A&idseason=00000001,00000004,00000004,ΑΠΟΛΛΩΝ Π. CARNA,13,26,True
2016-17,A381BC0B,ΜΠΑΣΑΜΠΕ Μέλσαμ,Η.Π.Α.,11,26.3,289.3,False,ESAKE country,False,https://www.esake.gr/el/action/EsakeStats?mode=2&idchampionship=44323D2A&idseason=00000001,3CA10C07,F17187335,ΔΟΞΑ ΛΕΥΚΑΔΑΣ,14,26,True
2016-17,4C5EFC53,ΜΠΕΚΡΗΣ Αντρέας,ΕΛΛΑΔΑ,8,4.04,32.32,True,ESAKE country,False,https://www.esake.gr/el/action/EsakeStats?mode=2&idchampionship=44323D2A&idseason=00000001,B57FA140,1149926848,ΚΟΡΟΙΒΟΣ,11,26,True
2016-17,651D664B,ΜΠΕΡΙ Ντέβιον,Η.Π.Α.,2,30.74,61.48,False,ESAKE country,False,https://www.esake.gr/el/action/EsakeStats?mode=2&idchampionship=44323D2A&idseason=00000001,0000000A,00000010,ΚΟΛΟΣΣΟΣ H HOTELS COLLECTION,7,26,False
2016-17,B1E85842,ΜΠΙΡΟΥΤΑ Γκιλβίντας,ΛΙΘΟΥΑΝΙΑ,21,26.83,563.43,False,ESAKE country,False,https://www.esake.gr/el/action/EsakeStats?mode=2&idchampionship=44323D2A&idseason=00000001,00000014,00000020,ΤΡΙΚΑΛΑ BC ARIES,10,26,True
2016-17,843A5FAB,ΜΠΙΡΤΣ Κεμ,ΚΑΝΑΔΑΣ,25,16.98,424.5,False,ESAKE country,False,https://www.esake.gr/el/action/EsakeStats?mode=2&idchampionship=44323D2A&idseason=00000001,00000002,00000002,ΟΛΥΜΠΙΑΚΟΣ,1,26,False
2016-17,00000360,ΜΠΛΑΣΙΝΓΚΕΪΜ Τζέρελ,ΗΠΑ,8,27.46,219.68,False,ESAKE country,False,https://www.esake.gr/el/action/EsakeStats?mode=2&idchampionship=44323D2A&idseason=00000001,2A25C696,607118742,ΠΡΟΜΗΘΕΑΣ ΠΑΤΡΑΣ ΒΙΚΟΣ COLA,9,26,True
2016-17,017B3324,ΜΠΟΛΝΤΣ Ντεμάριους,ΗΠΑ,24,22.49,539.76,False,ESAKE country,False,https://www.esake.gr/el/action/EsakeStats?mode=2&idchampionship=44323D2A&idseason=00000001,F7D46144,37076412,ΛΑΥΡΙΟ DHI,8,26,True
2016-17,00000379,ΜΠΟΥΡΟΥΣΗΣ Γιάννης,ΕΛΛΑΔΑ,26,19.23,499.98,True,ESAKE country,False,https://www.esake.gr/el/action/EsakeStats?mode=2&idchampionship=44323D2A&idseason=00000001,00000001,00000001,ΠΑΝΑΘΗΝΑΪΚΟΣ AKTOR,2,26,False
2016-17,0000037E,ΜΠΟΧΩΡΙΔΗΣ Ελευθέριος,ΕΛΛΑΔΑ,21,11.76,246.96,True,ESAKE country,False,https://www.esake.gr/el/action/EsakeStats?mode=2&idchampionship=44323D2A&idseason=00000001,00000001,00000001,ΠΑΝΑΘΗΝΑΪΚΟΣ AKTOR,2,26,False
2016-17,DCA3487F,ΜΠΡΑΪΑΝΤ Ντάριλ,Η.Π.Α.,11,24.06,264.66,False,ESAKE country,False,https://www.esake.gr/el/action/EsakeStats?mode=2&idchampionship=44323D2A&idseason=00000001,0000000C,00000012,ΠΑΟΚ,5,26,False
2016-17,78FE322E,ΜΠΡΑΟΥΝ Κεν,ΗΠΑ,12,34.1,409.2,False,ESAKE country,False,https://www.esake.gr/el/action/EsakeStats?mode=2&idchampionship=44323D2A&idseason=00000001,B57FA140,1149926848,ΚΟΡΟΙΒΟΣ,11,26,True
2016-17,E79B2944,ΜΩΡΑΪΤΗΣ Δημήτρης,ΕΛΛΑΔΑ,3,2.81,8.43,True,ESAKE country,False,https://www.esake.gr/el/action/EsakeStats?mode=2&idchampionship=44323D2A&idseason=00000001,00000010,00000016,ΑΕΚ,3,26,False
2016-17,6DE637C4,ΝΑΟΥΜΗΣ Σωκράτης,ΕΛΛΑΔΑ,0,0.0,0.0,True,ESAKE country,False,https://www.esake.gr/el/action/EsakeStats?mode=2&idchampionship=44323D2A&idseason=00000001,00000004,00000004,ΑΠΟΛΛΩΝ Π. CARNA,13,26,True
2016-17,F8D98939,ΝΙΚΟΛΣ Ντιμίτρις,Η.Π.Α.,7,17.21,120.47,False,ESAKE country,False,https://www.esake.gr/el/action/EsakeStats?mode=2&idchampionship=44323D2A&idseason=00000001,00000001,00000001,ΠΑΝΑΘΗΝΑΪΚΟΣ AKTOR,2,26,False
2016-17,4A939209,ΝΙΞΟΝ Τζαμάλ,ΗΠΑ,14,22.68,317.52,False,ESAKE country,False,https://www.esake.gr/el/action/EsakeStats?mode=2&idchampionship=44323D2A&idseason=00000001,F7D46144,37076412,ΛΑΥΡΙΟ DHI,8,26,True
2016-17,000003B6,ΝΙΟΥΛΕΪ Μπραντ,ΑΥΣΤΡΑΛΙΑ,8,19.53,156.24,False,ESAKE country,False,https://www.esake.gr/el/action/EsakeStats?mode=2&idchampionship=44323D2A&idseason=00000001,00000010,00000016,ΑΕΚ,3,26,False
2016-17,521CDF13,ΝΙΦΟΡΑΣ Βασίλης,ΕΛΛΑΔΑ,5,3.97,19.85,True,ESAKE country,False,https://www.esake.gr/el/action/EsakeStats?mode=2&idchampionship=44323D2A&idseason=00000001,00000004,00000004,ΑΠΟΛΛΩΝ Π. CARNA,13,26,True
2016-17,A8638935,ΝΤΑΟΥΕΛ Ριτζέρ,ΗΠΑ,5,7.38,36.9,False,ESAKE country,False,https://www.esake.gr/el/action/EsakeStats?mode=2&idchampionship=44323D2A&idseason=00000001,3CA10C07,F17187335,ΔΟΞΑ ΛΕΥΚΑΔΑΣ,14,26,True
2016-17,B73F9F9A,ΝΤΕΒΟ Τζόζεφ,ΗΠΑ,3,18.74,56.22,False,ESAKE country,False,https://www.esake.gr/el/action/EsakeStats?mode=2&idchampionship=44323D2A&idseason=00000001,0000000E,00000014,ΡΕΘΥΜΝΟ CRETAN KINGS,6,26,False
2016-17,2473B412,ΝΤΙΚΕΡΣΟΝ Τζόρνταν,ΗΠΑ,14,10.37,145.18,False,ESAKE country,False,https://www.esake.gr/el/action/EsakeStats?mode=2&idchampionship=44323D2A&idseason=00000001,2A25C696,607118742,ΠΡΟΜΗΘΕΑΣ ΠΑΤΡΑΣ ΒΙΚΟΣ COLA,9,26,True
2016-17,C9E986D2,ΝΤΙΞΟΝ Μάικλ,ΗΠΑ,25,22.67,566.75,False,ESAKE country,False,https://www.esake.gr/el/action/EsakeStats?mode=2&idchampionship=44323D2A&idseason=00000001,00000010,00000016,ΑΕΚ,3,26,False
2016-17,C8CA22CD,ΝΤΙΞΟΝ Ντιόν,ΗΠΑ,9,14.02,126.18,False,ESAKE country,False,https://www.esake.gr/el/action/EsakeStats?mode=2&idchampionship=44323D2A&idseason=00000001,DD83ED41,478556607,ΚΥΜΗ,12,26,True
2016-17,5B97E56D,ΝΤΟΜΠΛΑΣ Ντέιβιντ,ΙΣΠΑΝΙΑ,25,19.63,490.75,False,ESAKE country,False,https://www.esake.gr/el/action/EsakeStats?mode=2&idchampionship=44323D2A&idseason=00000001,3CA10C07,F17187335,ΔΟΞΑ ΛΕΥΚΑΔΑΣ,14,26,True
2016-17,000003F0,ΝΤΟΥΒΝΙΑΚ Ούρος,ΣΕΡΒΙΑ,8,16.5,132.0,False,ESAKE country,False,https://www.esake.gr/el/action/EsakeStats?mode=2&idchampionship=44323D2A&idseason=00000001,00000004,00000004,ΑΠΟΛΛΩΝ Π. CARNA,13,26,True
2016-17,9F95686F,ΝΤΡΑΓΚΙΣΕΒΙΤΣ Τάντιγια,ΣΕΡΒΙΑ,23,24.11,554.53,False,ESAKE country,False,https://www.esake.gr/el/action/EsakeStats?mode=2&idchampionship=44323D2A&idseason=00000001,00000005,00000005,ΑΡΗΣ,4,26,False
2016-17,000003F5,ΞΑΝΘΟΠΟΥΛΟΣ Βασίλης,ΕΛΛΑΔΑ,26,21.32,554.32,True,ESAKE country,False,https://www.esake.gr/el/action/EsakeStats?mode=2&idchampionship=44323D2A&idseason=00000001,00000005,00000005,ΑΡΗΣ,4,26,False
2016-17,D6DA0B0E,ΟΘΕΙΤΗΣ Δημήτρης,ΕΛΛΑΔΑ,0,0.0,0.0,True,ESAKE country,False,https://www.esake.gr/el/action/EsakeStats?mode=2&idchampionship=44323D2A&idseason=00000001,0000000A,00000010,ΚΟΛΟΣΣΟΣ H HOTELS COLLECTION,7,26,False
2016-17,5A87273F,ΟΟΥΕΝΣ Τζος,Η.Π.Α.,1,3.87,3.87,False,ESAKE country,False,https://www.esake.gr/el/action/EsakeStats?mode=2&idchampionship=44323D2A&idseason=00000001,00000010,00000016,ΑΕΚ,3,26,False
2016-17,11673007,ΟΡΤΟΝ Ντάνιελ,ΗΠΑ,12,17.45,209.4,False,ESAKE country,False,https://www.esake.gr/el/action/EsakeStats?mode=2&idchampionship=44323D2A&idseason=00000001,DD83ED41,478556607,ΚΥΜΗ,12,26,True
2016-17,38C7C8B6,ΟΥΕΛΣ Ντέζμιν,Η.Π.Α.,9,28.2,253.8,False,ESAKE country,False,https://www.esake.gr/el/action/EsakeStats?mode=2&idchampionship=44323D2A&idseason=00000001,3CA10C07,F17187335,ΔΟΞΑ ΛΕΥΚΑΔΑΣ,14,26,True
2016-17,D1A08A92,ΟΥΙΛΙΑΜΣ Τζαουάντ,Η.Π.Α.,16,23.48,375.68,False,ESAKE country,False,https://www.esake.gr/el/action/EsakeStats?mode=2&idchampionship=44323D2A&idseason=00000001,00000010,00000016,ΑΕΚ,3,26,False
2016-17,00000703,ΟΥΚΙΤΣ Ρόκο-Λένι,ΚΡΟΑΤΙΑ,26,27.04,703.04,False,ESAKE country,False,https://www.esake.gr/el/action/EsakeStats?mode=2&idchampionship=44323D2A&idseason=00000001,00000010,00000016,ΑΕΚ,3,26,False
2016-17,93E24ABF,ΟΥΟΤΕΡΣ Ντομινίκ,ΗΠΑ,14,16.32,228.48,False,ESAKE country,False,https://www.esake.gr/el/action/EsakeStats?mode=2&idchampionship=44323D2A&idseason=00000001,00000002,00000002,ΟΛΥΜΠΙΑΚΟΣ,1,26,False
2016-17,87256D60,ΠΑΛΜΠΛΑΝΤ Μάρτιν,ΣΟΥΗΔΙΑ,26,21.01,546.26,False,ESAKE country,False,https://www.esake.gr/el/action/EsakeStats?mode=2&idchampionship=44323D2A&idseason=00000001,DD83ED41,478556607,ΚΥΜΗ,12,26,True
2016-17,7F5ED9B9,ΠΑΝΑΡΕΤΑΚΗΣ Γιάννης,ΕΛΛΑΔΑ,5,2.08,10.4,True,ESAKE country,False,https://www.esake.gr/el/action/EsakeStats?mode=2&idchampionship=44323D2A&idseason=00000001,0000000E,00000014,ΡΕΘΥΜΝΟ CRETAN KINGS,6,26,False
2016-17,EEBA81C6,ΠΑΝΤΕΡ Κέβιν,Η.Π.Α.,21,23.17,486.57,False,ESAKE country,False,https://www.esake.gr/el/action/EsakeStats?mode=2&idchampionship=44323D2A&idseason=00000001,F7D46144,37076412,ΛΑΥΡΙΟ DHI,8,26,True
2016-17,41010DDA,ΠΑΠΑΔΑΚΗΣ Κώστας,ΕΛΛΑΔΑ,19,5.92,112.48,True,ESAKE country,False,https://www.esake.gr/el/action/EsakeStats?mode=2&idchampionship=44323D2A&idseason=00000001,0000000A,00000010,ΚΟΛΟΣΣΟΣ H HOTELS COLLECTION,7,26,False
2016-17,0000045C,ΠΑΠΑΔΟΠΟΥΛΟΣ Βασίλης,ΕΛΛΑΔΑ,4,0.8,3.2,True,ESAKE country,False,https://www.esake.gr/el/action/EsakeStats?mode=2&idchampionship=44323D2A&idseason=00000001,0000000C,00000012,ΠΑΟΚ,5,26,False
2016-17,4897D4A3,ΠΑΠΑΔΟΠΟΥΛΟΣ Παναγιώτης,ΕΛΛΑΔΑ,1,0.7,0.7,True,ESAKE country,False,https://www.esake.gr/el/action/EsakeStats?mode=2&idchampionship=44323D2A&idseason=00000001,0000000A,00000010,ΚΟΛΟΣΣΟΣ H HOTELS COLLECTION,7,26,False
2016-17,00000468,ΠΑΠΑΝΙΚΟΛΑΟΥ Κώστας,ΕΛΛΑΔΑ,24,20.37,488.88,True,ESAKE country,False,https://www.esake.gr/el/action/EsakeStats?mode=2&idchampionship=44323D2A&idseason=00000001,00000002,00000002,ΟΛΥΜΠΙΑΚΟΣ,1,26,False
2016-17,0000046F,ΠΑΠΑΝΤΩΝΙΟΥ Νώντας,ΕΛΛΑΔΑ,13,14.31,186.03,True,ESAKE country,False,https://www.esake.gr/el/action/EsakeStats?mode=2&idchampionship=44323D2A&idseason=00000001,2A25C696,607118742,ΠΡΟΜΗΘΕΑΣ ΠΑΤΡΑΣ ΒΙΚΟΣ COLA,9,26,True
2016-17,8E3AD877,ΠΑΠΑΠΕΤΡΟΥ Ιωάννης,ΕΛΛΑΔΑ,25,18.84,471.0,True,ESAKE country,False,https://www.esake.gr/el/action/EsakeStats?mode=2&idchampionship=44323D2A&idseason=00000001,00000002,00000002,ΟΛΥΜΠΙΑΚΟΣ,1,26,False
2016-17,0000047A,ΠΑΠΠΑΣ Νίκος,ΕΛΛΑΔΑ,25,17.82,445.5,True,ESAKE country,False,https://www.esake.gr/el/action/EsakeStats?mode=2&idchampionship=44323D2A&idseason=00000001,00000001,00000001,ΠΑΝΑΘΗΝΑΪΚΟΣ AKTOR,2,26,False
2016-17,64E5CFA5,ΠΑΣΚΑΛ Ντεβόντ,ΗΠΑ,1,2.83,2.83,False,ESAKE country,False,https://www.esake.gr/el/action/EsakeStats?mode=2&idchampionship=44323D2A&idseason=00000001,00000014,00000020,ΤΡΙΚΑΛΑ BC ARIES,10,26,True
2016-17,21C497A8,ΠΕΪΝΕΡΣ Ζάνις,ΛΕΤΟΝΙΑ,23,26.33,605.59,False,ESAKE country,False,https://www.esake.gr/el/action/EsakeStats?mode=2&idchampionship=44323D2A&idseason=00000001,0000000C,00000012,ΠΑΟΚ,5,26,False
2016-17,0000070F,ΠΕΛΕΚΟΥΔΑΣ Ανδρέας,ΕΛΛΑΔΑ,0,0.0,0.0,True,ESAKE country,False,https://www.esake.gr/el/action/EsakeStats?mode=2&idchampionship=44323D2A&idseason=00000001,00000004,00000004,ΑΠΟΛΛΩΝ Π. CARNA,13,26,True
2016-17,000004A0,ΠΕΡΡΑΚΗΣ Μιχάλης,ΕΛΛΑΔΑ,25,9.49,237.25,True,ESAKE country,False,https://www.esake.gr/el/action/EsakeStats?mode=2&idchampionship=44323D2A&idseason=00000001,F7D46144,37076412,ΛΑΥΡΙΟ DHI,8,26,True
2016-17,000004A2,ΠΕΤΑΛΩΤΗΣ Τριαντάφυλλος,ΕΛΛΑΔΑ,17,2.33,39.61,True,ESAKE country,False,https://www.esake.gr/el/action/EsakeStats?mode=2&idchampionship=44323D2A&idseason=00000001,3CA10C07,F17187335,ΔΟΞΑ ΛΕΥΚΑΔΑΣ,14,26,True
2016-17,000004AC,ΠΕΤΤΑΣ Νίκος,ΕΛΛΑΔΑ,22,10.69,235.18,True,ESAKE country,False,https://www.esake.gr/el/action/EsakeStats?mode=2&idchampionship=44323D2A&idseason=00000001,2A25C696,607118742,ΠΡΟΜΗΘΕΑΣ ΠΑΤΡΑΣ ΒΙΚΟΣ COLA,9,26,True
2016-17,023F45DC,ΠΟΛΑΡΝΤ Ντεβόντα,ΗΠΑ,18,26.31,473.58,False,ESAKE country,False,https://www.esake.gr/el/action/EsakeStats?mode=2&idchampionship=44323D2A&idseason=00000001,B57FA140,1149926848,ΚΟΡΟΙΒΟΣ,11,26,True
2016-17,F42B3D2C,ΠΟΥΛΙΑΝΙΤΗΣ Στέλιος,ΕΛΛΑΔΑ,22,11.42,251.24,True,ESAKE country,False,https://www.esake.gr/el/action/EsakeStats?mode=2&idchampionship=44323D2A&idseason=00000001,00000014,00000020,ΤΡΙΚΑΛΑ BC ARIES,10,26,True
2016-17,000004C7,ΠΡΙΝΤΕΖΗΣ Γιώργος,ΕΛΛΑΔΑ,23,19.89,457.47,True,ESAKE country,False,https://www.esake.gr/el/action/EsakeStats?mode=2&idchampionship=44323D2A&idseason=00000001,00000002,00000002,ΟΛΥΜΠΙΑΚΟΣ,1,26,False
2016-17,4660E107,ΡΑΖΗΣ Χριστόφορος,ΕΛΛΑΔΑ,23,5.44,125.12,True,ESAKE country,False,https://www.esake.gr/el/action/EsakeStats?mode=2&idchampionship=44323D2A&idseason=00000001,0000000E,00000014,ΡΕΘΥΜΝΟ CRETAN KINGS,6,26,False
2016-17,0BFFB60A,ΡΑΣΕΛ Νικ,ΗΠΑ,15,19.98,299.7,False,ESAKE country,False,https://www.esake.gr/el/action/EsakeStats?mode=2&idchampionship=44323D2A&idseason=00000001,00000004,00000004,ΑΠΟΛΛΩΝ Π. CARNA,13,26,True
2016-17,13645D9B,ΡΕΪΝΣ Καντάριαν,ΗΠΑ,12,25.33,303.96,False,ESAKE country,False,https://www.esake.gr/el/action/EsakeStats?mode=2&idchampionship=44323D2A&idseason=00000001,00000004,00000004,ΑΠΟΛΛΩΝ Π. CARNA,13,26,True
2016-17,9878B57C,ΡΕΛΕΦΟΡΝΤ Τρέβορ,ΗΠΑ,24,28.85,692.4,False,ESAKE country,False,https://www.esake.gr/el/action/EsakeStats?mode=2&idchampionship=44323D2A&idseason=00000001,0000000A,00000010,ΚΟΛΟΣΣΟΣ H HOTELS COLLECTION,7,26,False
2016-17,4AF15465,ΡΕΝΤΙΚ Τζουβόντε,Η.Π.Α.,26,24.61,639.86,False,ESAKE country,False,https://www.esake.gr/el/action/EsakeStats?mode=2&idchampionship=44323D2A&idseason=00000001,0000000A,00000010,ΚΟΛΟΣΣΟΣ H HOTELS COLLECTION,7,26,False
2016-17,17F7FEAD,ΡΙΒΕΡΣ Κέι Σι,Η.Π.Α.,23,19.55,449.65,False,ESAKE country,False,https://www.esake.gr/el/action/EsakeStats?mode=2&idchampionship=44323D2A&idseason=00000001,00000001,00000001,ΠΑΝΑΘΗΝΑΪΚΟΣ AKTOR,2,26,False
2016-17,4B1460CC,ΡΙΤΣΑΡΤ Τζος,Η.Π.Α.,5,18.23,91.15,False,ESAKE country,False,https://www.esake.gr/el/action/EsakeStats?mode=2&idchampionship=44323D2A&idseason=00000001,B57FA140,1149926848,ΚΟΡΟΙΒΟΣ,11,26,True
2016-17,B9EC6BBD,ΡΟΜΠΙΝΣΟΝ Τζάστιν,Μ. ΒΡΕΤΑΝΙΑ,19,28.41,539.79,False,ESAKE country,False,https://www.esake.gr/el/action/EsakeStats?mode=2&idchampionship=44323D2A&idseason=00000001,3CA10C07,F17187335,ΔΟΞΑ ΛΕΥΚΑΔΑΣ,14,26,True
2016-17,4F4CFE60,ΡΟΝΤΟΓΙΑΝΝΗΣ Θεόφιλος,ΕΛΛΑΔΑ,0,0.0,0.0,True,ESAKE country,False,https://www.esake.gr/el/action/EsakeStats?mode=2&idchampionship=44323D2A&idseason=00000001,3CA10C07,F17187335,ΔΟΞΑ ΛΕΥΚΑΔΑΣ,14,26,True
2016-17,F3537135,ΣΑΪΜΠΕΡΤ Τζόρνταν,ΗΠΑ,19,26.78,508.82,False,ESAKE country,False,https://www.esake.gr/el/action/EsakeStats?mode=2&idchampionship=44323D2A&idseason=00000001,0000000C,00000012,ΠΑΟΚ,5,26,False
2016-17,00000514,ΣΑΚΟΤΑ Ντούσαν,ΕΛΛΑΔΑ,24,23.36,560.64,True,ESAKE country,False,https://www.esake.gr/el/action/EsakeStats?mode=2&idchampionship=44323D2A&idseason=00000001,00000010,00000016,ΑΕΚ,3,26,False
2016-17,D4498240,ΣΑΛΟΥΣΤΡΟΣ Χρήστος,ΕΛΛΑΔΑ,18,20.43,367.74,True,ESAKE country,False,https://www.esake.gr/el/action/EsakeStats?mode=2&idchampionship=44323D2A&idseason=00000001,0000000A,00000010,ΚΟΛΟΣΣΟΣ H HOTELS COLLECTION,7,26,False
2016-17,81F8C526,ΣΑΜΛΕΡ Τρέι,ΗΠΑ,2,0.48,0.96,False,ESAKE country,False,https://www.esake.gr/el/action/EsakeStats?mode=2&idchampionship=44323D2A&idseason=00000001,F7D46144,37076412,ΛΑΥΡΙΟ DHI,8,26,True
2016-17,68A17B78,ΣΑΝΔΡΑΜΑΝΗΣ Χρυσόστομος,ΕΛΛΑΔΑ,0,0.0,0.0,True,ESAKE country,False,https://www.esake.gr/el/action/EsakeStats?mode=2&idchampionship=44323D2A&idseason=00000001,2A25C696,607118742,ΠΡΟΜΗΘΕΑΣ ΠΑΤΡΑΣ ΒΙΚΟΣ COLA,9,26,True
2016-17,EFA47CB5,ΣΑΝΕ Τσέικ,ΗΠΑ,7,17.71,123.97,False,ESAKE country,False,https://www.esake.gr/el/action/EsakeStats?mode=2&idchampionship=44323D2A&idseason=00000001,B57FA140,1149926848,ΚΟΡΟΙΒΟΣ,11,26,True
2016-17,0834853F,ΣΑΝΙΚΙΤΖΕ Βίκτορ,ΓΕΩΡΓΙΑ,1,19.95,19.95,False,ESAKE country,False,https://www.esake.gr/el/action/EsakeStats?mode=2&idchampionship=44323D2A&idseason=00000001,00000005,00000005,ΑΡΗΣ,4,26,False
2016-17,00000522,ΣΑΡΙΚΟΠΟΥΛΟΣ Ζήσης,ΕΛΛΑΔΑ,22,13.71,301.62,True,ESAKE country,False,https://www.esake.gr/el/action/EsakeStats?mode=2&idchampionship=44323D2A&idseason=00000001,2A25C696,607118742,ΠΡΟΜΗΘΕΑΣ ΠΑΤΡΑΣ ΒΙΚΟΣ COLA,9,26,True
2016-17,63B33E98,ΣΑΦΤΕΝΑΑΡ Ρόλαντ,ΟΛΛΑΝΔΙΑ,15,17.36,260.4,False,ESAKE country,False,https://www.esake.gr/el/action/EsakeStats?mode=2&idchampionship=44323D2A&idseason=00000001,0000000E,00000014,ΡΕΘΥΜΝΟ CRETAN KINGS,6,26,False
2016-17,163A0BF8,ΣΑΧΠΑΤΖΙΔΗΣ Γιάννης,ΕΛΛΑΔΑ,24,8.45,202.8,True,ESAKE country,False,https://www.esake.gr/el/action/EsakeStats?mode=2&idchampionship=44323D2A&idseason=00000001,B57FA140,1149926848,ΚΟΡΟΙΒΟΣ,11,26,True
2016-17,65009EA4,ΣΕΛΤΟΝ Ντι Τζέι,ΗΠΑ,5,18.8,94.0,False,ESAKE country,False,https://www.esake.gr/el/action/EsakeStats?mode=2&idchampionship=44323D2A&idseason=00000001,F7D46144,37076412,ΛΑΥΡΙΟ DHI,8,26,True
2016-17,0000053A,ΣΙΓΚΟΥΝΑΣ Αλέξανδρος,ΕΛΛΑΔΑ,24,18.15,435.6,True,ESAKE country,False,https://www.esake.gr/el/action/EsakeStats?mode=2&idchampionship=44323D2A&idseason=00000001,DD83ED41,478556607,ΚΥΜΗ,12,26,True
2016-17,0000059C,ΣΙΜΤΣΑΚ Βασίλης,ΕΛΛΑΔΑ,24,14.25,342.0,True,ESAKE country,False,https://www.esake.gr/el/action/EsakeStats?mode=2&idchampionship=44323D2A&idseason=00000001,00000005,00000005,ΑΡΗΣ,4,26,False
2016-17,BB0A362F,ΣΙΝΓΚΛΕΤΟΝ Κρις,Η.Π.Α.,25,22.34,558.5,False,ESAKE country,False,https://www.esake.gr/el/action/EsakeStats?mode=2&idchampionship=44323D2A&idseason=00000001,00000001,00000001,ΠΑΝΑΘΗΝΑΪΚΟΣ AKTOR,2,26,False
2016-17,26181F48,ΣΚΟΤ Σάνον,Η.Π.Α.,26,28.59,743.34,False,ESAKE country,False,https://www.esake.gr/el/action/EsakeStats?mode=2&idchampionship=44323D2A&idseason=00000001,3CA10C07,F17187335,ΔΟΞΑ ΛΕΥΚΑΔΑΣ,14,26,True
2016-17,00000559,ΣΚΟΥΛΙΔΑΣ Διονύσης,ΕΛΛΑΔΑ,13,5.8,75.4,True,ESAKE country,False,https://www.esake.gr/el/action/EsakeStats?mode=2&idchampionship=44323D2A&idseason=00000001,00000010,00000016,ΑΕΚ,3,26,False
2016-17,000006F2,ΣΛΑΦΤΣΑΚΗΣ Διαμαντής,ΕΛΛΑΔΑ,26,12.76,331.76,True,ESAKE country,False,https://www.esake.gr/el/action/EsakeStats?mode=2&idchampionship=44323D2A&idseason=00000001,00000004,00000004,ΑΠΟΛΛΩΝ Π. CARNA,13,26,True
2016-17,62E92FE6,ΣΜΙΘ-ΡΙΒΕΡΑ Ντεβόντες,ΗΠΑ,1,17.03,17.03,False,ESAKE country,False,https://www.esake.gr/el/action/EsakeStats?mode=2&idchampionship=44323D2A&idseason=00000001,B57FA140,1149926848,ΚΟΡΟΙΒΟΣ,11,26,True
2016-17,7761D54F,ΣΟΜΠΙ Νέιθαν,ΑΥΣΤΡΑΛΙΑ,6,27.83,166.98,False,ESAKE country,False,https://www.esake.gr/el/action/EsakeStats?mode=2&idchampionship=44323D2A&idseason=00000001,0000000C,00000012,ΠΑΟΚ,5,26,False
2016-17,00000577,ΣΠΑΝΟΥΛΗΣ Βασίλης,ΕΛΛΑΔΑ,18,20.53,369.54,True,ESAKE country,False,https://www.esake.gr/el/action/EsakeStats?mode=2&idchampionship=44323D2A&idseason=00000001,00000002,00000002,ΟΛΥΜΠΙΑΚΟΣ,1,26,False
2016-17,000006E2,ΣΠΥΡΙΔΟΝΙΔΗΣ Αλέξης,ΕΛΛΑΔΑ,26,12.15,315.9,True,ESAKE country,False,https://www.esake.gr/el/action/EsakeStats?mode=2&idchampionship=44323D2A&idseason=00000001,B57FA140,1149926848,ΚΟΡΟΙΒΟΣ,11,26,True
2016-17,98CA314B,ΣΤΑΜΑΤΗΣ Δημήτρης,ΕΛΛΑΔΑ,25,18.8,470.0,True,ESAKE country,False,https://www.esake.gr/el/action/EsakeStats?mode=2&idchampionship=44323D2A&idseason=00000001,DD83ED41,478556607,ΚΥΜΗ,12,26,True
2016-17,F816BB2E,ΣΤΑΡΚΣ Μαρκέλ,ΗΠΑ,14,34.14,477.96,False,ESAKE country,False,https://www.esake.gr/el/action/EsakeStats?mode=2&idchampionship=44323D2A&idseason=00000001,B57FA140,1149926848,ΚΟΡΟΙΒΟΣ,11,26,True
2016-17,00000589,ΣΤΕΦΑΝΙΔΗΣ Χριστόφορος,ΕΛΛΑΔΑ,26,17.05,443.3,True,ESAKE country,False,https://www.esake.gr/el/action/EsakeStats?mode=2&idchampionship=44323D2A&idseason=00000001,F7D46144,37076412,ΛΑΥΡΙΟ DHI,8,26,True
2016-17,4FCC308F,ΣΤΟΚΤΟΝ Μάικλ,ΗΠΑ,12,12.51,150.12,False,ESAKE country,False,https://www.esake.gr/el/action/EsakeStats?mode=2&idchampionship=44323D2A&idseason=00000001,00000004,00000004,ΑΠΟΛΛΩΝ Π. CARNA,13,26,True
2016-17,BCB78E4A,ΣΧΙΖΑΣ Σταύρος,ΕΛΛΑΔΑ,22,11.72,257.84,True,ESAKE country,False,https://www.esake.gr/el/action/EsakeStats?mode=2&idchampionship=44323D2A&idseason=00000001,DD83ED41,478556607,ΚΥΜΗ,12,26,True
2016-17,0000059F,ΣΧΟΡΤΣΑΝΙΤΗΣ Σοφοκλής,ΕΛΛΑΔΑ,0,0.0,0.0,True,ESAKE country,False,https://www.esake.gr/el/action/EsakeStats?mode=2&idchampionship=44323D2A&idseason=00000001,00000004,00000004,ΑΠΟΛΛΩΝ Π. CARNA,13,26,True
2016-17,84560942,ΤΑΛΤΟΝ Γκάρι,ΗΠΑ,26,29.05,755.3,False,ESAKE country,False,https://www.esake.gr/el/action/EsakeStats?mode=2&idchampionship=44323D2A&idseason=00000001,0000000E,00000014,ΡΕΘΥΜΝΟ CRETAN KINGS,6,26,False
2016-17,000005A7,ΤΑΠΟΥΤΟΣ Χρήστος,ΕΛΛΑΔΑ,17,17.64,299.88,True,ESAKE country,False,https://www.esake.gr/el/action/EsakeStats?mode=2&idchampionship=44323D2A&idseason=00000001,3CA10C07,F17187335,ΔΟΞΑ ΛΕΥΚΑΔΑΣ,14,26,True
2016-17,5A2EEABA,ΤΕΪΛΟΡ Μπράντον,Η.Π.Α.,12,14.38,172.56,False,ESAKE country,False,https://www.esake.gr/el/action/EsakeStats?mode=2&idchampionship=44323D2A&idseason=00000001,0000000C,00000012,ΠΑΟΚ,5,26,False
2016-17,C7DAF12D,ΤΖΑΓΚΑΡΑΚΗΣ Δημήτρης,ΕΛΛΑΔΑ,0,0.0,0.0,True,ESAKE country,False,https://www.esake.gr/el/action/EsakeStats?mode=2&idchampionship=44323D2A&idseason=00000001,0000000E,00000014,ΡΕΘΥΜΝΟ CRETAN KINGS,6,26,False
2016-17,6A5AEB87,ΤΖΑΚΣΟΝ Τζάστιν,ΗΠΑ,11,12.6,138.6,False,ESAKE country,False,https://www.esake.gr/el/action/EsakeStats?mode=2&idchampionship=44323D2A&idseason=00000001,00000005,00000005,ΑΡΗΣ,4,26,False
2016-17,E6CD6563,ΤΖΑΞΕΝ Μπάντεν,ΗΠΑ,4,14.24,56.96,False,ESAKE country,False,https://www.esake.gr/el/action/EsakeStats?mode=2&idchampionship=44323D2A&idseason=00000001,2A25C696,607118742,ΠΡΟΜΗΘΕΑΣ ΠΑΤΡΑΣ ΒΙΚΟΣ COLA,9,26,True
2016-17,120F56E8,ΤΖΕΪΜΣ Μάικ,ΗΠΑ,16,20.94,335.04,False,ESAKE country,False,https://www.esake.gr/el/action/EsakeStats?mode=2&idchampionship=44323D2A&idseason=00000001,00000001,00000001,ΠΑΝΑΘΗΝΑΪΚΟΣ AKTOR,2,26,False
2016-17,9C4B7C2B,ΤΖΕΝΚΙΝΣ Μάικλ,Η.Π.Α.,19,23.11,439.09,False,ESAKE country,False,https://www.esake.gr/el/action/EsakeStats?mode=2&idchampionship=44323D2A&idseason=00000001,00000005,00000005,ΑΡΗΣ,4,26,False
2016-17,6C70C659,ΤΖΕΝΤΙΛΕ Αλεσσάντρο,ΙΤΑΛΙΑ,8,15.21,121.68,False,ESAKE country,False,https://www.esake.gr/el/action/EsakeStats?mode=2&idchampionship=44323D2A&idseason=00000001,00000001,00000001,ΠΑΝΑΘΗΝΑΪΚΟΣ AKTOR,2,26,False
2016-17,000005D2,ΤΖΟΛΟΣ Βαγγέλης,ΕΛΛΑΔΑ,8,11.14,89.12,True,ESAKE country,False,https://www.esake.gr/el/action/EsakeStats?mode=2&idchampionship=44323D2A&idseason=00000001,DD83ED41,478556607,ΚΥΜΗ,12,26,True
2016-17,79DD4EAE,ΤΖΟΝΣΟΝ Καβέλ,ΗΠΑ,8,20.29,162.32,False,ESAKE country,False,https://www.esake.gr/el/action/EsakeStats?mode=2&idchampionship=44323D2A&idseason=00000001,2A25C696,607118742,ΠΡΟΜΗΘΕΑΣ ΠΑΤΡΑΣ ΒΙΚΟΣ COLA,9,26,True
2016-17,A4D640FD,ΤΖΟΝΣΟΝ Κέβιν,ΗΠΑ,3,5.78,17.34,False,ESAKE country,False,https://www.esake.gr/el/action/EsakeStats?mode=2&idchampionship=44323D2A&idseason=00000001,3CA10C07,F17187335,ΔΟΞΑ ΛΕΥΚΑΔΑΣ,14,26,True
2016-17,5B5D80ED,ΤΖΟΝΣΟΝ Τάιρεν,ΗΠΑ,6,24.79,148.74,False,ESAKE country,False,https://www.esake.gr/el/action/EsakeStats?mode=2&idchampionship=44323D2A&idseason=00000001,F7D46144,37076412,ΛΑΥΡΙΟ DHI,8,26,True
2016-17,508D65ED,ΤΖΟΟΥΝΣ Κρις,ΗΠΑ,1,20.83,20.83,False,ESAKE country,False,https://www.esake.gr/el/action/EsakeStats?mode=2&idchampionship=44323D2A&idseason=00000001,00000004,00000004,ΑΠΟΛΛΩΝ Π. CARNA,13,26,True
2016-17,DC68D019,ΤΖΟΟΥΝΣ Λάκι,ΗΠΑ,14,26.73,374.22,False,ESAKE country,False,https://www.esake.gr/el/action/EsakeStats?mode=2&idchampionship=44323D2A&idseason=00000001,2A25C696,607118742,ΠΡΟΜΗΘΕΑΣ ΠΑΤΡΑΣ ΒΙΚΟΣ COLA,9,26,True
2016-17,D8361DB3,ΤΟΛΙΟΠΟΥΛΟΣ Βασίλης,ΕΛΛΑΔΑ,9,7.68,69.12,True,ESAKE country,False,https://www.esake.gr/el/action/EsakeStats?mode=2&idchampionship=44323D2A&idseason=00000001,00000002,00000002,ΟΛΥΜΠΙΑΚΟΣ,1,26,False
2016-17,00000600,ΤΟΝΤΙΤΣ Μίροσλαβ,ΒΟΣΝΙΑ,17,23.2,394.4,False,ESAKE country,False,https://www.esake.gr/el/action/EsakeStats?mode=2&idchampionship=44323D2A&idseason=00000001,2A25C696,607118742,ΠΡΟΜΗΘΕΑΣ ΠΑΤΡΑΣ ΒΙΚΟΣ COLA,9,26,True
2016-17,00000605,ΤΟΥΤΖΙΑΡΑΚΗΣ Σταύρος,ΕΛΛΑΔΑ,24,22.12,530.88,True,ESAKE country,False,https://www.esake.gr/el/action/EsakeStats?mode=2&idchampionship=44323D2A&idseason=00000001,DD83ED41,478556607,ΚΥΜΗ,12,26,True
2016-17,D224A5DB,ΤΣΑΓΚΑΡΑΚΗΣ Άγγελος,ΕΛΛΑΔΑ,22,27.65,608.3,True,ESAKE country,False,https://www.esake.gr/el/action/EsakeStats?mode=2&idchampionship=44323D2A&idseason=00000001,00000014,00000020,ΤΡΙΚΑΛΑ BC ARIES,10,26,True
2016-17,0000060F,ΤΣΑΪΡΕΛΗΣ Μιχάλης,ΕΛΛΑΔΑ,24,15.32,367.68,True,ESAKE country,False,https://www.esake.gr/el/action/EsakeStats?mode=2&idchampionship=44323D2A&idseason=00000001,00000005,00000005,ΑΡΗΣ,4,26,False
2016-17,00000614,ΤΣΑΛΔΑΡΗΣ Δημήτρης,ΕΛΛΑΔΑ,26,26.17,680.42,True,ESAKE country,False,https://www.esake.gr/el/action/EsakeStats?mode=2&idchampionship=44323D2A&idseason=00000001,3CA10C07,F17187335,ΔΟΞΑ ΛΕΥΚΑΔΑΣ,14,26,True
2016-17,1F2A8343,ΤΣΑΛΜΠΟΥΡΗΣ Γιώργος,ΕΛΛΑΔΑ,14,7.07,98.98,True,ESAKE country,False,https://www.esake.gr/el/action/EsakeStats?mode=2&idchampionship=44323D2A&idseason=00000001,00000010,00000016,ΑΕΚ,3,26,False
2016-17,00000619,ΤΣΑΜΗΣ Άγγελος,ΕΛΛΑΔΑ,14,12.35,172.9,True,ESAKE country,False,https://www.esake.gr/el/action/EsakeStats?mode=2&idchampionship=44323D2A&idseason=00000001,2A25C696,607118742,ΠΡΟΜΗΘΕΑΣ ΠΑΤΡΑΣ ΒΙΚΟΣ COLA,9,26,True
2016-17,00000629,ΤΣΙΑΡΑΣ Γιώργος,ΕΛΛΑΔΑ,19,13.62,258.78,True,ESAKE country,False,https://www.esake.gr/el/action/EsakeStats?mode=2&idchampionship=44323D2A&idseason=00000001,00000004,00000004,ΑΠΟΛΛΩΝ Π. CARNA,13,26,True
2016-17,6E183637,ΤΣΙΡΟΣ Παναγιώτης,ΕΛΛΑΔΑ,6,3.69,22.14,True,ESAKE country,False,https://www.esake.gr/el/action/EsakeStats?mode=2&idchampionship=44323D2A&idseason=00000001,F7D46144,37076412,ΛΑΥΡΙΟ DHI,8,26,True
2016-17,43FE8CDA,ΤΣΟΥΚΟΥ Τζέσε,ΜΕΓΑΛΗ ΒΡΕΤΑΝΙΑ,23,17.29,397.67,False,ESAKE country,False,https://www.esake.gr/el/action/EsakeStats?mode=2&idchampionship=44323D2A&idseason=00000001,0000000A,00000010,ΚΟΛΟΣΣΟΣ H HOTELS COLLECTION,7,26,False
2016-17,5F18D278,ΤΣΟΥΠΚΟΒΙΤΣ Σλάβεν,ΣΕΡΒΙΑ,25,25.47,636.75,False,ESAKE country,False,https://www.esake.gr/el/action/EsakeStats?mode=2&idchampionship=44323D2A&idseason=00000001,DD83ED41,478556607,ΚΥΜΗ,12,26,True
2016-17,00000639,ΤΣΟΧΛΑΣ Απόλλων,ΕΛΛΑΔΑ,26,19.92,517.92,True,ESAKE country,False,https://www.esake.gr/el/action/EsakeStats?mode=2&idchampionship=44323D2A&idseason=00000001,0000000C,00000012,ΠΑΟΚ,5,26,False
2016-17,00000707,ΦΑΓΙΕ Μουχάμεντ,ΣΕΝΕΓΑΛΗ,23,30.73,706.79,False,ESAKE country,False,https://www.esake.gr/el/action/EsakeStats?mode=2&idchampionship=44323D2A&idseason=00000001,2A25C696,607118742,ΠΡΟΜΗΘΕΑΣ ΠΑΤΡΑΣ ΒΙΚΟΣ COLA,9,26,True
2016-17,D73AFECE,ΦΑΛΚΕΡ Ράνταλ,Η.Π.Α.,8,15.72,125.76,False,ESAKE country,False,https://www.esake.gr/el/action/EsakeStats?mode=2&idchampionship=44323D2A&idseason=00000001,00000010,00000016,ΑΕΚ,3,26,False
2016-17,FE20CD83,ΦΕΛΝΤΕΪΝ Τζέιμς,ΗΠΑ,25,20.36,509.0,False,ESAKE country,False,https://www.esake.gr/el/action/EsakeStats?mode=2&idchampionship=44323D2A&idseason=00000001,00000001,00000001,ΠΑΝΑΘΗΝΑΪΚΟΣ AKTOR,2,26,False
2016-17,10A2C583,ΦΙΤΖΠΑΤΡΙΚ Τόρλιν,ΗΠΑ,26,27.63,718.38,False,ESAKE country,False,https://www.esake.gr/el/action/EsakeStats?mode=2&idchampionship=44323D2A&idseason=00000001,0000000E,00000014,ΡΕΘΥΜΝΟ CRETAN KINGS,6,26,False
2016-17,B2A97905,ΦΛΙΩΝΗΣ Δημήτρης,ΕΛΛΑΔΑ,18,6.98,125.64,True,ESAKE country,False,https://www.esake.gr/el/action/EsakeStats?mode=2&idchampionship=44323D2A&idseason=00000001,00000005,00000005,ΑΡΗΣ,4,26,False
2016-17,00000666,ΦΩΤΣΗΣ Αντώνης,ΕΛΛΑΔΑ,25,16.98,424.5,True,ESAKE country,False,https://www.esake.gr/el/action/EsakeStats?mode=2&idchampionship=44323D2A&idseason=00000001,00000001,00000001,ΠΑΝΑΘΗΝΑΪΚΟΣ AKTOR,2,26,False
2016-17,330E35A1,ΧΑΚΕΤ Ντάνιελ,ΙΤΑΛΙΑ,9,16.28,146.52,False,ESAKE country,False,https://www.esake.gr/el/action/EsakeStats?mode=2&idchampionship=44323D2A&idseason=00000001,00000002,00000002,ΟΛΥΜΠΙΑΚΟΣ,1,26,False
2016-17,ABD4E7E6,ΧΑΜΙΛΤΟΝ Άσλεϊ,ΜΕΓΑΛΗ ΒΡΕΤΑΝΙΑ,26,21.25,552.5,False,ESAKE country,False,https://www.esake.gr/el/action/EsakeStats?mode=2&idchampionship=44323D2A&idseason=00000001,F7D46144,37076412,ΛΑΥΡΙΟ DHI,8,26,True
2016-17,00000729,ΧΑΡΑΛΑΜΠΟΠΟΥΛΟΣ Βασίλης,ΕΛΛΑΔΑ,25,17.76,444.0,True,ESAKE country,False,https://www.esake.gr/el/action/EsakeStats?mode=2&idchampionship=44323D2A&idseason=00000001,00000001,00000001,ΠΑΝΑΘΗΝΑΪΚΟΣ AKTOR,2,26,False
2016-17,8E3E814B,ΧΑΡΙΣ Άλεξ,ΗΠΑ,14,31.43,440.02,False,ESAKE country,False,https://www.esake.gr/el/action/EsakeStats?mode=2&idchampionship=44323D2A&idseason=00000001,3CA10C07,F17187335,ΔΟΞΑ ΛΕΥΚΑΔΑΣ,14,26,True
2016-17,00000685,ΧΑΡΙΤΟΠΟΥΛΟΣ Δημήτρης,ΕΛΛΑΔΑ,18,6.51,117.18,True,ESAKE country,False,https://www.esake.gr/el/action/EsakeStats?mode=2&idchampionship=44323D2A&idseason=00000001,00000010,00000016,ΑΕΚ,3,26,False
2016-17,A4D9522F,ΧΑΤΖΗΓΕΩΡΓΙΟΥ Μιχάλης,ΕΛΛΑΔΑ,0,0.0,0.0,True,ESAKE country,False,https://www.esake.gr/el/action/EsakeStats?mode=2&idchampionship=44323D2A&idseason=00000001,0000000A,00000010,ΚΟΛΟΣΣΟΣ H HOTELS COLLECTION,7,26,False
2016-17,1B250824,ΧΑΤΖΗΝΙΚΟΛΑΣ Γιάννης,ΕΛΛΑΔΑ,22,12.84,282.48,True,ESAKE country,False,https://www.esake.gr/el/action/EsakeStats?mode=2&idchampionship=44323D2A&idseason=00000001,B57FA140,1149926848,ΚΟΡΟΙΒΟΣ,11,26,True
2016-17,EBEE9959,ΧΙΚΙ Άντονι,ΗΠΑ,25,27.66,691.5,False,ESAKE country,False,https://www.esake.gr/el/action/EsakeStats?mode=2&idchampionship=44323D2A&idseason=00000001,00000004,00000004,ΑΠΟΛΛΩΝ Π. CARNA,13,26,True
2016-17,8B5F49BF,ΧΟΛ Κένι,ΗΠΑ,18,30.4,547.2,False,ESAKE country,False,https://www.esake.gr/el/action/EsakeStats?mode=2&idchampionship=44323D2A&idseason=00000001,B57FA140,1149926848,ΚΟΡΟΙΒΟΣ,11,26,True
2016-17,899F2E06,ΧΟΛ Λάνγκστον,ΗΠΑ,26,29.15,757.9,False,ESAKE country,False,https://www.esake.gr/el/action/EsakeStats?mode=2&idchampionship=44323D2A&idseason=00000001,0000000A,00000010,ΚΟΛΟΣΣΟΣ H HOTELS COLLECTION,7,26,False
2016-17,37EA6452,ΧΟΤΟΝ Ντέιβιντ,ΗΠΑ,24,19.74,473.76,False,ESAKE country,False,https://www.esake.gr/el/action/EsakeStats?mode=2&idchampionship=44323D2A&idseason=00000001,00000014,00000020,ΤΡΙΚΑΛΑ BC ARIES,10,26,True
2016-17,948D3EC2,ΧΡΗΣΤΙΔΗΣ Βασίλης,ΕΛΛΑΔΑ,6,5.06,30.36,True,ESAKE country,False,https://www.esake.gr/el/action/EsakeStats?mode=2&idchampionship=44323D2A&idseason=00000001,00000005,00000005,ΑΡΗΣ,4,26,False
2016-17,BBF3312A,ΧΡΙΣΤΟΔΟΥΛΟΥ Ανδρέας,ΕΛΛΑΔΑ,26,19.45,505.7,True,ESAKE country,False,https://www.esake.gr/el/action/EsakeStats?mode=2&idchampionship=44323D2A&idseason=00000001,0000000E,00000014,ΡΕΘΥΜΝΟ CRETAN KINGS,6,26,False
2016-17,000006BD,ΧΡΥΣΙΚΟΠΟΥΛΟΣ Λίνος,ΕΛΛΑΔΑ,26,19.76,513.76,True,ESAKE country,False,https://www.esake.gr/el/action/EsakeStats?mode=2&idchampionship=44323D2A&idseason=00000001,0000000C,00000012,ΠΑΟΚ,5,26,False
2016-17,EF03E98B,ΨΑΘΑΣ Ιωάννης,ΕΛΛΑΔΑ,21,10.54,221.34,True,ESAKE country,False,https://www.esake.gr/el/action/EsakeStats?mode=2&idchampionship=44323D2A&idseason=00000001,3CA10C07,F17187335,ΔΟΞΑ ΛΕΥΚΑΔΑΣ,14,26,True
2017-18,00000007,ΑΓΓΕΛΑΚΟΣ Αλέξανδρος,ΕΛΛΑΔΑ,15,5.23,78.45,True,ESAKE country,False,https://www.esake.gr/el/action/EsakeStats?mode=2&idchampionship=42C43378&idseason=00000001,0000000A,00000010,ΚΟΛΟΣΣΟΣ H HOTELS COLLECTION,8,26,True
2017-18,2BBFE416,ΑΓΡΑΒΑΝΗΣ Γιάννης,ΕΛΛΑΔΑ,3,2.72,8.16,True,ESAKE country,False,https://www.esake.gr/el/action/EsakeStats?mode=2&idchampionship=42C43378&idseason=00000001,00000010,00000016,ΑΕΚ,5,26,False
2017-18,0000000F,ΑΓΡΑΒΑΝΗΣ Δημήτρης,ΕΛΛΑΔΑ,5,18.44,92.2,True,ESAKE country,False,https://www.esake.gr/el/action/EsakeStats?mode=2&idchampionship=42C43378&idseason=00000001,00000002,00000002,ΟΛΥΜΠΙΑΚΟΣ,2,26,False
2017-18,00000013,ΑΘΗΝΑΙΟΥ Γιάννης,ΕΛΛΑΔΑ,22,22.58,496.76,True,ESAKE country,False,https://www.esake.gr/el/action/EsakeStats?mode=2&idchampionship=42C43378&idseason=00000001,00000005,00000005,ΑΡΗΣ,9,26,True
2017-18,5BE8C2DD,ΑΝΤΕΤΟΚΟΥΝΜΠΟ Θανάσης,ΕΛΛΑΔΑ,24,17.87,428.88,True,ESAKE country,False,https://www.esake.gr/el/action/EsakeStats?mode=2&idchampionship=42C43378&idseason=00000001,00000001,00000001,ΠΑΝΑΘΗΝΑΪΚΟΣ AKTOR,1,26,False
2017-18,0000003B,ΑΝΤΩΝΑΚΗΣ Τάσος,ΕΛΛΑΔΑ,14,7.52,105.28,True,ESAKE country,False,https://www.esake.gr/el/action/EsakeStats?mode=2&idchampionship=42C43378&idseason=00000001,B57FA140,1149926848,ΚΟΡΟΙΒΟΣ,13,26,True
2017-18,C65178D5,ΑΡΜΣΤΕΝΤ Μάλκολμ,ΗΠΑ,19,26.39,501.41,False,ESAKE country,False,https://www.esake.gr/el/action/EsakeStats?mode=2&idchampionship=42C43378&idseason=00000001,0000000E,00000014,ΡΕΘΥΜΝΟ CRETAN KINGS,10,26,True
2017-18,6BC4B84C,ΑΡΣΕΝΟΠΟΥΛΟΣ Νίκος,ΕΛΛΑΔΑ,9,5.97,53.73,True,ESAKE country,False,https://www.esake.gr/el/action/EsakeStats?mode=2&idchampionship=42C43378&idseason=00000001,00000002,00000002,ΟΛΥΜΠΙΑΚΟΣ,2,26,False
2017-18,13A49A38,ΑΤΙΤΣ Έντιν,ΒΟΣΝΙΑ,13,9.89,128.57,False,ESAKE country,False,https://www.esake.gr/el/action/EsakeStats?mode=2&idchampionship=42C43378&idseason=00000001,00000010,00000016,ΑΕΚ,5,26,False
2017-18,00000053,ΒΑΒΑΤΣΙΚΟΣ Γιάννης,ΕΛΛΑΔΑ,23,13.4,308.2,True,ESAKE country,False,https://www.esake.gr/el/action/EsakeStats?mode=2&idchampionship=42C43378&idseason=00000001,72E93C58,1827887960,ΓΣ ΦΑΡΟΣ ΛΑΡΙΣΑΣ,11,26,True
2017-18,00000061,ΒΑΣΙΛΕΙΑΔΗΣ Κώστας,ΕΛΛΑΔΑ,6,23.62,141.72,True,ESAKE country,False,https://www.esake.gr/el/action/EsakeStats?mode=2&idchampionship=42C43378&idseason=00000001,00000014,00000020,ΤΡΙΚΑΛΑ BC ARIES,14,26,True
2017-18,00000065,ΒΑΣΙΛΟΠΟΥΛΟΣ Παναγιώτης,ΕΛΛΑΔΑ,23,22.38,514.74,True,ESAKE country,False,https://www.esake.gr/el/action/EsakeStats?mode=2&idchampionship=42C43378&idseason=00000001,00000010,00000016,ΑΕΚ,5,26,False
2017-18,0000006B,ΒΕΡΓΙΝΗΣ Δημήτρης,ΕΛΛΑΔΑ,25,14.58,364.5,True,ESAKE country,False,https://www.esake.gr/el/action/EsakeStats?mode=2&idchampionship=42C43378&idseason=00000001,F7D46144,37076412,ΛΑΥΡΙΟ DHI,6,26,False
2017-18,1F2691B1,ΒΙΛΙΑΜΣΟΝ Χοερντούρ,ΙΣΛΑΝΔΙΑ,5,17.52,87.6,False,ESAKE country,False,https://www.esake.gr/el/action/EsakeStats?mode=2&idchampionship=42C43378&idseason=00000001,DD83ED41,478556607,ΚΥΜΗ,7,26,False
2017-18,2010C1CD,ΒΟΝ Κουαμέ,,5,20.75,103.75,False,FIBA nationality (USA); ESAKE country blank,False,https://www.esake.gr/el/action/EsakeStats?mode=2&idchampionship=42C43378&idseason=00000001,00000005,00000005,ΑΡΗΣ,9,26,True
2017-18,0000007A,ΒΟΥΓΙΟΥΚΑΣ Ίαν,ΕΛΛΑΔΑ,26,12.69,329.94,True,ESAKE country,False,https://www.esake.gr/el/action/EsakeStats?mode=2&idchampionship=42C43378&idseason=00000001,00000001,00000001,ΠΑΝΑΘΗΝΑΪΚΟΣ AKTOR,1,26,False
2017-18,F0A66983,ΒΟΥΛΓΑΡΟΠΟΥΛΟΣ Στράτος,ΕΛΛΑΔΑ,0,0.0,0.0,True,ESAKE country,False,https://www.esake.gr/el/action/EsakeStats?mode=2&idchampionship=42C43378&idseason=00000001,00000005,00000005,ΑΡΗΣ,9,26,True
2017-18,14D7B80F,ΓΕΡΟΜΙΧΑΛΟΣ Δημήτρης,ΕΛΛΑΔΑ,16,6.24,99.84,True,ESAKE country,False,https://www.esake.gr/el/action/EsakeStats?mode=2&idchampionship=42C43378&idseason=00000001,DD83ED41,478556607,ΚΥΜΗ,7,26,False
2017-18,00000738,ΓΕΡΟΜΙΧΑΛΟΣ Πέτρος,ΕΛΛΑΔΑ,19,9.48,180.12,True,ESAKE country,False,https://www.esake.gr/el/action/EsakeStats?mode=2&idchampionship=42C43378&idseason=00000001,2A25C696,607118742,ΠΡΟΜΗΘΕΑΣ ΠΑΤΡΑΣ ΒΙΚΟΣ COLA,3,26,False
2017-18,00000091,ΓΕΩΡΓΑΛΛΗΣ Γιάννης,ΕΛΛΑΔΑ,23,15.82,363.86,True,ESAKE country,False,https://www.esake.gr/el/action/EsakeStats?mode=2&idchampionship=42C43378&idseason=00000001,0000000A,00000010,ΚΟΛΟΣΣΟΣ H HOTELS COLLECTION,8,26,True
2017-18,E8EF3FC4,ΓΙΑΝΓΚ Μπράντον,ΗΠΑ,10,28.62,286.2,False,ESAKE country,False,https://www.esake.gr/el/action/EsakeStats?mode=2&idchampionship=42C43378&idseason=00000001,0000000A,00000010,ΚΟΛΟΣΣΟΣ H HOTELS COLLECTION,8,26,True
2017-18,57D6EB4B,ΓΙΑΝΝΑΚΟΠΟΥΛΟΣ Σάκης,ΕΛΛΑΔΑ,12,5.64,67.68,True,ESAKE country,False,https://www.esake.gr/el/action/EsakeStats?mode=2&idchampionship=42C43378&idseason=00000001,F7D46144,37076412,ΛΑΥΡΙΟ DHI,6,26,False
2017-18,000000A4,ΓΙΑΝΝΟΠΟΥΛΟΣ Χάρης,ΕΛΛΑΔΑ,26,25.96,674.96,True,ESAKE country,False,https://www.esake.gr/el/action/EsakeStats?mode=2&idchampionship=42C43378&idseason=00000001,0000000E,00000014,ΡΕΘΥΜΝΟ CRETAN KINGS,10,26,True
2017-18,CD9E2F44,ΓΚΑΛΟΓΟΥΕΪ Κέβιν,ΗΠΑ,7,14.7,102.9,False,ESAKE country,False,https://www.esake.gr/el/action/EsakeStats?mode=2&idchampionship=42C43378&idseason=00000001,72E93C58,1827887960,ΓΣ ΦΑΡΟΣ ΛΑΡΙΣΑΣ,11,26,True
2017-18,F3E4013A,ΓΚΑΜΠΡΙΕΛ Κένι,ΗΠΑ,13,15.76,204.88,False,ESAKE country,False,https://www.esake.gr/el/action/EsakeStats?mode=2&idchampionship=42C43378&idseason=00000001,00000001,00000001,ΠΑΝΑΘΗΝΑΪΚΟΣ AKTOR,1,26,False
2017-18,CC57C559,ΓΚΙΚΑΣ Νίκος,ΕΛΛΑΔΑ,26,25.73,668.98,True,ESAKE country,False,https://www.esake.gr/el/action/EsakeStats?mode=2&idchampionship=42C43378&idseason=00000001,2A25C696,607118742,ΠΡΟΜΗΘΕΑΣ ΠΑΤΡΑΣ ΒΙΚΟΣ COLA,3,26,False
2017-18,00000722,ΓΚΙΣΤ Τζέιμς,ΗΠΑ,25,18.64,466.0,False,ESAKE country,False,https://www.esake.gr/el/action/EsakeStats?mode=2&idchampionship=42C43378&idseason=00000001,00000001,00000001,ΠΑΝΑΘΗΝΑΪΚΟΣ AKTOR,1,26,False
2017-18,132152A2,ΓΚΟΣ Φιλ,ΗΠΑ,20,26.37,527.4,False,ESAKE country,False,https://www.esake.gr/el/action/EsakeStats?mode=2&idchampionship=42C43378&idseason=00000001,0000000C,00000012,ΠΑΟΚ,4,26,False
2017-18,43EE38D6,ΓΚΟΥΝΤΓΟΥΪΝ Σακίλ,ΗΠΑ,25,26.76,669.0,False,ESAKE country,False,https://www.esake.gr/el/action/EsakeStats?mode=2&idchampionship=42C43378&idseason=00000001,0000000E,00000014,ΡΕΘΥΜΝΟ CRETAN KINGS,10,26,True
2017-18,673606D7,ΓΚΡΕΪ Στίβεν,ΗΠΑ,14,24.0,336.0,False,ESAKE country,False,https://www.esake.gr/el/action/EsakeStats?mode=2&idchampionship=42C43378&idseason=00000001,F7D46144,37076412,ΛΑΥΡΙΟ DHI,6,26,False
2017-18,96A2323E,ΓΚΡΙΝ Μάικ,ΗΠΑ,26,26.95,700.7,False,ESAKE country,False,https://www.esake.gr/el/action/EsakeStats?mode=2&idchampionship=42C43378&idseason=00000001,00000010,00000016,ΑΕΚ,5,26,False
2017-18,8AEBB15C,ΓΚΡΙΦΙΝ Μάλκολμ,ΗΠΑ,13,27.44,356.72,False,ESAKE country,False,https://www.esake.gr/el/action/EsakeStats?mode=2&idchampionship=42C43378&idseason=00000001,0000000A,00000010,ΚΟΛΟΣΣΟΣ H HOTELS COLLECTION,8,26,True
2017-18,00000103,ΓΛΥΝΙΑΔΑΚΗΣ Ανδρέας,ΕΛΛΑΔΑ,22,7.23,159.06,True,ESAKE country,False,https://www.esake.gr/el/action/EsakeStats?mode=2&idchampionship=42C43378&idseason=00000001,DD83ED41,478556607,ΚΥΜΗ,7,26,False
2017-18,035D7726,ΓΟΥΪΒΕΡ Κάιλ,ΗΠΑ,10,19.47,194.7,False,ESAKE country,False,https://www.esake.gr/el/action/EsakeStats?mode=2&idchampionship=42C43378&idseason=00000001,00000005,00000005,ΑΡΗΣ,9,26,True
2017-18,E6C09C3A,ΓΟΥΝΤΣ Τόνι,ΗΠΑ,3,9.8,29.4,False,ESAKE country,False,https://www.esake.gr/el/action/EsakeStats?mode=2&idchampionship=42C43378&idseason=00000001,00000003,00000003,ΠΑΝΙΩΝΙΟΣ COSMORAMA TRAVEL,12,26,True
2017-18,D7491EFB,ΓΡΑΒΑΣ Δημήτρης,ΕΛΛΑΔΑ,0,0.0,0.0,True,ESAKE country,False,https://www.esake.gr/el/action/EsakeStats?mode=2&idchampionship=42C43378&idseason=00000001,2A25C696,607118742,ΠΡΟΜΗΘΕΑΣ ΠΑΤΡΑΣ ΒΙΚΟΣ COLA,3,26,False
2017-18,0000071F,ΔΗΜΑΚΟΣ Γιάννης,ΕΛΛΑΔΑ,23,9.09,209.07,True,ESAKE country,False,https://www.esake.gr/el/action/EsakeStats?mode=2&idchampionship=42C43378&idseason=00000001,2A25C696,607118742,ΠΡΟΜΗΘΕΑΣ ΠΑΤΡΑΣ ΒΙΚΟΣ COLA,3,26,False
2017-18,00000728,ΔΙΑΜΑΝΤΑΚΟΣ Γιώργος,ΕΛΛΑΔΑ,24,9.17,220.08,True,ESAKE country,False,https://www.esake.gr/el/action/EsakeStats?mode=2&idchampionship=42C43378&idseason=00000001,72E93C58,1827887960,ΓΣ ΦΑΡΟΣ ΛΑΡΙΣΑΣ,11,26,True
2017-18,647ACEAC,ΔΙΠΛΑΡΟΣ Νίκος,ΕΛΛΑΔΑ,22,13.04,286.88,True,ESAKE country,False,https://www.esake.gr/el/action/EsakeStats?mode=2&idchampionship=42C43378&idseason=00000001,00000003,00000003,ΠΑΝΙΩΝΙΟΣ COSMORAMA TRAVEL,12,26,True
2017-18,02861A18,ΔΡΑΓΑΤΗΣ Αγγελος,ΕΛΛΑΔΑ,9,2.54,22.86,True,ESAKE country,False,https://www.esake.gr/el/action/EsakeStats?mode=2&idchampionship=42C43378&idseason=00000001,0000000E,00000014,ΡΕΘΥΜΝΟ CRETAN KINGS,10,26,True
2017-18,39526F11,ΕΒΑΝΣ Σον,ΗΠΑ,9,23.02,207.18,False,ESAKE country,False,https://www.esake.gr/el/action/EsakeStats?mode=2&idchampionship=42C43378&idseason=00000001,2A25C696,607118742,ΠΡΟΜΗΘΕΑΣ ΠΑΤΡΑΣ ΒΙΚΟΣ COLA,3,26,False
2017-18,EC776B46,ΕΖΟΜΟ Κωνσταντίνος,ΕΛΛΑΔΑ,5,1.39,6.95,True,ESAKE country,False,https://www.esake.gr/el/action/EsakeStats?mode=2&idchampionship=42C43378&idseason=00000001,DD83ED41,478556607,ΚΥΜΗ,7,26,False
2017-18,9738A1FA,ΕΛΙΣ Οκτάβιους,ΗΠΑ,17,17.11,290.87,False,ESAKE country,False,https://www.esake.gr/el/action/EsakeStats?mode=2&idchampionship=42C43378&idseason=00000001,2A25C696,607118742,ΠΡΟΜΗΘΕΑΣ ΠΑΤΡΑΣ ΒΙΚΟΣ COLA,3,26,False
2017-18,00000131,ΕΛΟΝΟΥ Τσιμενέλου,ΝΙΓΗΡΙΑ,12,13.33,159.96,False,ESAKE country,False,https://www.esake.gr/el/action/EsakeStats?mode=2&idchampionship=42C43378&idseason=00000001,00000010,00000016,ΑΕΚ,5,26,False
2017-18,F0297306,ΕΝΤΟΥΑΡΝΤΣ Μάριο,ΗΠΑ,4,10.87,43.48,False,ESAKE country,False,https://www.esake.gr/el/action/EsakeStats?mode=2&idchampionship=42C43378&idseason=00000001,DD83ED41,478556607,ΚΥΜΗ,7,26,False
2017-18,CCD3ABD1,ΕΡΜΕΙΔΗΣ Δημήτρης,ΕΛΛΑΔΑ,1,1.02,1.02,True,ESAKE country,False,https://www.esake.gr/el/action/EsakeStats?mode=2&idchampionship=42C43378&idseason=00000001,2A25C696,607118742,ΠΡΟΜΗΘΕΑΣ ΠΑΤΡΑΣ ΒΙΚΟΣ COLA,3,26,False
2017-18,28F91DC1,ΖΑΜΠΕΤΑΚΗΣ Νίκος,ΕΛΛΑΔΑ,0,0.0,0.0,True,ESAKE country,False,https://www.esake.gr/el/action/EsakeStats?mode=2&idchampionship=42C43378&idseason=00000001,0000000E,00000014,ΡΕΘΥΜΝΟ CRETAN KINGS,10,26,True
2017-18,00000140,ΖΑΡΑΣ Θοδωρής,ΕΛΛΑΔΑ,24,15.12,362.88,True,ESAKE country,False,https://www.esake.gr/el/action/EsakeStats?mode=2&idchampionship=42C43378&idseason=00000001,0000000C,00000012,ΠΑΟΚ,4,26,False
2017-18,4B2C60E7,ΘΕΟΔΩΡΙΔΗΣ Ηλίας,ΕΛΛΑΔΑ,13,3.65,47.45,True,ESAKE country,False,https://www.esake.gr/el/action/EsakeStats?mode=2&idchampionship=42C43378&idseason=00000001,0000000E,00000014,ΡΕΘΥΜΝΟ CRETAN KINGS,10,26,True
2017-18,00000167,ΚΑΒΒΑΔΑΣ Βασίλης,ΕΛΛΑΔΑ,19,8.97,170.43,True,ESAKE country,False,https://www.esake.gr/el/action/EsakeStats?mode=2&idchampionship=42C43378&idseason=00000001,00000010,00000016,ΑΕΚ,5,26,False
2017-18,6C223AB0,ΚΑΪΖΕΡ Μάικλ,ΗΠΑ,20,15.47,309.4,False,ESAKE country,False,https://www.esake.gr/el/action/EsakeStats?mode=2&idchampionship=42C43378&idseason=00000001,DD83ED41,478556607,ΚΥΜΗ,7,26,False
2017-18,16AE30FC,ΚΑΚΛΑΜΑΝΑΚΗΣ Δημήτρης,ΕΛΛΑΔΑ,26,17.19,446.94,True,ESAKE country,False,https://www.esake.gr/el/action/EsakeStats?mode=2&idchampionship=42C43378&idseason=00000001,F7D46144,37076412,ΛΑΥΡΙΟ DHI,6,26,False
2017-18,00000174,ΚΑΛΑΘΗΣ Νικ,ΕΛΛΑΔΑ,25,20.3,507.5,True,ESAKE country,False,https://www.esake.gr/el/action/EsakeStats?mode=2&idchampionship=42C43378&idseason=00000001,00000001,00000001,ΠΑΝΑΘΗΝΑΪΚΟΣ AKTOR,1,26,False
2017-18,B9778770,ΚΑΛΑΪΤΖΑΚΗΣ Γιώργος,ΕΛΛΑΔΑ,11,10.21,112.31,True,ESAKE country,False,https://www.esake.gr/el/action/EsakeStats?mode=2&idchampionship=42C43378&idseason=00000001,00000001,00000001,ΠΑΝΑΘΗΝΑΪΚΟΣ AKTOR,1,26,False
2017-18,9E3DB04D,ΚΑΛΑΪΤΖΑΚΗΣ Παναγιώτης,ΕΛΛΑΔΑ,4,4.13,16.52,True,ESAKE country,False,https://www.esake.gr/el/action/EsakeStats?mode=2&idchampionship=42C43378&idseason=00000001,00000005,00000005,ΑΡΗΣ,9,26,True
2017-18,00000181,ΚΑΛΟΓΙΑΝΝΙΔΗΣ Φίλιππος,ΕΛΛΑΔΑ,19,14.85,282.15,True,ESAKE country,False,https://www.esake.gr/el/action/EsakeStats?mode=2&idchampionship=42C43378&idseason=00000001,00000014,00000020,ΤΡΙΚΑΛΑ BC ARIES,14,26,True
2017-18,256911ED,ΚΑΜΙΝΓΚΣ Μαρκίθ,ΗΠΑ,8,31.03,248.24,False,ESAKE country,False,https://www.esake.gr/el/action/EsakeStats?mode=2&idchampionship=42C43378&idseason=00000001,00000003,00000003,ΠΑΝΙΩΝΙΟΣ COSMORAMA TRAVEL,12,26,True
2017-18,5099E231,ΚΑΜΠΕΡΙΔΗΣ Γιώργος,ΕΛΛΑΔΑ,20,4.94,98.8,True,ESAKE country,False,https://www.esake.gr/el/action/EsakeStats?mode=2&idchampionship=42C43378&idseason=00000001,00000003,00000003,ΠΑΝΙΩΝΙΟΣ COSMORAMA TRAVEL,12,26,True
2017-18,E42E0A16,ΚΑΜΠΕΡΙΔΗΣ Μιχάλης,ΕΛΛΑΔΑ,1,7.3,7.3,True,ESAKE country,False,https://www.esake.gr/el/action/EsakeStats?mode=2&idchampionship=42C43378&idseason=00000001,00000010,00000016,ΑΕΚ,5,26,False
2017-18,41C2BECE,ΚΑΝΑΤΣΕΒΙΤΣ Χαλίλ,ΗΠΑ,5,26.44,132.2,False,ESAKE country,False,https://www.esake.gr/el/action/EsakeStats?mode=2&idchampionship=42C43378&idseason=00000001,00000014,00000020,ΤΡΙΚΑΛΑ BC ARIES,14,26,True
2017-18,540A3F59,ΚΑΡΑΓΙΩΡΓΟΣ Παναγιώτης,ΕΛΛΑΔΑ,10,10.44,104.4,True,ESAKE country,False,https://www.esake.gr/el/action/EsakeStats?mode=2&idchampionship=42C43378&idseason=00000001,00000014,00000020,ΤΡΙΚΑΛΑ BC ARIES,14,26,True
2017-18,6F0D4B4E,ΚΑΡΑΪΣΚΟΣ Δημήτρης,ΕΛΛΑΔΑ,3,5.76,17.28,True,ESAKE country,False,https://www.esake.gr/el/action/EsakeStats?mode=2&idchampionship=42C43378&idseason=00000001,2A25C696,607118742,ΠΡΟΜΗΘΕΑΣ ΠΑΤΡΑΣ ΒΙΚΟΣ COLA,3,26,False
2017-18,A98272F8,ΚΑΡΑΚΕΧΑΓΙΑΣ Ιωάννης,ΕΛΛΑΔΑ,6,2.53,15.18,True,ESAKE country,False,https://www.esake.gr/el/action/EsakeStats?mode=2&idchampionship=42C43378&idseason=00000001,00000003,00000003,ΠΑΝΙΩΝΙΟΣ COSMORAMA TRAVEL,12,26,True
2017-18,F0DCE864,ΚΑΡΑΜΑΝΩΛΗΣ Δημήτρης,ΕΛΛΑΔΑ,5,2.26,11.3,True,ESAKE country,False,https://www.esake.gr/el/action/EsakeStats?mode=2&idchampionship=42C43378&idseason=00000001,0000000C,00000012,ΠΑΟΚ,4,26,False
2017-18,F600BCB8,ΚΑΡΡΑΣ Θεόδωρος,ΕΛΛΑΔΑ,7,3.25,22.75,True,ESAKE country,False,https://www.esake.gr/el/action/EsakeStats?mode=2&idchampionship=42C43378&idseason=00000001,0000000C,00000012,ΠΑΟΚ,4,26,False
2017-18,2243F67D,ΚΑΡΣΟΝ Τζαχί,ΗΠΑ,25,28.27,706.75,False,ESAKE country,False,https://www.esake.gr/el/action/EsakeStats?mode=2&idchampionship=42C43378&idseason=00000001,B57FA140,1149926848,ΚΟΡΟΙΒΟΣ,13,26,True
2017-18,29801BB7,ΚΑΤΖΟΣ Αλέξιος,ΕΛΛΑΔΑ,3,3.11,9.33,True,ESAKE country,False,https://www.esake.gr/el/action/EsakeStats?mode=2&idchampionship=42C43378&idseason=00000001,B57FA140,1149926848,ΚΟΡΟΙΒΟΣ,13,26,True
2017-18,000001BC,ΚΑΤΣΙΒΕΛΗΣ Δημήτρης,ΕΛΛΑΔΑ,26,24.13,627.38,True,ESAKE country,False,https://www.esake.gr/el/action/EsakeStats?mode=2&idchampionship=42C43378&idseason=00000001,0000000C,00000012,ΠΑΟΚ,4,26,False
2017-18,AC6C0AA6,ΚΕΜΠ Άνταμ,ΗΠΑ,6,12.48,74.88,False,ESAKE country,False,https://www.esake.gr/el/action/EsakeStats?mode=2&idchampionship=42C43378&idseason=00000001,B57FA140,1149926848,ΚΟΡΟΙΒΟΣ,13,26,True
2017-18,23908F17,ΚΙΛΙ Ρέντζι,ΗΠΑ,16,15.82,253.12,False,ESAKE country,False,https://www.esake.gr/el/action/EsakeStats?mode=2&idchampionship=42C43378&idseason=00000001,72E93C58,1827887960,ΓΣ ΦΑΡΟΣ ΛΑΡΙΣΑΣ,11,26,True
2017-18,F6B0AACA,ΚΛΑΣΕΝ Όουεν,ΚΑΝΑΔΑΣ,9,15.87,142.83,False,ESAKE country,False,https://www.esake.gr/el/action/EsakeStats?mode=2&idchampionship=42C43378&idseason=00000001,0000000C,00000012,ΠΑΟΚ,4,26,False
2017-18,2F955517,ΚΟΝ Τράβις,ΗΠΑ,9,21.15,190.35,False,ESAKE country,False,https://www.esake.gr/el/action/EsakeStats?mode=2&idchampionship=42C43378&idseason=00000001,B57FA140,1149926848,ΚΟΡΟΙΒΟΣ,13,26,True
2017-18,DA2A002F,ΚΟΝΕΡ Ουίλι,ΗΠΑ,1,15.73,15.73,False,ESAKE country,False,https://www.esake.gr/el/action/EsakeStats?mode=2&idchampionship=42C43378&idseason=00000001,72E93C58,1827887960,ΓΣ ΦΑΡΟΣ ΛΑΡΙΣΑΣ,11,26,True
2017-18,CF580EB7,ΚΟΝΙΑΡΗΣ Αντώνης,ΕΛΛΑΔΑ,20,19.36,387.2,True,ESAKE country,False,https://www.esake.gr/el/action/EsakeStats?mode=2&idchampionship=42C43378&idseason=00000001,0000000C,00000012,ΠΑΟΚ,4,26,False
2017-18,76B8E363,ΚΟΥΑΚΟΥΜΕΝΣΑ Σεντρίκ,ΗΠΑ,13,11.88,154.44,False,ESAKE country,False,https://www.esake.gr/el/action/EsakeStats?mode=2&idchampionship=42C43378&idseason=00000001,00000003,00000003,ΠΑΝΙΩΝΙΟΣ COSMORAMA TRAVEL,12,26,True
2017-18,4C0E5F4B,ΚΟΥΖΕΛΟΓΛΟΥ Γιάννης,ΕΛΛΑΔΑ,26,17.2,447.2,True,ESAKE country,False,https://www.esake.gr/el/action/EsakeStats?mode=2&idchampionship=42C43378&idseason=00000001,F7D46144,37076412,ΛΑΥΡΙΟ DHI,6,26,False
2017-18,7C199948,ΚΡΑΒΙΤΣ Ντέγιαν,ΣΕΡΒΙΑ,22,18.93,416.46,False,ESAKE country,False,https://www.esake.gr/el/action/EsakeStats?mode=2&idchampionship=42C43378&idseason=00000001,00000003,00000003,ΠΑΝΙΩΝΙΟΣ COSMORAMA TRAVEL,12,26,True
2017-18,C1EB5AD0,ΚΡΟΥΜΠΑΛΙ Ουσμάν,ΗΠΑ,25,18.4,460.0,False,ESAKE country,False,https://www.esake.gr/el/action/EsakeStats?mode=2&idchampionship=42C43378&idseason=00000001,0000000C,00000012,ΠΑΟΚ,4,26,False
2017-18,0000073F,ΚΩΤΤΑΣ Θωμάς,ΕΛΛΑΔΑ,26,12.12,315.12,True,ESAKE country,False,https://www.esake.gr/el/action/EsakeStats?mode=2&idchampionship=42C43378&idseason=00000001,0000000E,00000014,ΡΕΘΥΜΝΟ CRETAN KINGS,10,26,True
2017-18,E1413CCE,ΛΑΓΟΥΔΑΚΗΣ Γρηγόρης,ΕΛΛΑΔΑ,0,0.0,0.0,True,ESAKE country,False,https://www.esake.gr/el/action/EsakeStats?mode=2&idchampionship=42C43378&idseason=00000001,0000000E,00000014,ΡΕΘΥΜΝΟ CRETAN KINGS,10,26,True
2017-18,961F908E,ΛΑΜΠ Ντορόν,ΗΠΑ,14,26.89,376.46,False,ESAKE country,False,https://www.esake.gr/el/action/EsakeStats?mode=2&idchampionship=42C43378&idseason=00000001,F7D46144,37076412,ΛΑΥΡΙΟ DHI,6,26,False
2017-18,000006C7,ΛΑΝΓΚΦΟΡΝΤ Κέβιν,ΗΠΑ,10,26.37,263.7,False,ESAKE country,False,https://www.esake.gr/el/action/EsakeStats?mode=2&idchampionship=42C43378&idseason=00000001,B57FA140,1149926848,ΚΟΡΟΙΒΟΣ,13,26,True
2017-18,00000245,ΛΑΡΕΝΤΖΑΚΗΣ Γιαννούλης,ΕΛΛΑΔΑ,25,20.46,511.5,True,ESAKE country,False,https://www.esake.gr/el/action/EsakeStats?mode=2&idchampionship=42C43378&idseason=00000001,00000010,00000016,ΑΕΚ,5,26,False
2017-18,4F22396B,ΛΕΓΚΙΚΑΣ Δημήτρης,ΕΛΛΑΔΑ,14,5.45,76.3,True,ESAKE country,False,https://www.esake.gr/el/action/EsakeStats?mode=2&idchampionship=42C43378&idseason=00000001,F7D46144,37076412,ΛΑΥΡΙΟ DHI,6,26,False
2017-18,B2A41EE3,ΛΕΚΑΒΙΤΣΙΟΥΣ Λούκας,ΛΙΘΟΥΑΝΙΑ,24,19.77,474.48,False,ESAKE country,False,https://www.esake.gr/el/action/EsakeStats?mode=2&idchampionship=42C43378&idseason=00000001,00000001,00000001,ΠΑΝΑΘΗΝΑΪΚΟΣ AKTOR,1,26,False
2017-18,DAE822EB,ΛΙ Άντονι,ΗΠΑ,21,17.56,368.76,False,ESAKE country,False,https://www.esake.gr/el/action/EsakeStats?mode=2&idchampionship=42C43378&idseason=00000001,0000000E,00000014,ΡΕΘΥΜΝΟ CRETAN KINGS,10,26,True
2017-18,8FAF270E,ΛΙΠΟΒΙ Ολεξαντερ,ΟΥΚΡΑΝΙΑ,25,25.24,631.0,False,ESAKE country,False,https://www.esake.gr/el/action/EsakeStats?mode=2&idchampionship=42C43378&idseason=00000001,2A25C696,607118742,ΠΡΟΜΗΘΕΑΣ ΠΑΤΡΑΣ ΒΙΚΟΣ COLA,3,26,False
2017-18,7E196AB8,ΛΟΤΖΕΣΚΙ Ματ,ΒΕΛΓΙΟ,13,17.94,233.22,False,ESAKE country,False,https://www.esake.gr/el/action/EsakeStats?mode=2&idchampionship=42C43378&idseason=00000001,00000001,00000001,ΠΑΝΑΘΗΝΑΪΚΟΣ AKTOR,1,26,False
2017-18,2BB1AF1F,ΛΟΥΝΤΖΗΣ Μιχάλης,ΕΛΛΑΔΑ,23,27.37,629.51,True,ESAKE country,False,https://www.esake.gr/el/action/EsakeStats?mode=2&idchampionship=42C43378&idseason=00000001,00000014,00000020,ΤΡΙΚΑΛΑ BC ARIES,14,26,True
2017-18,F9233702,ΜΑΚ ΓΚΙ Γκάρι,ΗΠΑ,23,23.19,533.37,False,ESAKE country,False,https://www.esake.gr/el/action/EsakeStats?mode=2&idchampionship=42C43378&idseason=00000001,DD83ED41,478556607,ΚΥΜΗ,7,26,False
2017-18,A8C89895,ΜΑΚ ΛΙΝ Τζαμέλ,ΗΠΑ,25,17.96,449.0,False,ESAKE country,False,https://www.esake.gr/el/action/EsakeStats?mode=2&idchampionship=42C43378&idseason=00000001,00000002,00000002,ΟΛΥΜΠΙΑΚΟΣ,2,26,False
2017-18,F1C221A8,ΜΑΚ ΝΙΛΙ Κρις,ΗΠΑ,12,29.47,353.64,False,ESAKE country,False,https://www.esake.gr/el/action/EsakeStats?mode=2&idchampionship=42C43378&idseason=00000001,00000003,00000003,ΠΑΝΙΩΝΙΟΣ COSMORAMA TRAVEL,12,26,True
2017-18,92D602E8,ΜΑΚ ΦΑΝΤΕΝ Θάντους,ΗΠΑ,20,33.4,668.0,False,ESAKE country,False,https://www.esake.gr/el/action/EsakeStats?mode=2&idchampionship=42C43378&idseason=00000001,DD83ED41,478556607,ΚΥΜΗ,7,26,False
2017-18,0000029C,ΜΑΝΤΖΑΡΗΣ Βαγγέλης,ΕΛΛΑΔΑ,20,21.0,420.0,True,ESAKE country,False,https://www.esake.gr/el/action/EsakeStats?mode=2&idchampionship=42C43378&idseason=00000001,00000002,00000002,ΟΛΥΜΠΙΑΚΟΣ,2,26,False
2017-18,24974100,ΜΑΝΤΖΟΥΚΑΣ Λευτέρης,ΕΛΛΑΔΑ,4,9.0,36.0,True,ESAKE country,False,https://www.esake.gr/el/action/EsakeStats?mode=2&idchampionship=42C43378&idseason=00000001,2A25C696,607118742,ΠΡΟΜΗΘΕΑΣ ΠΑΤΡΑΣ ΒΙΚΟΣ COLA,3,26,False
2017-18,000002A2,ΜΑΝΩΛΟΠΟΥΛΟΣ Σωτήρης,ΕΛΛΑΔΑ,24,21.21,509.04,True,ESAKE country,False,https://www.esake.gr/el/action/EsakeStats?mode=2&idchampionship=42C43378&idseason=00000001,DD83ED41,478556607,ΚΥΜΗ,7,26,False
2017-18,81527E0F,ΜΑΡΑΓΚΙΔΗΣ Νίκος,ΕΛΛΑΔΑ,4,1.95,7.8,True,ESAKE country,False,https://www.esake.gr/el/action/EsakeStats?mode=2&idchampionship=42C43378&idseason=00000001,00000003,00000003,ΠΑΝΙΩΝΙΟΣ COSMORAMA TRAVEL,12,26,True
2017-18,000002A5,ΜΑΡΑΓΚΟΣ Πάρης,ΕΛΛΑΔΑ,25,16.73,418.25,True,ESAKE country,False,https://www.esake.gr/el/action/EsakeStats?mode=2&idchampionship=42C43378&idseason=00000001,72E93C58,1827887960,ΓΣ ΦΑΡΟΣ ΛΑΡΙΣΑΣ,11,26,True
2017-18,0000073D,ΜΑΡΑΣ Ιβάν,ΜΑΥΡΟΒΟΥΝΙΟ,16,27.2,435.2,False,ESAKE country,False,https://www.esake.gr/el/action/EsakeStats?mode=2&idchampionship=42C43378&idseason=00000001,00000005,00000005,ΑΡΗΣ,9,26,True
2017-18,000002A8,ΜΑΡΓΑΡΙΤΗΣ Βαγγέλης,ΕΛΛΑΔΑ,25,17.37,434.25,True,ESAKE country,False,https://www.esake.gr/el/action/EsakeStats?mode=2&idchampionship=42C43378&idseason=00000001,0000000C,00000012,ΠΑΟΚ,4,26,False
2017-18,E32251F7,ΜΑΡΓΕΛΗΣ Δημήτρης,ΕΛΛΑΔΑ,3,1.13,3.39,True,ESAKE country,False,https://www.esake.gr/el/action/EsakeStats?mode=2&idchampionship=42C43378&idseason=00000001,DD83ED41,478556607,ΚΥΜΗ,7,26,False
2017-18,49CDF103,ΜΑΡΕΪ Τζούνιορ Λαμόντ,ΗΠΑ,12,29.32,351.84,False,ESAKE country,False,https://www.esake.gr/el/action/EsakeStats?mode=2&idchampionship=42C43378&idseason=00000001,00000014,00000020,ΤΡΙΚΑΛΑ BC ARIES,14,26,True
2017-18,000002C6,ΜΑΥΡΟΕΙΔΗΣ Δημήτρης,ΕΛΛΑΔΑ,26,15.3,397.8,True,ESAKE country,False,https://www.esake.gr/el/action/EsakeStats?mode=2&idchampionship=42C43378&idseason=00000001,00000010,00000016,ΑΕΚ,5,26,False
2017-18,BFC527CE,ΜΕΪΕΡ Τόνι,ΗΠΑ,26,26.21,681.46,False,ESAKE country,False,https://www.esake.gr/el/action/EsakeStats?mode=2&idchampionship=42C43378&idseason=00000001,F7D46144,37076412,ΛΑΥΡΙΟ DHI,6,26,False
2017-18,708B0447,ΜΕΝΤΛΟΚ Κάρλος,ΗΠΑ,5,20.49,102.45,False,ESAKE country,False,https://www.esake.gr/el/action/EsakeStats?mode=2&idchampionship=42C43378&idseason=00000001,0000000E,00000014,ΡΕΘΥΜΝΟ CRETAN KINGS,10,26,True
2017-18,7BEFD487,ΜΕΧΙΝΤΙ Τοσίν,ΝΙΓΗΡΙΑ,5,8.19,40.95,False,ESAKE country,False,https://www.esake.gr/el/action/EsakeStats?mode=2&idchampionship=42C43378&idseason=00000001,F7D46144,37076412,ΛΑΥΡΙΟ DHI,6,26,False
2017-18,7F6E6DE3,ΜΗΤΟΓΛΟΥ Κωνσταντίνος,ΕΛΛΑΔΑ,24,13.79,330.96,True,ESAKE country,False,https://www.esake.gr/el/action/EsakeStats?mode=2&idchampionship=42C43378&idseason=00000001,00000001,00000001,ΠΑΝΑΘΗΝΑΪΚΟΣ AKTOR,1,26,False
2017-18,E1163650,ΜΗΤΣΙΜΠΟΝΑΣ Ελευθέριος,ΕΛΛΑΔΑ,6,1.14,6.84,True,ESAKE country,False,https://www.esake.gr/el/action/EsakeStats?mode=2&idchampionship=42C43378&idseason=00000001,DD83ED41,478556607,ΚΥΜΗ,7,26,False
2017-18,E199BC3C,ΜΙΛΕΝΤΙΓΙΕΒΙΤΣ Ιάκωβος,ΕΛΛΑΔΑ,24,8.52,204.48,True,ESAKE country,False,https://www.esake.gr/el/action/EsakeStats?mode=2&idchampionship=42C43378&idseason=00000001,B57FA140,1149926848,ΚΟΡΟΙΒΟΣ,13,26,True
2017-18,9198D674,ΜΙΛΟΣΕΒΙΤΣ Μίλαν,ΒΟΣΝΙΑ,20,25.45,509.0,False,ESAKE country,False,https://www.esake.gr/el/action/EsakeStats?mode=2&idchampionship=42C43378&idseason=00000001,2A25C696,607118742,ΠΡΟΜΗΘΕΑΣ ΠΑΤΡΑΣ ΒΙΚΟΣ COLA,3,26,False
2017-18,E6EC7439,ΜΙΛΟΥΤΙΝΟΦ Νίκολα,ΣΕΡΒΙΑ,19,18.69,355.11,False,ESAKE country,False,https://www.esake.gr/el/action/EsakeStats?mode=2&idchampionship=42C43378&idseason=00000001,00000002,00000002,ΟΛΥΜΠΙΑΚΟΣ,2,26,False
2017-18,000002F2,ΜΙΧΑΛΟΣ Νίκος,ΕΛΛΑΔΑ,8,13.87,110.96,True,ESAKE country,False,https://www.esake.gr/el/action/EsakeStats?mode=2&idchampionship=42C43378&idseason=00000001,00000003,00000003,ΠΑΝΙΩΝΙΟΣ COSMORAMA TRAVEL,12,26,True
2017-18,00000713,ΜΟΛΦΕΤΑΣ Γιάννης,ΕΛΛΑΔΑ,7,9.01,63.07,True,ESAKE country,False,https://www.esake.gr/el/action/EsakeStats?mode=2&idchampionship=42C43378&idseason=00000001,00000003,00000003,ΠΑΝΙΩΝΙΟΣ COSMORAMA TRAVEL,12,26,True
2017-18,C8F75B76,ΜΟΡΑΝΤ Ντεμετρις,ΗΠΑ,6,6.32,37.92,False,ESAKE country,False,https://www.esake.gr/el/action/EsakeStats?mode=2&idchampionship=42C43378&idseason=00000001,00000005,00000005,ΑΡΗΣ,9,26,True
2017-18,DCEE5DEF,ΜΟΡΙΣ Ιρβιν,ΗΠΑ,10,35.55,355.5,False,ESAKE country,False,https://www.esake.gr/el/action/EsakeStats?mode=2&idchampionship=42C43378&idseason=00000001,00000014,00000020,ΤΡΙΚΑΛΑ BC ARIES,14,26,True
2017-18,00000732,ΜΟΡΙΣΟΝ Ντομινίκ,ΗΠΑ,7,15.42,107.94,False,ESAKE country,False,https://www.esake.gr/el/action/EsakeStats?mode=2&idchampionship=42C43378&idseason=00000001,0000000E,00000014,ΡΕΘΥΜΝΟ CRETAN KINGS,10,26,True
2017-18,95096618,ΜΟΥΝΤΙ Στέφαν,ΗΠΑ,26,24.79,644.54,False,ESAKE country,False,https://www.esake.gr/el/action/EsakeStats?mode=2&idchampionship=42C43378&idseason=00000001,0000000E,00000014,ΡΕΘΥΜΝΟ CRETAN KINGS,10,26,True
2017-18,3F51030A,ΜΟΥΡ Μακένζι,ΗΠΑ,23,27.41,630.43,False,ESAKE country,False,https://www.esake.gr/el/action/EsakeStats?mode=2&idchampionship=42C43378&idseason=00000001,F7D46144,37076412,ΛΑΥΡΙΟ DHI,6,26,False
2017-18,FED5F313,ΜΟΥΡΑΤΟΣ Βασίλης,ΕΛΛΑΔΑ,26,21.63,562.38,True,ESAKE country,False,https://www.esake.gr/el/action/EsakeStats?mode=2&idchampionship=42C43378&idseason=00000001,72E93C58,1827887960,ΓΣ ΦΑΡΟΣ ΛΑΡΙΣΑΣ,11,26,True
2017-18,0000030E,ΜΟΥΡΤΟΣ Σπύρος,ΕΛΛΑΔΑ,26,18.79,488.54,True,ESAKE country,False,https://www.esake.gr/el/action/EsakeStats?mode=2&idchampionship=42C43378&idseason=00000001,00000005,00000005,ΑΡΗΣ,9,26,True
2017-18,7455153A,ΜΠΑΛΟΓΚΑΝ Μάικ,ΗΠΑ,9,9.46,85.14,False,ESAKE country,False,https://www.esake.gr/el/action/EsakeStats?mode=2&idchampionship=42C43378&idseason=00000001,72E93C58,1827887960,ΓΣ ΦΑΡΟΣ ΛΑΡΙΣΑΣ,11,26,True
2017-18,C2D2141F,ΜΠΑΝΤΕΡ Τράβις,ΗΠΑ,18,17.98,323.64,False,ESAKE country,False,https://www.esake.gr/el/action/EsakeStats?mode=2&idchampionship=42C43378&idseason=00000001,72E93C58,1827887960,ΓΣ ΦΑΡΟΣ ΛΑΡΙΣΑΣ,11,26,True
2017-18,307EB50D,ΜΠΑΡΛΟΟΥ Κέλσι,ΗΠΑ,15,19.66,294.9,False,ESAKE country,False,https://www.esake.gr/el/action/EsakeStats?mode=2&idchampionship=42C43378&idseason=00000001,00000010,00000016,ΑΕΚ,5,26,False
2017-18,0000032B,ΜΠΑΡΛΟΣ Νίκος,ΕΛΛΑΔΑ,22,14.81,325.82,True,ESAKE country,False,https://www.esake.gr/el/action/EsakeStats?mode=2&idchampionship=42C43378&idseason=00000001,DD83ED41,478556607,ΚΥΜΗ,7,26,False
2017-18,00000330,ΜΠΑΡΤ Στίβεν Τζ.,ΗΠΑ,8,26.73,213.84,False,ESAKE country,False,https://www.esake.gr/el/action/EsakeStats?mode=2&idchampionship=42C43378&idseason=00000001,72E93C58,1827887960,ΓΣ ΦΑΡΟΣ ΛΑΡΙΣΑΣ,11,26,True
2017-18,4C5EFC53,ΜΠΕΚΡΗΣ Αντρέας,ΕΛΛΑΔΑ,14,1.79,25.06,True,ESAKE country,False,https://www.esake.gr/el/action/EsakeStats?mode=2&idchampionship=42C43378&idseason=00000001,B57FA140,1149926848,ΚΟΡΟΙΒΟΣ,13,26,True
2017-18,248FCA4D,ΜΠΕΛ Γκάρι,ΗΠΑ,25,22.19,554.75,False,ESAKE country,False,https://www.esake.gr/el/action/EsakeStats?mode=2&idchampionship=42C43378&idseason=00000001,00000005,00000005,ΑΡΗΣ,9,26,True
2017-18,C759CFC1,ΜΠΕΝΣΟΝ Κιθ,ΗΠΑ,9,18.52,166.68,False,ESAKE country,False,https://www.esake.gr/el/action/EsakeStats?mode=2&idchampionship=42C43378&idseason=00000001,00000005,00000005,ΑΡΗΣ,9,26,True
2017-18,ED874474,ΜΠΙΛΛΗΣ Σωτήρης,ΕΛΛΑΔΑ,18,5.76,103.68,True,ESAKE country,False,https://www.esake.gr/el/action/EsakeStats?mode=2&idchampionship=42C43378&idseason=00000001,0000000A,00000010,ΚΟΛΟΣΣΟΣ H HOTELS COLLECTION,8,26,True
2017-18,00000366,ΜΠΟΓΡΗΣ Γιώργος,ΕΛΛΑΔΑ,25,10.4,260.0,True,ESAKE country,False,https://www.esake.gr/el/action/EsakeStats?mode=2&idchampionship=42C43378&idseason=00000001,00000002,00000002,ΟΛΥΜΠΙΑΚΟΣ,2,26,False
2017-18,0000037E,ΜΠΟΧΩΡΙΔΗΣ Ελευθέριος,ΕΛΛΑΔΑ,21,24.77,520.17,True,ESAKE country,False,https://www.esake.gr/el/action/EsakeStats?mode=2&idchampionship=42C43378&idseason=00000001,00000005,00000005,ΑΡΗΣ,9,26,True
2017-18,00000389,ΜΠΡΑΟΥΝ Μπόμπι,ΗΠΑ,10,18.54,185.4,False,ESAKE country,False,https://www.esake.gr/el/action/EsakeStats?mode=2&idchampionship=42C43378&idseason=00000001,00000002,00000002,ΟΛΥΜΠΙΑΚΟΣ,2,26,False
2017-18,9D30516E,ΜΠΡΕΪ Τι Τζέι,ΗΠΑ,25,28.97,724.25,False,ESAKE country,False,https://www.esake.gr/el/action/EsakeStats?mode=2&idchampionship=42C43378&idseason=00000001,0000000A,00000010,ΚΟΛΟΣΣΟΣ H HOTELS COLLECTION,8,26,True
2017-18,6E707337,ΜΠΡΕΪΖΕΛΤΟΝ Τάιρον,ΗΠΑ,10,29.31,293.1,False,ESAKE country,False,https://www.esake.gr/el/action/EsakeStats?mode=2&idchampionship=42C43378&idseason=00000001,00000003,00000003,ΠΑΝΙΩΝΙΟΣ COSMORAMA TRAVEL,12,26,True
2017-18,E79B2944,ΜΩΡΑΪΤΗΣ Δημήτρης,ΕΛΛΑΔΑ,6,6.61,39.66,True,ESAKE country,False,https://www.esake.gr/el/action/EsakeStats?mode=2&idchampionship=42C43378&idseason=00000001,00000010,00000016,ΑΕΚ,5,26,False
2017-18,4A939209,ΝΙΞΟΝ Τζαμάλ,ΗΠΑ,25,25.42,635.5,False,ESAKE country,False,https://www.esake.gr/el/action/EsakeStats?mode=2&idchampionship=42C43378&idseason=00000001,F7D46144,37076412,ΛΑΥΡΙΟ DHI,6,26,False
2017-18,51AB09C1,ΝΟΥΑΜΟΥ Ίκε,ΗΠΑ,5,19.84,99.2,False,ESAKE country,False,https://www.esake.gr/el/action/EsakeStats?mode=2&idchampionship=42C43378&idseason=00000001,F7D46144,37076412,ΛΑΥΡΙΟ DHI,6,26,False
2017-18,DDF055A3,ΝΤΑΛΟ Μπορίς,ΓΑΛΛΙΑ,22,28.12,618.64,False,ESAKE country,False,https://www.esake.gr/el/action/EsakeStats?mode=2&idchampionship=42C43378&idseason=00000001,00000003,00000003,ΠΑΝΙΩΝΙΟΣ COSMORAMA TRAVEL,12,26,True
2017-18,BB72FA72,ΝΤΑΝΙΕΛΣ Τράβις,ΗΠΑ,26,26.6,691.6,False,ESAKE country,False,https://www.esake.gr/el/action/EsakeStats?mode=2&idchampionship=42C43378&idseason=00000001,0000000E,00000014,ΡΕΘΥΜΝΟ CRETAN KINGS,10,26,True
2017-18,3B43DE28,ΝΤΕΚΟΖΙ Κουέντον,ΗΠΑ,26,28.53,741.78,False,ESAKE country,False,https://www.esake.gr/el/action/EsakeStats?mode=2&idchampionship=42C43378&idseason=00000001,B57FA140,1149926848,ΚΟΡΟΙΒΟΣ,13,26,True
2017-18,19D1F2B7,ΝΤΕΝΜΟΝ Μάρκους,ΗΠΑ,23,20.09,462.07,False,ESAKE country,False,https://www.esake.gr/el/action/EsakeStats?mode=2&idchampionship=42C43378&idseason=00000001,00000001,00000001,ΠΑΝΑΘΗΝΑΪΚΟΣ AKTOR,1,26,False
2017-18,9EB41ADD,ΝΤΕΣΙΛΝΤΣ Κέρον,ΗΠΑ,3,21.96,65.88,False,ESAKE country,False,https://www.esake.gr/el/action/EsakeStats?mode=2&idchampionship=42C43378&idseason=00000001,0000000E,00000014,ΡΕΘΥΜΝΟ CRETAN KINGS,10,26,True
2017-18,2473B412,ΝΤΙΚΕΡΣΟΝ Τζόρνταν,ΗΠΑ,9,10.37,93.33,False,ESAKE country,False,https://www.esake.gr/el/action/EsakeStats?mode=2&idchampionship=42C43378&idseason=00000001,B57FA140,1149926848,ΚΟΡΟΙΒΟΣ,13,26,True
2017-18,EC9EB896,ΝΤΙΛΑΡΝΤ Κέβιν,ΗΠΑ,4,21.88,87.52,False,ESAKE country,False,https://www.esake.gr/el/action/EsakeStats?mode=2&idchampionship=42C43378&idseason=00000001,0000000C,00000012,ΠΑΟΚ,4,26,False
2017-18,B5B543AC,ΝΤΟΥΒΙΕ Μπράις,ΗΠΑ,14,13.12,183.68,False,ESAKE country,False,https://www.esake.gr/el/action/EsakeStats?mode=2&idchampionship=42C43378&idseason=00000001,00000005,00000005,ΑΡΗΣ,9,26,True
2017-18,CB25F31E,ΝΤΡΕΪΠΕΡ Ντοβιγιόν,ΗΠΑ,9,15.27,137.43,False,ESAKE country,False,https://www.esake.gr/el/action/EsakeStats?mode=2&idchampionship=42C43378&idseason=00000001,72E93C58,1827887960,ΓΣ ΦΑΡΟΣ ΛΑΡΙΣΑΣ,11,26,True
2017-18,000003F5,ΞΑΝΘΟΠΟΥΛΟΣ Βασίλης,ΕΛΛΑΔΑ,26,17.74,461.24,True,ESAKE country,False,https://www.esake.gr/el/action/EsakeStats?mode=2&idchampionship=42C43378&idseason=00000001,00000010,00000016,ΑΕΚ,5,26,False
2017-18,3E629A8D,Ο' ΜΠΡΑΪΕΝ Τζέικ,ΗΠΑ,2,17.48,34.96,False,ESAKE country,False,https://www.esake.gr/el/action/EsakeStats?mode=2&idchampionship=42C43378&idseason=00000001,DD83ED41,478556607,ΚΥΜΗ,7,26,False
2017-18,2744317D,ΟΓΚΑΣΤ Ζακ,ΕΛΛΑΔΑ,24,13.18,316.32,True,ESAKE country,False,https://www.esake.gr/el/action/EsakeStats?mode=2&idchampionship=42C43378&idseason=00000001,00000001,00000001,ΠΑΝΑΘΗΝΑΪΚΟΣ AKTOR,1,26,False
2017-18,90CF4472,ΟΚΕΡΕΑΦΟΡ Τέντι,ΜΕΓΑΛΗ ΒΡΕΤΑΝΙΑ,18,26.51,477.18,False,ESAKE country,False,https://www.esake.gr/el/action/EsakeStats?mode=2&idchampionship=42C43378&idseason=00000001,DD83ED41,478556607,ΚΥΜΗ,7,26,False
2017-18,C5FB7CED,ΟΥΕΑΡ Κέβιν,ΗΠΑ,8,28.37,226.96,False,ESAKE country,False,https://www.esake.gr/el/action/EsakeStats?mode=2&idchampionship=42C43378&idseason=00000001,72E93C58,1827887960,ΓΣ ΦΑΡΟΣ ΛΑΡΙΣΑΣ,11,26,True
2017-18,A5FF77DA,ΟΥΕΑΡ Ντάστιν,ΗΠΑ,17,19.15,325.55,False,ESAKE country,False,https://www.esake.gr/el/action/EsakeStats?mode=2&idchampionship=42C43378&idseason=00000001,0000000A,00000010,ΚΟΛΟΣΣΟΣ H HOTELS COLLECTION,8,26,True
2017-18,7EF3E5FD,ΟΥΙΓΚΙΝΣ Αντουέιν,ΗΠΑ,26,24.6,639.6,False,ESAKE country,False,https://www.esake.gr/el/action/EsakeStats?mode=2&idchampionship=42C43378&idseason=00000001,F7D46144,37076412,ΛΑΥΡΙΟ DHI,6,26,False
2017-18,BDCC76B5,ΠΑΛΟ Κέβιν,ΗΠΑ,0,0.0,0.0,False,ESAKE country,False,https://www.esake.gr/el/action/EsakeStats?mode=2&idchampionship=42C43378&idseason=00000001,2A25C696,607118742,ΠΡΟΜΗΘΕΑΣ ΠΑΤΡΑΣ ΒΙΚΟΣ COLA,3,26,False
2017-18,7F5ED9B9,ΠΑΝΑΡΕΤΑΚΗΣ Γιάννης,ΕΛΛΑΔΑ,9,0.97,8.73,True,ESAKE country,False,https://www.esake.gr/el/action/EsakeStats?mode=2&idchampionship=42C43378&idseason=00000001,0000000E,00000014,ΡΕΘΥΜΝΟ CRETAN KINGS,10,26,True
2017-18,EEBA81C6,ΠΑΝΤΕΡ Κέβιν,Η.Π.Α.,11,20.59,226.49,False,ESAKE country,False,https://www.esake.gr/el/action/EsakeStats?mode=2&idchampionship=42C43378&idseason=00000001,00000010,00000016,ΑΕΚ,5,26,False
2017-18,41010DDA,ΠΑΠΑΔΑΚΗΣ Κώστας,ΕΛΛΑΔΑ,22,6.51,143.22,True,ESAKE country,False,https://www.esake.gr/el/action/EsakeStats?mode=2&idchampionship=42C43378&idseason=00000001,0000000A,00000010,ΚΟΛΟΣΣΟΣ H HOTELS COLLECTION,8,26,True
2017-18,66003591,ΠΑΠΑΔΗΜΗΤΡΙΟΥ Γιώργος,ΕΛΛΑΔΑ,12,4.14,49.68,True,ESAKE country,False,https://www.esake.gr/el/action/EsakeStats?mode=2&idchampionship=42C43378&idseason=00000001,F7D46144,37076412,ΛΑΥΡΙΟ DHI,6,26,False
2017-18,05088076,ΠΑΠΑΔΟΠΟΥΛΟΣ Παναγιώτης,ΕΛΛΑΔΑ,0,0.0,0.0,True,ESAKE country,False,https://www.esake.gr/el/action/EsakeStats?mode=2&idchampionship=42C43378&idseason=00000001,0000000A,00000010,ΚΟΛΟΣΣΟΣ H HOTELS COLLECTION,8,26,True
2017-18,00000466,ΠΑΠΑΜΑΚΑΡΙΟΣ Μανόλης,ΕΛΛΑΔΑ,26,23.65,614.9,True,ESAKE country,False,https://www.esake.gr/el/action/EsakeStats?mode=2&idchampionship=42C43378&idseason=00000001,72E93C58,1827887960,ΓΣ ΦΑΡΟΣ ΛΑΡΙΣΑΣ,11,26,True
2017-18,00000468,ΠΑΠΑΝΙΚΟΛΑΟΥ Κώστας,ΕΛΛΑΔΑ,20,22.02,440.4,True,ESAKE country,False,https://www.esake.gr/el/action/EsakeStats?mode=2&idchampionship=42C43378&idseason=00000001,00000002,00000002,ΟΛΥΜΠΙΑΚΟΣ,2,26,False
2017-18,0000046F,ΠΑΠΑΝΤΩΝΙΟΥ Νώντας,ΕΛΛΑΔΑ,26,27.44,713.44,True,ESAKE country,False,https://www.esake.gr/el/action/EsakeStats?mode=2&idchampionship=42C43378&idseason=00000001,72E93C58,1827887960,ΓΣ ΦΑΡΟΣ ΛΑΡΙΣΑΣ,11,26,True
2017-18,8E3AD877,ΠΑΠΑΠΕΤΡΟΥ Ιωάννης,ΕΛΛΑΔΑ,22,21.35,469.7,True,ESAKE country,False,https://www.esake.gr/el/action/EsakeStats?mode=2&idchampionship=42C43378&idseason=00000001,00000002,00000002,ΟΛΥΜΠΙΑΚΟΣ,2,26,False
2017-18,0000047A,ΠΑΠΠΑΣ Νίκος,ΕΛΛΑΔΑ,22,19.55,430.1,True,ESAKE country,False,https://www.esake.gr/el/action/EsakeStats?mode=2&idchampionship=42C43378&idseason=00000001,00000001,00000001,ΠΑΝΑΘΗΝΑΪΚΟΣ AKTOR,1,26,False
2017-18,BDFC6AD2,ΠΕΡΙ Πέτι,ΗΠΑ,1,10.95,10.95,False,ESAKE country,False,https://www.esake.gr/el/action/EsakeStats?mode=2&idchampionship=42C43378&idseason=00000001,72E93C58,1827887960,ΓΣ ΦΑΡΟΣ ΛΑΡΙΣΑΣ,11,26,True
2017-18,000004A0,ΠΕΡΡΑΚΗΣ Μιχάλης,ΕΛΛΑΔΑ,20,6.95,139.0,True,ESAKE country,False,https://www.esake.gr/el/action/EsakeStats?mode=2&idchampionship=42C43378&idseason=00000001,F7D46144,37076412,ΛΑΥΡΙΟ DHI,6,26,False
2017-18,000004A4,ΠΕΤΓΟΥΕΪ Μπρεντ,ΗΠΑ,6,12.74,76.44,False,ESAKE country,False,https://www.esake.gr/el/action/EsakeStats?mode=2&idchampionship=42C43378&idseason=00000001,00000005,00000005,ΑΡΗΣ,9,26,True
2017-18,7C6B30BF,ΠΕΤΕΓΟΥΕΪ Τεράν,ΗΠΑ,10,16.83,168.3,False,ESAKE country,False,https://www.esake.gr/el/action/EsakeStats?mode=2&idchampionship=42C43378&idseason=00000001,0000000C,00000012,ΠΑΟΚ,4,26,False
2017-18,5B0744C4,ΠΟΣΛΕΪ Μάρκους,ΗΠΑ,26,25.03,650.78,False,ESAKE country,False,https://www.esake.gr/el/action/EsakeStats?mode=2&idchampionship=42C43378&idseason=00000001,B57FA140,1149926848,ΚΟΡΟΙΒΟΣ,13,26,True
2017-18,F42B3D2C,ΠΟΥΛΙΑΝΙΤΗΣ Στέλιος,ΕΛΛΑΔΑ,22,11.18,245.96,True,ESAKE country,False,https://www.esake.gr/el/action/EsakeStats?mode=2&idchampionship=42C43378&idseason=00000001,00000005,00000005,ΑΡΗΣ,9,26,True
2017-18,8D7D731A,ΠΡΑΔΕΡ Κέισι,ΝΙΓΗΡΙΑ,4,14.15,56.6,False,ESAKE country,False,https://www.esake.gr/el/action/EsakeStats?mode=2&idchampionship=42C43378&idseason=00000001,2A25C696,607118742,ΠΡΟΜΗΘΕΑΣ ΠΑΤΡΑΣ ΒΙΚΟΣ COLA,3,26,False
2017-18,000004C7,ΠΡΙΝΤΕΖΗΣ Γιώργος,ΕΛΛΑΔΑ,15,19.53,292.95,True,ESAKE country,False,https://www.esake.gr/el/action/EsakeStats?mode=2&idchampionship=42C43378&idseason=00000001,00000002,00000002,ΟΛΥΜΠΙΑΚΟΣ,2,26,False
2017-18,29B06443,ΠΡΟΣΤΡΑΝ Τόνι,ΚΡΟΑΤΙΑ,6,19.34,116.04,False,ESAKE country,False,https://www.esake.gr/el/action/EsakeStats?mode=2&idchampionship=42C43378&idseason=00000001,0000000A,00000010,ΚΟΛΟΣΣΟΣ H HOTELS COLLECTION,8,26,True
2017-18,BAF92408,ΠΡΟΥΙΤ Ομάρ,ΗΠΑ,15,12.7,190.5,False,ESAKE country,False,https://www.esake.gr/el/action/EsakeStats?mode=2&idchampionship=42C43378&idseason=00000001,00000005,00000005,ΑΡΗΣ,9,26,True
2017-18,C75F6FDD,ΡΑΪΤ Κιθ,ΗΠΑ,26,19.99,519.74,False,ESAKE country,False,https://www.esake.gr/el/action/EsakeStats?mode=2&idchampionship=42C43378&idseason=00000001,0000000A,00000010,ΚΟΛΟΣΣΟΣ H HOTELS COLLECTION,8,26,True
2017-18,85C677F9,ΡΑΪΤ Τρέιβον,ΗΠΑ,3,9.42,28.26,False,ESAKE country,False,https://www.esake.gr/el/action/EsakeStats?mode=2&idchampionship=42C43378&idseason=00000001,0000000E,00000014,ΡΕΘΥΜΝΟ CRETAN KINGS,10,26,True
2017-18,DE1805B4,ΡΑΛΛΑΤΟΣ Γρηγόρης,ΕΛΛΑΔΑ,13,4.39,57.07,True,ESAKE country,False,https://www.esake.gr/el/action/EsakeStats?mode=2&idchampionship=42C43378&idseason=00000001,00000003,00000003,ΠΑΝΙΩΝΙΟΣ COSMORAMA TRAVEL,12,26,True
2017-18,D8D29754,ΡΑΟΥΝΤΡΙ Άαρον,ΗΠΑ,10,26.86,268.6,False,ESAKE country,False,https://www.esake.gr/el/action/EsakeStats?mode=2&idchampionship=42C43378&idseason=00000001,B57FA140,1149926848,ΚΟΡΟΙΒΟΣ,13,26,True
2017-18,9878B57C,ΡΕΛΕΦΟΡΝΤ Τρέβορ,ΗΠΑ,6,15.17,91.02,False,ESAKE country,False,https://www.esake.gr/el/action/EsakeStats?mode=2&idchampionship=42C43378&idseason=00000001,2A25C696,607118742,ΠΡΟΜΗΘΕΑΣ ΠΑΤΡΑΣ ΒΙΚΟΣ COLA,3,26,False
2017-18,17F7FEAD,ΡΙΒΕΡΣ Κέι Σι,Η.Π.Α.,22,19.71,433.62,False,ESAKE country,False,https://www.esake.gr/el/action/EsakeStats?mode=2&idchampionship=42C43378&idseason=00000001,00000001,00000001,ΠΑΝΑΘΗΝΑΪΚΟΣ AKTOR,1,26,False
2017-18,C5370461,ΡΙΤΣΑΡΝΤΣΟΝ Ντι Τζέι,ΗΠΑ,7,30.65,214.55,False,ESAKE country,False,https://www.esake.gr/el/action/EsakeStats?mode=2&idchampionship=42C43378&idseason=00000001,00000014,00000020,ΤΡΙΚΑΛΑ BC ARIES,14,26,True
2017-18,2C26B404,ΡΟΓΚΑΒΟΠΟΥΛΟΣ Νίκος,ΕΛΛΑΔΑ,0,0.0,0.0,True,ESAKE country,False,https://www.esake.gr/el/action/EsakeStats?mode=2&idchampionship=42C43378&idseason=00000001,00000010,00000016,ΑΕΚ,5,26,False
2017-18,B9C10032,ΡΟΜΠΕΡΤΣ Μπράιαν,ΗΠΑ,24,17.93,430.32,False,ESAKE country,False,https://www.esake.gr/el/action/EsakeStats?mode=2&idchampionship=42C43378&idseason=00000001,00000002,00000002,ΟΛΥΜΠΙΑΚΟΣ,2,26,False
2017-18,89D3E06C,ΡΟΜΠΕΡΤΣΟΝ Χιου,ΗΠΑ,6,26.9,161.4,False,ESAKE country,False,https://www.esake.gr/el/action/EsakeStats?mode=2&idchampionship=42C43378&idseason=00000001,0000000E,00000014,ΡΕΘΥΜΝΟ CRETAN KINGS,10,26,True
2017-18,E95A6CA2,ΡΟΣ Ρόναλντ,ΗΠΑ,9,17.34,156.06,False,ESAKE country,False,https://www.esake.gr/el/action/EsakeStats?mode=2&idchampionship=42C43378&idseason=00000001,00000014,00000020,ΤΡΙΚΑΛΑ BC ARIES,14,26,True
2017-18,F4AFB470,ΡΟΥΝΗΣ Αντρέας,ΕΛΛΑΔΑ,1,1.13,1.13,True,ESAKE country,False,https://www.esake.gr/el/action/EsakeStats?mode=2&idchampionship=42C43378&idseason=00000001,B57FA140,1149926848,ΚΟΡΟΙΒΟΣ,13,26,True
2017-18,9892ECAB,ΣΑΚΕΛΛΑΡΙΟΥ Βαγγέλης,ΕΛΛΑΔΑ,26,32.66,849.16,True,ESAKE country,False,https://www.esake.gr/el/action/EsakeStats?mode=2&idchampionship=42C43378&idseason=00000001,00000003,00000003,ΠΑΝΙΩΝΙΟΣ COSMORAMA TRAVEL,12,26,True
2017-18,AFBA0995,ΣΑΚΕΛΛΑΡΙΟΥ Μάριος,ΕΛΛΑΔΑ,9,7.64,68.76,True,ESAKE country,False,https://www.esake.gr/el/action/EsakeStats?mode=2&idchampionship=42C43378&idseason=00000001,DD83ED41,478556607,ΚΥΜΗ,7,26,False
2017-18,00000514,ΣΑΚΟΤΑ Ντούσαν,ΕΛΛΑΔΑ,22,23.86,524.92,True,ESAKE country,False,https://www.esake.gr/el/action/EsakeStats?mode=2&idchampionship=42C43378&idseason=00000001,00000010,00000016,ΑΕΚ,5,26,False
2017-18,D4498240,ΣΑΛΟΥΣΤΡΟΣ Χρήστος,ΕΛΛΑΔΑ,25,24.99,624.75,True,ESAKE country,False,https://www.esake.gr/el/action/EsakeStats?mode=2&idchampionship=42C43378&idseason=00000001,2A25C696,607118742,ΠΡΟΜΗΘΕΑΣ ΠΑΤΡΑΣ ΒΙΚΟΣ COLA,3,26,False
2017-18,68A17B78,ΣΑΝΔΡΑΜΑΝΗΣ Χρυσόστομος,ΕΛΛΑΔΑ,4,2.09,8.36,True,ESAKE country,False,https://www.esake.gr/el/action/EsakeStats?mode=2&idchampionship=42C43378&idseason=00000001,2A25C696,607118742,ΠΡΟΜΗΘΕΑΣ ΠΑΤΡΑΣ ΒΙΚΟΣ COLA,3,26,False
2017-18,00000522,ΣΑΡΙΚΟΠΟΥΛΟΣ Ζήσης,ΕΛΛΑΔΑ,26,20.84,541.84,True,ESAKE country,False,https://www.esake.gr/el/action/EsakeStats?mode=2&idchampionship=42C43378&idseason=00000001,00000003,00000003,ΠΑΝΙΩΝΙΟΣ COSMORAMA TRAVEL,12,26,True
2017-18,63B33E98,ΣΑΦΤΕΝΑΑΡ Ρόλαντ,ΟΛΛΑΝΔΙΑ,26,26.86,698.36,False,ESAKE country,False,https://www.esake.gr/el/action/EsakeStats?mode=2&idchampionship=42C43378&idseason=00000001,72E93C58,1827887960,ΓΣ ΦΑΡΟΣ ΛΑΡΙΣΑΣ,11,26,True
2017-18,163A0BF8,ΣΑΧΠΑΤΖΙΔΗΣ Γιάννης,ΕΛΛΑΔΑ,24,15.35,368.4,True,ESAKE country,False,https://www.esake.gr/el/action/EsakeStats?mode=2&idchampionship=42C43378&idseason=00000001,B57FA140,1149926848,ΚΟΡΟΙΒΟΣ,13,26,True
2017-18,1DB66EF8,ΣΙ Μπάντζα,ΓΑΛΛΙΑ,6,13.05,78.3,False,ESAKE country,False,https://www.esake.gr/el/action/EsakeStats?mode=2&idchampionship=42C43378&idseason=00000001,00000010,00000016,ΑΕΚ,5,26,False
2017-18,BB0A362F,ΣΙΝΓΚΛΕΤΟΝ Κρις,Η.Π.Α.,23,20.55,472.65,False,ESAKE country,False,https://www.esake.gr/el/action/EsakeStats?mode=2&idchampionship=42C43378&idseason=00000001,00000001,00000001,ΠΑΝΑΘΗΝΑΪΚΟΣ AKTOR,1,26,False
2017-18,00000559,ΣΚΟΥΛΙΔΑΣ Διονύσης,ΕΛΛΑΔΑ,26,18.23,473.98,True,ESAKE country,False,https://www.esake.gr/el/action/EsakeStats?mode=2&idchampionship=42C43378&idseason=00000001,B57FA140,1149926848,ΚΟΡΟΙΒΟΣ,13,26,True
2017-18,19759F1C,ΣΚΟΥΛΟΥΔΗΣ Στέλιος,ΕΛΛΑΔΑ,9,8.3,74.7,True,ESAKE country,False,https://www.esake.gr/el/action/EsakeStats?mode=2&idchampionship=42C43378&idseason=00000001,00000014,00000020,ΤΡΙΚΑΛΑ BC ARIES,14,26,True
2017-18,04D5C100,ΣΚΟΥΦΗΣ Ανδρέας,ΕΛΛΑΔΑ,16,3.46,55.36,True,ESAKE country,False,https://www.esake.gr/el/action/EsakeStats?mode=2&idchampionship=42C43378&idseason=00000001,2A25C696,607118742,ΠΡΟΜΗΘΕΑΣ ΠΑΤΡΑΣ ΒΙΚΟΣ COLA,3,26,False
2017-18,000006F2,ΣΛΑΦΤΣΑΚΗΣ Διαμαντής,ΕΛΛΑΔΑ,21,22.0,462.0,True,ESAKE country,False,https://www.esake.gr/el/action/EsakeStats?mode=2&idchampionship=42C43378&idseason=00000001,00000014,00000020,ΤΡΙΚΑΛΑ BC ARIES,14,26,True
2017-18,85FB9B0D,ΣΜΙΘ Λένζελ,ΗΠΑ,25,30.15,753.75,False,ESAKE country,False,https://www.esake.gr/el/action/EsakeStats?mode=2&idchampionship=42C43378&idseason=00000001,DD83ED41,478556607,ΚΥΜΗ,7,26,False
2017-18,00000577,ΣΠΑΝΟΥΛΗΣ Βασίλης,ΕΛΛΑΔΑ,18,22.3,401.4,True,ESAKE country,False,https://www.esake.gr/el/action/EsakeStats?mode=2&idchampionship=42C43378&idseason=00000001,00000002,00000002,ΟΛΥΜΠΙΑΚΟΣ,2,26,False
2017-18,000006E2,ΣΠΥΡΙΔΟΝΙΔΗΣ Αλέξης,ΕΛΛΑΔΑ,26,12.81,333.06,True,ESAKE country,False,https://www.esake.gr/el/action/EsakeStats?mode=2&idchampionship=42C43378&idseason=00000001,B57FA140,1149926848,ΚΟΡΟΙΒΟΣ,13,26,True
2017-18,0000057B,ΣΠΥΡΟΠΟΥΛΟΣ Αναστάσιος,ΕΛΛΑΔΑ,0,0.0,0.0,True,ESAKE country,False,https://www.esake.gr/el/action/EsakeStats?mode=2&idchampionship=42C43378&idseason=00000001,72E93C58,1827887960,ΓΣ ΦΑΡΟΣ ΛΑΡΙΣΑΣ,11,26,True
2017-18,98CA314B,ΣΤΑΜΑΤΗΣ Δημήτρης,ΕΛΛΑΔΑ,26,12.86,334.36,True,ESAKE country,False,https://www.esake.gr/el/action/EsakeStats?mode=2&idchampionship=42C43378&idseason=00000001,0000000A,00000010,ΚΟΛΟΣΣΟΣ H HOTELS COLLECTION,8,26,True
2017-18,B65B2D1F,ΣΤΕΪΝΤΛ Κλίντον,ΑΥΣΤΡΑΛΙΑ,3,23.71,71.13,False,ESAKE country,False,https://www.esake.gr/el/action/EsakeStats?mode=2&idchampionship=42C43378&idseason=00000001,00000003,00000003,ΠΑΝΙΩΝΙΟΣ COSMORAMA TRAVEL,12,26,True
2017-18,00000589,ΣΤΕΦΑΝΙΔΗΣ Χριστόφορος,ΕΛΛΑΔΑ,19,9.6,182.4,True,ESAKE country,False,https://www.esake.gr/el/action/EsakeStats?mode=2&idchampionship=42C43378&idseason=00000001,0000000E,00000014,ΡΕΘΥΜΝΟ CRETAN KINGS,10,26,True
2017-18,40B10F02,ΣΤΡΕΛΝΙΕΚΣ Γιάνις,ΛΕΤΟΝΙΑ,24,18.88,453.12,False,ESAKE country,False,https://www.esake.gr/el/action/EsakeStats?mode=2&idchampionship=42C43378&idseason=00000001,00000002,00000002,ΟΛΥΜΠΙΑΚΟΣ,2,26,False
2017-18,000006D8,ΣΤΥΛΙΑΝΟΥ Νίκος,ΕΛΛΑΔΑ,7,11.85,82.95,True,ESAKE country,False,https://www.esake.gr/el/action/EsakeStats?mode=2&idchampionship=42C43378&idseason=00000001,72E93C58,1827887960,ΓΣ ΦΑΡΟΣ ΛΑΡΙΣΑΣ,11,26,True
2017-18,BCB78E4A,ΣΧΙΖΑΣ Σταύρος,ΕΛΛΑΔΑ,26,19.94,518.44,True,ESAKE country,False,https://www.esake.gr/el/action/EsakeStats?mode=2&idchampionship=42C43378&idseason=00000001,0000000A,00000010,ΚΟΛΟΣΣΟΣ H HOTELS COLLECTION,8,26,True
2017-18,0000059F,ΣΧΟΡΤΣΑΝΙΤΗΣ Σοφοκλής,ΕΛΛΑΔΑ,1,9.33,9.33,True,ESAKE country,False,https://www.esake.gr/el/action/EsakeStats?mode=2&idchampionship=42C43378&idseason=00000001,00000014,00000020,ΤΡΙΚΑΛΑ BC ARIES,14,26,True
2017-18,ECDEBCD5,ΣΩΤΗΡΙΟΥ Άρης,ΕΛΛΑΔΑ,1,18.82,18.82,True,ESAKE country,False,https://www.esake.gr/el/action/EsakeStats?mode=2&idchampionship=42C43378&idseason=00000001,2A25C696,607118742,ΠΡΟΜΗΘΕΑΣ ΠΑΤΡΑΣ ΒΙΚΟΣ COLA,3,26,False
2017-18,84560942,ΤΑΛΤΟΝ Γκάρι,ΗΠΑ,7,32.02,224.14,False,ESAKE country,False,https://www.esake.gr/el/action/EsakeStats?mode=2&idchampionship=42C43378&idseason=00000001,00000014,00000020,ΤΡΙΚΑΛΑ BC ARIES,14,26,True
2017-18,58C0B07C,ΤΑΤΑΡΗΣ Διονύσης,ΕΛΛΑΔΑ,12,13.6,163.2,True,ESAKE country,False,https://www.esake.gr/el/action/EsakeStats?mode=2&idchampionship=42C43378&idseason=00000001,00000014,00000020,ΤΡΙΚΑΛΑ BC ARIES,14,26,True
2017-18,7197A200,ΤΕΓΙΤΣ Μάρκο,ΣΕΡΒΙΑ,20,21.57,431.4,False,ESAKE country,False,https://www.esake.gr/el/action/EsakeStats?mode=2&idchampionship=42C43378&idseason=00000001,00000014,00000020,ΤΡΙΚΑΛΑ BC ARIES,14,26,True
2017-18,0627AAEA,ΤΕΪΜΣ Ξαβιέ,ΗΠΑ,10,27.13,271.3,False,ESAKE country,False,https://www.esake.gr/el/action/EsakeStats?mode=2&idchampionship=42C43378&idseason=00000001,00000014,00000020,ΤΡΙΚΑΛΑ BC ARIES,14,26,True
2017-18,C7DAF12D,ΤΖΑΓΚΑΡΑΚΗΣ Δημήτρης,ΕΛΛΑΔΑ,0,0.0,0.0,True,ESAKE country,False,https://www.esake.gr/el/action/EsakeStats?mode=2&idchampionship=42C43378&idseason=00000001,0000000E,00000014,ΡΕΘΥΜΝΟ CRETAN KINGS,10,26,True
2017-18,9E7DA626,ΤΖΑΚΣΟΝ Νταρνέλ,ΗΠΑ,17,14.0,238.0,False,ESAKE country,False,https://www.esake.gr/el/action/EsakeStats?mode=2&idchampionship=42C43378&idseason=00000001,0000000C,00000012,ΠΑΟΚ,4,26,False
2017-18,120F56E8,ΤΖΕΪΜΣ Μάικ,ΗΠΑ,2,18.32,36.64,False,ESAKE country,False,https://www.esake.gr/el/action/EsakeStats?mode=2&idchampionship=42C43378&idseason=00000001,00000001,00000001,ΠΑΝΑΘΗΝΑΪΚΟΣ AKTOR,1,26,False
2017-18,10F19E3F,ΤΖΕΪΜΣ Ντέλροϊ,ΗΠΑ,25,20.87,521.75,False,ESAKE country,False,https://www.esake.gr/el/action/EsakeStats?mode=2&idchampionship=42C43378&idseason=00000001,00000010,00000016,ΑΕΚ,5,26,False
2017-18,9745F6F3,ΤΖΟΝΣΟΝ Ντι Τζέι,ΗΠΑ,17,13.2,224.4,False,ESAKE country,False,https://www.esake.gr/el/action/EsakeStats?mode=2&idchampionship=42C43378&idseason=00000001,F7D46144,37076412,ΛΑΥΡΙΟ DHI,6,26,False
2017-18,DF1E9715,ΤΖΟΟΥΝΣ Κάμερον,ΗΠΑ,23,26.01,598.23,False,ESAKE country,False,https://www.esake.gr/el/action/EsakeStats?mode=2&idchampionship=42C43378&idseason=00000001,DD83ED41,478556607,ΚΥΜΗ,7,26,False
2017-18,DC68D019,ΤΖΟΟΥΝΣ Λάκι,ΗΠΑ,24,26.49,635.76,False,ESAKE country,False,https://www.esake.gr/el/action/EsakeStats?mode=2&idchampionship=42C43378&idseason=00000001,0000000C,00000012,ΠΑΟΚ,4,26,False
2017-18,2140EC6A,ΤΖΟΟΥΝΣ Μάρβιν,ΗΠΑ,22,20.57,452.54,False,ESAKE country,False,https://www.esake.gr/el/action/EsakeStats?mode=2&idchampionship=42C43378&idseason=00000001,0000000A,00000010,ΚΟΛΟΣΣΟΣ H HOTELS COLLECTION,8,26,True
2017-18,5E0FEDC6,ΤΖΟΟΥΝΣ ΣονΝτρε,ΗΠΑ,16,27.21,435.36,False,ESAKE country,False,https://www.esake.gr/el/action/EsakeStats?mode=2&idchampionship=42C43378&idseason=00000001,00000014,00000020,ΤΡΙΚΑΛΑ BC ARIES,14,26,True
2017-18,B8AD6D6F,ΤΙΛΙ Κιμ,ΓΑΛΛΙΑ,5,21.82,109.1,False,ESAKE country,False,https://www.esake.gr/el/action/EsakeStats?mode=2&idchampionship=42C43378&idseason=00000001,00000002,00000002,ΟΛΥΜΠΙΑΚΟΣ,2,26,False
2017-18,D8361DB3,ΤΟΛΙΟΠΟΥΛΟΣ Βασίλης,ΕΛΛΑΔΑ,21,10.71,224.91,True,ESAKE country,False,https://www.esake.gr/el/action/EsakeStats?mode=2&idchampionship=42C43378&idseason=00000001,00000002,00000002,ΟΛΥΜΠΙΑΚΟΣ,2,26,False
2017-18,683193C6,ΤΟΜΠΣΟΝ Χόλις,ΗΠΑ,16,19.09,305.44,False,ESAKE country,False,https://www.esake.gr/el/action/EsakeStats?mode=2&idchampionship=42C43378&idseason=00000001,00000002,00000002,ΟΛΥΜΠΙΑΚΟΣ,2,26,False
2017-18,C3B49C60,ΤΟΥΡΕ Μάρι,ΗΠΑ,4,9.49,37.96,False,ESAKE country,False,https://www.esake.gr/el/action/EsakeStats?mode=2&idchampionship=42C43378&idseason=00000001,2A25C696,607118742,ΠΡΟΜΗΘΕΑΣ ΠΑΤΡΑΣ ΒΙΚΟΣ COLA,3,26,False
2017-18,00000605,ΤΟΥΤΖΙΑΡΑΚΗΣ Σταύρος,ΕΛΛΑΔΑ,26,13.76,357.76,True,ESAKE country,False,https://www.esake.gr/el/action/EsakeStats?mode=2&idchampionship=42C43378&idseason=00000001,2A25C696,607118742,ΠΡΟΜΗΘΕΑΣ ΠΑΤΡΑΣ ΒΙΚΟΣ COLA,3,26,False
2017-18,9C4845E9,ΤΡΕΪΛΟΡ Τζαμάρι,ΗΠΑ,2,20.63,41.26,False,ESAKE country,False,https://www.esake.gr/el/action/EsakeStats?mode=2&idchampionship=42C43378&idseason=00000001,DD83ED41,478556607,ΚΥΜΗ,7,26,False
2017-18,A2714DE9,ΤΡΙΣ Μπράντον,ΗΠΑ,8,13.38,107.04,False,ESAKE country,False,https://www.esake.gr/el/action/EsakeStats?mode=2&idchampionship=42C43378&idseason=00000001,0000000C,00000012,ΠΑΟΚ,4,26,False
2017-18,D224A5DB,ΤΣΑΓΚΑΡΑΚΗΣ Άγγελος,ΕΛΛΑΔΑ,25,20.91,522.75,True,ESAKE country,False,https://www.esake.gr/el/action/EsakeStats?mode=2&idchampionship=42C43378&idseason=00000001,DD83ED41,478556607,ΚΥΜΗ,7,26,False
2017-18,0000060F,ΤΣΑΪΡΕΛΗΣ Μιχάλης,ΕΛΛΑΔΑ,25,24.43,610.75,True,ESAKE country,False,https://www.esake.gr/el/action/EsakeStats?mode=2&idchampionship=42C43378&idseason=00000001,00000005,00000005,ΑΡΗΣ,9,26,True
2017-18,1F2A8343,ΤΣΑΛΜΠΟΥΡΗΣ Γιώργος,ΕΛΛΑΔΑ,19,10.16,193.04,True,ESAKE country,False,https://www.esake.gr/el/action/EsakeStats?mode=2&idchampionship=42C43378&idseason=00000001,0000000A,00000010,ΚΟΛΟΣΣΟΣ H HOTELS COLLECTION,8,26,True
2017-18,60FC8E6C,ΤΣΟΥΜΑΝΗΣ Αντρέας,ΕΛΛΑΔΑ,2,6.3,12.6,True,ESAKE country,False,https://www.esake.gr/el/action/EsakeStats?mode=2&idchampionship=42C43378&idseason=00000001,00000002,00000002,ΟΛΥΜΠΙΑΚΟΣ,2,26,False
2017-18,5F18D278,ΤΣΟΥΠΚΟΒΙΤΣ Σλάβεν,ΣΕΡΒΙΑ,23,22.44,516.12,False,ESAKE country,False,https://www.esake.gr/el/action/EsakeStats?mode=2&idchampionship=42C43378&idseason=00000001,00000003,00000003,ΠΑΝΙΩΝΙΟΣ COSMORAMA TRAVEL,12,26,True
2017-18,00000639,ΤΣΟΧΛΑΣ Απόλλων,ΕΛΛΑΔΑ,21,10.68,224.28,True,ESAKE country,False,https://www.esake.gr/el/action/EsakeStats?mode=2&idchampionship=42C43378&idseason=00000001,0000000C,00000012,ΠΑΟΚ,4,26,False
2017-18,00000707,ΦΑΓΙΕ Μουχάμεντ,ΣΕΝΕΓΑΛΗ,22,28.66,630.52,False,ESAKE country,False,https://www.esake.gr/el/action/EsakeStats?mode=2&idchampionship=42C43378&idseason=00000001,2A25C696,607118742,ΠΡΟΜΗΘΕΑΣ ΠΑΤΡΑΣ ΒΙΚΟΣ COLA,3,26,False
2017-18,4A30F576,ΦΕΪΣΙ Κένταλ,ΤΖΑΜΑΪΚΑ,12,20.6,247.2,False,ESAKE country,False,https://www.esake.gr/el/action/EsakeStats?mode=2&idchampionship=42C43378&idseason=00000001,00000014,00000020,ΤΡΙΚΑΛΑ BC ARIES,14,26,True
2017-18,948AADA4,ΦΕΝΕΡ Ντι Τζέι,ΗΠΑ,11,11.03,121.33,False,ESAKE country,False,https://www.esake.gr/el/action/EsakeStats?mode=2&idchampionship=42C43378&idseason=00000001,72E93C58,1827887960,ΓΣ ΦΑΡΟΣ ΛΑΡΙΣΑΣ,11,26,True
2017-18,35B4FA01,ΦΙΛΝΤΣ Τζον,ΗΠΑ,9,24.44,219.96,False,ESAKE country,False,https://www.esake.gr/el/action/EsakeStats?mode=2&idchampionship=42C43378&idseason=00000001,00000014,00000020,ΤΡΙΚΑΛΑ BC ARIES,14,26,True
2017-18,B2A97905,ΦΛΙΩΝΗΣ Δημήτρης,ΕΛΛΑΔΑ,26,16.13,419.38,True,ESAKE country,False,https://www.esake.gr/el/action/EsakeStats?mode=2&idchampionship=42C43378&idseason=00000001,00000005,00000005,ΑΡΗΣ,9,26,True
2017-18,40505AF0,ΦΛΟΡΒΕΟΥΣ Τζον,ΗΠΑ,5,16.56,82.8,False,ESAKE country,False,https://www.esake.gr/el/action/EsakeStats?mode=2&idchampionship=42C43378&idseason=00000001,B57FA140,1149926848,ΚΟΡΟΙΒΟΣ,13,26,True
2017-18,B17E6D7F,ΦΟΡΜΠΣ Γκάρι,ΗΠΑ,4,15.67,62.68,False,ESAKE country,False,https://www.esake.gr/el/action/EsakeStats?mode=2&idchampionship=42C43378&idseason=00000001,72E93C58,1827887960,ΓΣ ΦΑΡΟΣ ΛΑΡΙΣΑΣ,11,26,True
2017-18,53BA99FD,ΧΑΪΝΣ Σακίλ,ΗΠΑ,26,26.21,681.46,False,ESAKE country,False,https://www.esake.gr/el/action/EsakeStats?mode=2&idchampionship=42C43378&idseason=00000001,B57FA140,1149926848,ΚΟΡΟΙΒΟΣ,13,26,True
2017-18,D62E646B,ΧΑΝΤΕΡ Βινς,ΗΠΑ,12,15.62,187.44,False,ESAKE country,False,https://www.esake.gr/el/action/EsakeStats?mode=2&idchampionship=42C43378&idseason=00000001,00000010,00000016,ΑΕΚ,5,26,False
2017-18,00000729,ΧΑΡΑΛΑΜΠΟΠΟΥΛΟΣ Βασίλης,ΕΛΛΑΔΑ,18,20.5,369.0,True,ESAKE country,False,https://www.esake.gr/el/action/EsakeStats?mode=2&idchampionship=42C43378&idseason=00000001,0000000C,00000012,ΠΑΟΚ,4,26,False
2017-18,FE038A26,ΧΑΡΙΣ Μάνι,ΗΠΑ,22,26.48,582.56,False,ESAKE country,False,https://www.esake.gr/el/action/EsakeStats?mode=2&idchampionship=42C43378&idseason=00000001,00000010,00000016,ΑΕΚ,5,26,False
2017-18,202F6647,ΧΑΡΙΣ Ραμόν,ΗΠΑ,26,27.99,727.74,False,ESAKE country,False,https://www.esake.gr/el/action/EsakeStats?mode=2&idchampionship=42C43378&idseason=00000001,0000000A,00000010,ΚΟΛΟΣΣΟΣ H HOTELS COLLECTION,8,26,True
2017-18,A4D9522F,ΧΑΤΖΗΓΕΩΡΓΙΟΥ Μιχάλης,ΕΛΛΑΔΑ,0,0.0,0.0,True,ESAKE country,False,https://www.esake.gr/el/action/EsakeStats?mode=2&idchampionship=42C43378&idseason=00000001,0000000A,00000010,ΚΟΛΟΣΣΟΣ H HOTELS COLLECTION,8,26,True
2017-18,01616F43,ΧΑΤΖΗΚΥΡΙΑΚΙΔΗΣ Δημήτρης,ΕΛΛΑΔΑ,7,4.03,28.21,True,ESAKE country,False,https://www.esake.gr/el/action/EsakeStats?mode=2&idchampionship=42C43378&idseason=00000001,72E93C58,1827887960,ΓΣ ΦΑΡΟΣ ΛΑΡΙΣΑΣ,11,26,True
2017-18,1B250824,ΧΑΤΖΗΝΙΚΟΛΑΣ Γιάννης,ΕΛΛΑΔΑ,8,5.88,47.04,True,ESAKE country,False,https://www.esake.gr/el/action/EsakeStats?mode=2&idchampionship=42C43378&idseason=00000001,00000014,00000020,ΤΡΙΚΑΛΑ BC ARIES,14,26,True
2017-18,C4F02E52,ΧΕΪΛ Σάνον,ΗΠΑ,9,20.47,184.23,False,ESAKE country,False,https://www.esake.gr/el/action/EsakeStats?mode=2&idchampionship=42C43378&idseason=00000001,00000014,00000020,ΤΡΙΚΑΛΑ BC ARIES,14,26,True
2017-18,A20F68EC,ΧΕΝΤΕΡΣΟΝ Εσιάν,ΗΠΑ,12,17.08,204.96,False,ESAKE country,False,https://www.esake.gr/el/action/EsakeStats?mode=2&idchampionship=42C43378&idseason=00000001,00000003,00000003,ΠΑΝΙΩΝΙΟΣ COSMORAMA TRAVEL,12,26,True
2017-18,EBEE9959,ΧΙΚΙ Άντονι,ΗΠΑ,3,26.56,79.68,False,ESAKE country,False,https://www.esake.gr/el/action/EsakeStats?mode=2&idchampionship=42C43378&idseason=00000001,0000000E,00000014,ΡΕΘΥΜΝΟ CRETAN KINGS,10,26,True
2017-18,899F2E06,ΧΟΛ Λάνγκστον,ΗΠΑ,22,25.71,565.62,False,ESAKE country,False,https://www.esake.gr/el/action/EsakeStats?mode=2&idchampionship=42C43378&idseason=00000001,2A25C696,607118742,ΠΡΟΜΗΘΕΑΣ ΠΑΤΡΑΣ ΒΙΚΟΣ COLA,3,26,False
2017-18,700C2336,ΧΟΛΜΣ Εϊβρι,ΗΠΑ,2,17.09,34.18,False,ESAKE country,False,https://www.esake.gr/el/action/EsakeStats?mode=2&idchampionship=42C43378&idseason=00000001,00000003,00000003,ΠΑΝΙΩΝΙΟΣ COSMORAMA TRAVEL,12,26,True
2017-18,4CCD068F,ΧΟΜΠΣΟΝ Ντάρινγκτον,ΗΠΑ,6,19.51,117.06,False,ESAKE country,False,https://www.esake.gr/el/action/EsakeStats?mode=2&idchampionship=42C43378&idseason=00000001,0000000E,00000014,ΡΕΘΥΜΝΟ CRETAN KINGS,10,26,True
2017-18,948D3EC2,ΧΡΗΣΤΙΔΗΣ Βασίλης,ΕΛΛΑΔΑ,20,6.66,133.2,True,ESAKE country,False,https://www.esake.gr/el/action/EsakeStats?mode=2&idchampionship=42C43378&idseason=00000001,00000005,00000005,ΑΡΗΣ,9,26,True
2017-18,BBF3312A,ΧΡΙΣΤΟΔΟΥΛΟΥ Ανδρέας,ΕΛΛΑΔΑ,24,20.06,481.44,True,ESAKE country,False,https://www.esake.gr/el/action/EsakeStats?mode=2&idchampionship=42C43378&idseason=00000001,0000000E,00000014,ΡΕΘΥΜΝΟ CRETAN KINGS,10,26,True
2017-18,000006BD,ΧΡΥΣΙΚΟΠΟΥΛΟΣ Λίνος,ΕΛΛΑΔΑ,25,17.15,428.75,True,ESAKE country,False,https://www.esake.gr/el/action/EsakeStats?mode=2&idchampionship=42C43378&idseason=00000001,0000000C,00000012,ΠΑΟΚ,4,26,False
2018-19,00000007,ΑΓΓΕΛΑΚΟΣ Αλέξανδρος,ΕΛΛΑΔΑ,10,5.92,59.2,True,ESAKE country,False,https://www.esake.gr/el/action/EsakeStats?mode=2&idchampionship=A12E05CD&idseason=00000001,0000000A,00000010,ΚΟΛΟΣΣΟΣ H HOTELS COLLECTION,14,26,True
2018-19,E80EE1C7,ΑΓΚΜΠΕΛΙΣ Ντάνι,ΗΠΑ,26,23.46,609.96,False,ESAKE country,False,https://www.esake.gr/el/action/EsakeStats?mode=2&idchampionship=A12E05CD&idseason=00000001,367D6120,814186528,ΧΟΛΑΡΓΟΣ,8,26,True
2018-19,2BBFE416,ΑΓΡΑΒΑΝΗΣ Γιάννης,ΕΛΛΑΔΑ,25,12.71,317.75,True,ESAKE country,False,https://www.esake.gr/el/action/EsakeStats?mode=2&idchampionship=A12E05CD&idseason=00000001,0000000D,00000013,ΠΕΡΙΣΤΕΡΙ Betsson,2,26,False
2018-19,0000000F,ΑΓΡΑΒΑΝΗΣ Δημήτρης,ΕΛΛΑΔΑ,10,5.42,54.2,True,ESAKE country,False,https://www.esake.gr/el/action/EsakeStats?mode=2&idchampionship=A12E05CD&idseason=00000001,00000002,00000002,ΟΛΥΜΠΙΑΚΟΣ,6,26,False
2018-19,00000013,ΑΘΗΝΑΙΟΥ Γιάννης,ΕΛΛΑΔΑ,14,14.96,209.44,True,ESAKE country,False,https://www.esake.gr/el/action/EsakeStats?mode=2&idchampionship=A12E05CD&idseason=00000001,0000000C,00000012,ΠΑΟΚ,5,26,False
2018-19,5BE8C2DD,ΑΝΤΕΤΟΚΟΥΝΜΠΟ Θανάσης,ΕΛΛΑΔΑ,19,14.5,275.5,True,ESAKE country,False,https://www.esake.gr/el/action/EsakeStats?mode=2&idchampionship=A12E05CD&idseason=00000001,00000001,00000001,ΠΑΝΑΘΗΝΑΪΚΟΣ AKTOR,3,26,False
2018-19,C65178D5,ΑΡΜΣΤΕΝΤ Μάλκολμ,ΗΠΑ,2,8.17,16.34,False,ESAKE country,False,https://www.esake.gr/el/action/EsakeStats?mode=2&idchampionship=A12E05CD&idseason=00000001,DD83ED41,478556607,ΚΥΜΗ,12,26,True
2018-19,3B41D669,ΑΣΚΑ Ιβάν,ΗΠΑ,6,27.5,165.0,False,ESAKE country,False,https://www.esake.gr/el/action/EsakeStats?mode=2&idchampionship=A12E05CD&idseason=00000001,0000000A,00000010,ΚΟΛΟΣΣΟΣ H HOTELS COLLECTION,14,26,True
2018-19,39ADCAEB,ΒΑΛΑΗΣ Νικήτας,ΕΛΛΑΔΑ,0,0.0,0.0,True,ESAKE country,False,https://www.esake.gr/el/action/EsakeStats?mode=2&idchampionship=A12E05CD&idseason=00000001,DD83ED41,478556607,ΚΥΜΗ,12,26,True
2018-19,00000065,ΒΑΣΙΛΟΠΟΥΛΟΣ Παναγιώτης,ΕΛΛΑΔΑ,26,29.18,758.68,True,ESAKE country,False,https://www.esake.gr/el/action/EsakeStats?mode=2&idchampionship=A12E05CD&idseason=00000001,0000000D,00000013,ΠΕΡΙΣΤΕΡΙ Betsson,2,26,False
2018-19,00000069,ΒΕΖΕΝΚΟΦ Αλέξανδρος,ΚΥΠΡΟΣ,25,18.88,472.0,False,ESAKE country,False,https://www.esake.gr/el/action/EsakeStats?mode=2&idchampionship=A12E05CD&idseason=00000001,00000002,00000002,ΟΛΥΜΠΙΑΚΟΣ,6,26,False
2018-19,0000006B,ΒΕΡΓΙΝΗΣ Δημήτρης,ΕΛΛΑΔΑ,18,8.46,152.28,True,ESAKE country,False,https://www.esake.gr/el/action/EsakeStats?mode=2&idchampionship=A12E05CD&idseason=00000001,00000005,00000005,ΑΡΗΣ,9,26,True
2018-19,542556D0,ΒΗΣΣΑΡΙΟΥ Τηλέμαχος,ΕΛΛΑΔΑ,0,0.0,0.0,True,ESAKE country,False,https://www.esake.gr/el/action/EsakeStats?mode=2&idchampionship=A12E05CD&idseason=00000001,0000000D,00000013,ΠΕΡΙΣΤΕΡΙ Betsson,2,26,False
2018-19,F026ADBE,ΒΛΑΣΙΟΣ Κώστας,ΕΛΛΑΔΑ,0,0.0,0.0,True,ESAKE country,False,https://www.esake.gr/el/action/EsakeStats?mode=2&idchampionship=A12E05CD&idseason=00000001,00000005,00000005,ΑΡΗΣ,9,26,True
2018-19,9B29D249,ΒΟΣΚΑΚΗΣ Γιώργος,ΕΛΛΑΔΑ,0,0.0,0.0,True,ESAKE country,False,https://www.esake.gr/el/action/EsakeStats?mode=2&idchampionship=A12E05CD&idseason=00000001,0000000E,00000014,ΡΕΘΥΜΝΟ CRETAN KINGS,10,26,True
2018-19,0000007A,ΒΟΥΓΙΟΥΚΑΣ Ίαν,ΕΛΛΑΔΑ,20,10.92,218.4,True,ESAKE country,False,https://www.esake.gr/el/action/EsakeStats?mode=2&idchampionship=A12E05CD&idseason=00000001,00000001,00000001,ΠΑΝΑΘΗΝΑΪΚΟΣ AKTOR,3,26,False
2018-19,F0A66983,ΒΟΥΛΓΑΡΟΠΟΥΛΟΣ Στράτος,ΕΛΛΑΔΑ,1,0.65,0.65,True,ESAKE country,False,https://www.esake.gr/el/action/EsakeStats?mode=2&idchampionship=A12E05CD&idseason=00000001,00000005,00000005,ΑΡΗΣ,9,26,True
2018-19,6128EA9F,ΓΑΡΕΖΟΣ Γιώργος,ΕΛΛΑΔΑ,4,0.88,3.52,True,ESAKE country,False,https://www.esake.gr/el/action/EsakeStats?mode=2&idchampionship=A12E05CD&idseason=00000001,EC35D4E7,232016409,ΗΦΑΙΣΤΟΣ ΛΗΜΝΟΥ,7,26,False
2018-19,14D7B80F,ΓΕΡΟΜΙΧΑΛΟΣ Δημήτρης,ΕΛΛΑΔΑ,4,2.89,11.56,True,ESAKE country,False,https://www.esake.gr/el/action/EsakeStats?mode=2&idchampionship=A12E05CD&idseason=00000001,DD83ED41,478556607,ΚΥΜΗ,12,26,True
2018-19,00000738,ΓΕΡΟΜΙΧΑΛΟΣ Πέτρος,ΕΛΛΑΔΑ,19,9.21,174.99,True,ESAKE country,False,https://www.esake.gr/el/action/EsakeStats?mode=2&idchampionship=A12E05CD&idseason=00000001,2A25C696,607118742,ΠΡΟΜΗΘΕΑΣ ΠΑΤΡΑΣ ΒΙΚΟΣ COLA,4,26,False
2018-19,0000008E,ΓΕΩΡΓΑΚΗΣ Γιώργος,ΕΛΛΑΔΑ,14,5.73,80.22,True,ESAKE country,False,https://www.esake.gr/el/action/EsakeStats?mode=2&idchampionship=A12E05CD&idseason=00000001,0000000A,00000010,ΚΟΛΟΣΣΟΣ H HOTELS COLLECTION,14,26,True
2018-19,00000091,ΓΕΩΡΓΑΛΛΗΣ Γιάννης,ΕΛΛΑΔΑ,21,12.01,252.21,True,ESAKE country,False,https://www.esake.gr/el/action/EsakeStats?mode=2&idchampionship=A12E05CD&idseason=00000001,0000000A,00000010,ΚΟΛΟΣΣΟΣ H HOTELS COLLECTION,14,26,True
2018-19,E8EF3FC4,ΓΙΑΝΓΚ Μπράντον,ΗΠΑ,3,21.65,64.95,False,ESAKE country,False,https://www.esake.gr/el/action/EsakeStats?mode=2&idchampionship=A12E05CD&idseason=00000001,F7D46144,37076412,ΛΑΥΡΙΟ DHI,13,26,True
2018-19,0000009B,ΓΙΑΝΚΟΒΙΤΣ Βλαδίμηρος,ΕΛΛΑΔΑ,25,31.61,790.25,True,ESAKE country,False,https://www.esake.gr/el/action/EsakeStats?mode=2&idchampionship=A12E05CD&idseason=00000001,367D6120,814186528,ΧΟΛΑΡΓΟΣ,8,26,True
2018-19,000000A4,ΓΙΑΝΝΟΠΟΥΛΟΣ Χάρης,ΕΛΛΑΔΑ,21,12.71,266.91,True,ESAKE country,False,https://www.esake.gr/el/action/EsakeStats?mode=2&idchampionship=A12E05CD&idseason=00000001,00000010,00000016,ΑΕΚ,1,26,False
2018-19,5886742E,ΓΚΑΪΤΟΝ Κάρλτον,ΗΠΑ,4,26.05,104.2,False,ESAKE country,False,https://www.esake.gr/el/action/EsakeStats?mode=2&idchampionship=A12E05CD&idseason=00000001,0000000E,00000014,ΡΕΘΥΜΝΟ CRETAN KINGS,10,26,True
2018-19,C1203314,ΓΚΑΡΕΤ Ντάριους,ΗΠΑ,21,18.75,393.75,False,ESAKE country,False,https://www.esake.gr/el/action/EsakeStats?mode=2&idchampionship=A12E05CD&idseason=00000001,0000000C,00000012,ΠΑΟΚ,5,26,False
2018-19,CC57C559,ΓΚΙΚΑΣ Νίκος,ΕΛΛΑΔΑ,25,18.88,472.0,True,ESAKE country,False,https://www.esake.gr/el/action/EsakeStats?mode=2&idchampionship=A12E05CD&idseason=00000001,2A25C696,607118742,ΠΡΟΜΗΘΕΑΣ ΠΑΤΡΑΣ ΒΙΚΟΣ COLA,4,26,False
2018-19,00000722,ΓΚΙΣΤ Τζέιμς,ΗΠΑ,22,16.69,367.18,False,ESAKE country,False,https://www.esake.gr/el/action/EsakeStats?mode=2&idchampionship=A12E05CD&idseason=00000001,00000001,00000001,ΠΑΝΑΘΗΝΑΪΚΟΣ AKTOR,3,26,False
2018-19,132152A2,ΓΚΟΣ Φιλ,ΗΠΑ,24,26.89,645.36,False,ESAKE country,False,https://www.esake.gr/el/action/EsakeStats?mode=2&idchampionship=A12E05CD&idseason=00000001,0000000C,00000012,ΠΑΟΚ,5,26,False
2018-19,00B89222,ΓΚΟΤΣΕΡ Τόντρικ,ΗΠΑ,26,28.46,739.96,False,ESAKE country,False,https://www.esake.gr/el/action/EsakeStats?mode=2&idchampionship=A12E05CD&idseason=00000001,EC35D4E7,232016409,ΗΦΑΙΣΤΟΣ ΛΗΜΝΟΥ,7,26,False
2018-19,673606D7,ΓΚΡΕΪ Στίβεν,ΗΠΑ,26,30.37,789.62,False,ESAKE country,False,https://www.esake.gr/el/action/EsakeStats?mode=2&idchampionship=A12E05CD&idseason=00000001,0000000D,00000013,ΠΕΡΙΣΤΕΡΙ Betsson,2,26,False
2018-19,8AEBB15C,ΓΚΡΙΦΙΝ Μάλκολμ,ΗΠΑ,25,20.74,518.5,False,ESAKE country,False,https://www.esake.gr/el/action/EsakeStats?mode=2&idchampionship=A12E05CD&idseason=00000001,00000010,00000016,ΑΕΚ,1,26,False
2018-19,00000103,ΓΛΥΝΙΑΔΑΚΗΣ Ανδρέας,ΕΛΛΑΔΑ,19,5.61,106.59,True,ESAKE country,False,https://www.esake.gr/el/action/EsakeStats?mode=2&idchampionship=A12E05CD&idseason=00000001,0000000E,00000014,ΡΕΘΥΜΝΟ CRETAN KINGS,10,26,True
2018-19,E02706AA,ΓΟΝΤΙΚΑΣ Κωνσταντίνος,ΕΛΛΑΔΑ,14,9.43,132.02,True,ESAKE country,False,https://www.esake.gr/el/action/EsakeStats?mode=2&idchampionship=A12E05CD&idseason=00000001,EC35D4E7,232016409,ΗΦΑΙΣΤΟΣ ΛΗΜΝΟΥ,7,26,False
2018-19,EC835FC9,ΓΟΥΙΛΙΑΜΣ - ΓΚΟΣ Νάιτζελ,ΗΠΑ,23,25.03,575.69,False,ESAKE country,False,https://www.esake.gr/el/action/EsakeStats?mode=2&idchampionship=A12E05CD&idseason=00000001,00000002,00000002,ΟΛΥΜΠΙΑΚΟΣ,6,26,False
2018-19,0000071F,ΔΗΜΑΚΟΣ Γιάννης,ΕΛΛΑΔΑ,24,21.63,519.12,True,ESAKE country,False,https://www.esake.gr/el/action/EsakeStats?mode=2&idchampionship=A12E05CD&idseason=00000001,0000000A,00000010,ΚΟΛΟΣΣΟΣ H HOTELS COLLECTION,14,26,True
2018-19,FAF273F8,ΔΗΜΗΤΡΑΚΟΠΟΥΛΟΣ Ιάσωνας,ΕΛΛΑΔΑ,8,4.23,33.84,True,ESAKE country,False,https://www.esake.gr/el/action/EsakeStats?mode=2&idchampionship=A12E05CD&idseason=00000001,00000003,00000003,ΠΑΝΙΩΝΙΟΣ COSMORAMA TRAVEL,11,26,True
2018-19,00000728,ΔΙΑΜΑΝΤΑΚΟΣ Γιώργος,ΕΛΛΑΔΑ,20,5.54,110.8,True,ESAKE country,False,https://www.esake.gr/el/action/EsakeStats?mode=2&idchampionship=A12E05CD&idseason=00000001,EC35D4E7,232016409,ΗΦΑΙΣΤΟΣ ΛΗΜΝΟΥ,7,26,False
2018-19,647ACEAC,ΔΙΠΛΑΡΟΣ Νίκος,ΕΛΛΑΔΑ,26,20.23,525.98,True,ESAKE country,False,https://www.esake.gr/el/action/EsakeStats?mode=2&idchampionship=A12E05CD&idseason=00000001,00000003,00000003,ΠΑΝΙΩΝΙΟΣ COSMORAMA TRAVEL,11,26,True
2018-19,39526F11,ΕΒΑΝΣ Σον,ΗΠΑ,25,25.47,636.75,False,ESAKE country,False,https://www.esake.gr/el/action/EsakeStats?mode=2&idchampionship=A12E05CD&idseason=00000001,EC35D4E7,232016409,ΗΦΑΙΣΤΟΣ ΛΗΜΝΟΥ,7,26,False
2018-19,E6FAFF3B,ΕΛ-ΑΜΙΝ Μουχάμεντ,ΗΠΑ,3,22.09,66.27,False,ESAKE country,False,https://www.esake.gr/el/action/EsakeStats?mode=2&idchampionship=A12E05CD&idseason=00000001,00000003,00000003,ΠΑΝΙΩΝΙΟΣ COSMORAMA TRAVEL,11,26,True
2018-19,9738A1FA,ΕΛΙΣ Οκτάβιους,ΗΠΑ,24,19.42,466.08,False,ESAKE country,False,https://www.esake.gr/el/action/EsakeStats?mode=2&idchampionship=A12E05CD&idseason=00000001,2A25C696,607118742,ΠΡΟΜΗΘΕΑΣ ΠΑΤΡΑΣ ΒΙΚΟΣ COLA,4,26,False
2018-19,FA942A32,ΕΜΠΑΚΟΥΕ Τρεβόρ,ΗΠΑ,1,15.0,15.0,False,ESAKE country,False,https://www.esake.gr/el/action/EsakeStats?mode=2&idchampionship=A12E05CD&idseason=00000001,00000010,00000016,ΑΕΚ,1,26,False
2018-19,CCD3ABD1,ΕΡΜΕΙΔΗΣ Δημήτρης,ΕΛΛΑΔΑ,6,4.83,28.98,True,ESAKE country,False,https://www.esake.gr/el/action/EsakeStats?mode=2&idchampionship=A12E05CD&idseason=00000001,F7D46144,37076412,ΛΑΥΡΙΟ DHI,13,26,True
2018-19,28F91DC1,ΖΑΜΠΕΤΑΚΗΣ Νίκος,ΕΛΛΑΔΑ,0,0.0,0.0,True,ESAKE country,False,https://www.esake.gr/el/action/EsakeStats?mode=2&idchampionship=A12E05CD&idseason=00000001,0000000E,00000014,ΡΕΘΥΜΝΟ CRETAN KINGS,10,26,True
2018-19,00000140,ΖΑΡΑΣ Θοδωρής,ΕΛΛΑΔΑ,26,13.63,354.38,True,ESAKE country,False,https://www.esake.gr/el/action/EsakeStats?mode=2&idchampionship=A12E05CD&idseason=00000001,0000000C,00000012,ΠΑΟΚ,5,26,False
2018-19,5EC4DF10,ΖΕΥΓΑΡΑΣ Θωμάς,ΕΛΛΑΔΑ,2,0.88,1.76,True,ESAKE country,False,https://www.esake.gr/el/action/EsakeStats?mode=2&idchampionship=A12E05CD&idseason=00000001,00000002,00000002,ΟΛΥΜΠΙΑΚΟΣ,6,26,False
2018-19,5FABD7B1,ΘΙΟΝΤΟΡ Τζόρνταν,ΗΠΑ,8,22.27,178.16,False,ESAKE country,False,https://www.esake.gr/el/action/EsakeStats?mode=2&idchampionship=A12E05CD&idseason=00000001,00000010,00000016,ΑΕΚ,1,26,False
2018-19,77C8FCA5,ΙΑΤΡΙΔΗΣ Κωνσταντίνος,ΕΛΛΑΔΑ,1,2.3,2.3,True,ESAKE country,False,https://www.esake.gr/el/action/EsakeStats?mode=2&idchampionship=A12E05CD&idseason=00000001,0000000C,00000012,ΠΑΟΚ,5,26,False
2018-19,D113F984,ΙΝΓΚΛΙΣ Έι Τζέι,ΗΠΑ,8,21.74,173.92,False,ESAKE country,False,https://www.esake.gr/el/action/EsakeStats?mode=2&idchampionship=A12E05CD&idseason=00000001,F7D46144,37076412,ΛΑΥΡΙΟ DHI,13,26,True
2018-19,00000167,ΚΑΒΒΑΔΑΣ Βασίλης,ΕΛΛΑΔΑ,2,5.89,11.78,True,ESAKE country,False,https://www.esake.gr/el/action/EsakeStats?mode=2&idchampionship=A12E05CD&idseason=00000001,00000010,00000016,ΑΕΚ,1,26,False
2018-19,75139AD1,ΚΑΔΡΑΣ Κωνσταντίνος,ΕΛΛΑΔΑ,0,0.0,0.0,True,ESAKE country,False,https://www.esake.gr/el/action/EsakeStats?mode=2&idchampionship=A12E05CD&idseason=00000001,0000000D,00000013,ΠΕΡΙΣΤΕΡΙ Betsson,2,26,False
2018-19,6C223AB0,ΚΑΪΖΕΡ Μάικλ,ΗΠΑ,26,17.28,449.28,False,ESAKE country,False,https://www.esake.gr/el/action/EsakeStats?mode=2&idchampionship=A12E05CD&idseason=00000001,00000005,00000005,ΑΡΗΣ,9,26,True
2018-19,16AE30FC,ΚΑΚΛΑΜΑΝΑΚΗΣ Δημήτρης,ΕΛΛΑΔΑ,26,23.46,609.96,True,ESAKE country,False,https://www.esake.gr/el/action/EsakeStats?mode=2&idchampionship=A12E05CD&idseason=00000001,F7D46144,37076412,ΛΑΥΡΙΟ DHI,13,26,True
2018-19,00000174,ΚΑΛΑΘΗΣ Νικ,ΕΛΛΑΔΑ,21,21.87,459.27,True,ESAKE country,False,https://www.esake.gr/el/action/EsakeStats?mode=2&idchampionship=A12E05CD&idseason=00000001,00000001,00000001,ΠΑΝΑΘΗΝΑΪΚΟΣ AKTOR,3,26,False
2018-19,B9778770,ΚΑΛΑΪΤΖΑΚΗΣ Γιώργος,ΕΛΛΑΔΑ,16,8.32,133.12,True,ESAKE country,False,https://www.esake.gr/el/action/EsakeStats?mode=2&idchampionship=A12E05CD&idseason=00000001,00000001,00000001,ΠΑΝΑΘΗΝΑΪΚΟΣ AKTOR,3,26,False
2018-19,157D6B44,ΚΑΛΑΪΤΖΑΚΗΣ Νάσος,ΕΛΛΑΔΑ,0,0.0,0.0,True,ESAKE country,False,https://www.esake.gr/el/action/EsakeStats?mode=2&idchampionship=A12E05CD&idseason=00000001,0000000E,00000014,ΡΕΘΥΜΝΟ CRETAN KINGS,10,26,True
2018-19,9E3DB04D,ΚΑΛΑΪΤΖΑΚΗΣ Παναγιώτης,ΕΛΛΑΔΑ,16,5.55,88.8,True,ESAKE country,False,https://www.esake.gr/el/action/EsakeStats?mode=2&idchampionship=A12E05CD&idseason=00000001,367D6120,814186528,ΧΟΛΑΡΓΟΣ,8,26,True
2018-19,DFE6A2E7,ΚΑΛΑΧΑΝ Τζόρνταν,ΗΠΑ,18,18.71,336.78,False,ESAKE country,False,https://www.esake.gr/el/action/EsakeStats?mode=2&idchampionship=A12E05CD&idseason=00000001,0000000D,00000013,ΠΕΡΙΣΤΕΡΙ Betsson,2,26,False
2018-19,00000181,ΚΑΛΟΓΙΑΝΝΙΔΗΣ Φίλιππος,ΕΛΛΑΔΑ,24,4.95,118.8,True,ESAKE country,False,https://www.esake.gr/el/action/EsakeStats?mode=2&idchampionship=A12E05CD&idseason=00000001,0000000E,00000014,ΡΕΘΥΜΝΟ CRETAN KINGS,10,26,True
2018-19,3F8AE0E4,ΚΑΜΑΡΙΑΝΟΣ Νικόλαος,ΕΛΛΑΔΑ,17,8.2,139.4,True,ESAKE country,False,https://www.esake.gr/el/action/EsakeStats?mode=2&idchampionship=A12E05CD&idseason=00000001,00000003,00000003,ΠΑΝΙΩΝΙΟΣ COSMORAMA TRAVEL,11,26,True
2018-19,5099E231,ΚΑΜΠΕΡΙΔΗΣ Γιώργος,ΕΛΛΑΔΑ,21,10.17,213.57,True,ESAKE country,False,https://www.esake.gr/el/action/EsakeStats?mode=2&idchampionship=A12E05CD&idseason=00000001,00000003,00000003,ΠΑΝΙΩΝΙΟΣ COSMORAMA TRAVEL,11,26,True
2018-19,E42E0A16,ΚΑΜΠΕΡΙΔΗΣ Μιχάλης,ΕΛΛΑΔΑ,20,13.54,270.8,True,ESAKE country,False,https://www.esake.gr/el/action/EsakeStats?mode=2&idchampionship=A12E05CD&idseason=00000001,367D6120,814186528,ΧΟΛΑΡΓΟΣ,8,26,True
2018-19,39BC8F0A,ΚΑΜΦΟΡ Ρόντρικ,ΗΠΑ,11,22.88,251.68,False,ESAKE country,False,https://www.esake.gr/el/action/EsakeStats?mode=2&idchampionship=A12E05CD&idseason=00000001,DD83ED41,478556607,ΚΥΜΗ,12,26,True
2018-19,6F0D4B4E,ΚΑΡΑΪΣΚΟΣ Δημήτρης,ΕΛΛΑΔΑ,0,0.0,0.0,True,ESAKE country,False,https://www.esake.gr/el/action/EsakeStats?mode=2&idchampionship=A12E05CD&idseason=00000001,2A25C696,607118742,ΠΡΟΜΗΘΕΑΣ ΠΑΤΡΑΣ ΒΙΚΟΣ COLA,4,26,False
2018-19,A98272F8,ΚΑΡΑΚΕΧΑΓΙΑΣ Ιωάννης,ΕΛΛΑΔΑ,0,0.0,0.0,True,ESAKE country,False,https://www.esake.gr/el/action/EsakeStats?mode=2&idchampionship=A12E05CD&idseason=00000001,00000003,00000003,ΠΑΝΙΩΝΙΟΣ COSMORAMA TRAVEL,11,26,True
2018-19,00000196,ΚΑΡΑΜΑΛΕΓΚΟΣ Ιωάννης,ΕΛΛΑΔΑ,7,4.08,28.56,True,ESAKE country,False,https://www.esake.gr/el/action/EsakeStats?mode=2&idchampionship=A12E05CD&idseason=00000001,00000003,00000003,ΠΑΝΙΩΝΙΟΣ COSMORAMA TRAVEL,11,26,True
2018-19,B91AE9D3,ΚΑΡΑΜΠΕΛΑΣ Ζώης,ΕΛΛΑΔΑ,15,10.38,155.7,True,ESAKE country,False,https://www.esake.gr/el/action/EsakeStats?mode=2&idchampionship=A12E05CD&idseason=00000001,0000000D,00000013,ΠΕΡΙΣΤΕΡΙ Betsson,2,26,False
2018-19,E4C493B6,ΚΑΡΙΝΙΑΟΥΣΚΑΣ Βάιντας,ΛΙΘΟΥΑΝΙΑ,10,27.53,275.3,False,ESAKE country,False,https://www.esake.gr/el/action/EsakeStats?mode=2&idchampionship=A12E05CD&idseason=00000001,DD83ED41,478556607,ΚΥΜΗ,12,26,True
2018-19,6D9B6995,ΚΑΡΤΕΡ Ντέμοντ,ΗΠΑ,8,20.81,166.48,False,ESAKE country,False,https://www.esake.gr/el/action/EsakeStats?mode=2&idchampionship=A12E05CD&idseason=00000001,0000000A,00000010,ΚΟΛΟΣΣΟΣ H HOTELS COLLECTION,14,26,True
2018-19,000001AD,ΚΑΣΕΛΑΚΗΣ Λεωνίδας,ΕΛΛΑΔΑ,22,26.15,575.3,True,ESAKE country,False,https://www.esake.gr/el/action/EsakeStats?mode=2&idchampionship=A12E05CD&idseason=00000001,2A25C696,607118742,ΠΡΟΜΗΘΕΑΣ ΠΑΤΡΑΣ ΒΙΚΟΣ COLA,4,26,False
2018-19,000001BC,ΚΑΤΣΙΒΕΛΗΣ Δημήτρης,ΕΛΛΑΔΑ,17,17.01,289.17,True,ESAKE country,False,https://www.esake.gr/el/action/EsakeStats?mode=2&idchampionship=A12E05CD&idseason=00000001,2A25C696,607118742,ΠΡΟΜΗΘΕΑΣ ΠΑΤΡΑΣ ΒΙΚΟΣ COLA,4,26,False
2018-19,32AACEC0,ΚΕΜΠΤΟΝ Τίμοθι,ΗΠΑ,4,19.12,76.48,False,ESAKE country,False,https://www.esake.gr/el/action/EsakeStats?mode=2&idchampionship=A12E05CD&idseason=00000001,0000000A,00000010,ΚΟΛΟΣΣΟΣ H HOTELS COLLECTION,14,26,True
2018-19,412A5100,ΚΙΛΠΑΤΡΙΚ Σον,ΗΠΑ,13,23.1,300.3,False,ESAKE country,False,https://www.esake.gr/el/action/EsakeStats?mode=2&idchampionship=A12E05CD&idseason=00000001,00000001,00000001,ΠΑΝΑΘΗΝΑΪΚΟΣ AKTOR,3,26,False
2018-19,1457A5A6,ΚΛΑΝΤΟΝ Κιθ,ΗΠΑ,26,18.83,489.58,False,ESAKE country,False,https://www.esake.gr/el/action/EsakeStats?mode=2&idchampionship=A12E05CD&idseason=00000001,0000000E,00000014,ΡΕΘΥΜΝΟ CRETAN KINGS,10,26,True
2018-19,000001DD,ΚΛΑΡΚ Κέιντρεν,ΒΟΥΛΓΑΡΙΑ,7,18.58,130.06,False,ESAKE country,False,https://www.esake.gr/el/action/EsakeStats?mode=2&idchampionship=A12E05CD&idseason=00000001,0000000D,00000013,ΠΕΡΙΣΤΕΡΙ Betsson,2,26,False
2018-19,100CB722,ΚΛΩΝΑΡΑΣ Δημήτρης,ΕΛΛΑΔΑ,0,0.0,0.0,True,ESAKE country,False,https://www.esake.gr/el/action/EsakeStats?mode=2&idchampionship=A12E05CD&idseason=00000001,0000000C,00000012,ΠΑΟΚ,5,26,False
2018-19,5330373D,ΚΟΛΟΒΕΡΟΣ Ιωσήφ,ΕΛΛΑΔΑ,3,2.12,6.36,True,ESAKE country,False,https://www.esake.gr/el/action/EsakeStats?mode=2&idchampionship=A12E05CD&idseason=00000001,00000002,00000002,ΟΛΥΜΠΙΑΚΟΣ,6,26,False
2018-19,CF580EB7,ΚΟΝΙΑΡΗΣ Αντώνης,ΕΛΛΑΔΑ,26,18.23,473.98,True,ESAKE country,False,https://www.esake.gr/el/action/EsakeStats?mode=2&idchampionship=A12E05CD&idseason=00000001,0000000C,00000012,ΠΑΟΚ,5,26,False
2018-19,2252B0C3,ΚΟΣΜΕΤΑΤΟΣ Ευάγγελος,ΕΛΛΑΔΑ,0,0.0,0.0,True,ESAKE country,False,https://www.esake.gr/el/action/EsakeStats?mode=2&idchampionship=A12E05CD&idseason=00000001,DD83ED41,478556607,ΚΥΜΗ,12,26,True
2018-19,4C0E5F4B,ΚΟΥΖΕΛΟΓΛΟΥ Γιάννης,ΕΛΛΑΔΑ,26,18.14,471.64,True,ESAKE country,False,https://www.esake.gr/el/action/EsakeStats?mode=2&idchampionship=A12E05CD&idseason=00000001,F7D46144,37076412,ΛΑΥΡΙΟ DHI,13,26,True
2018-19,AF0B900E,ΚΟΥΡΕΠΗΣ Δημήτρης,ΕΛΛΑΔΑ,6,2.84,17.04,True,ESAKE country,False,https://www.esake.gr/el/action/EsakeStats?mode=2&idchampionship=A12E05CD&idseason=00000001,0000000E,00000014,ΡΕΘΥΜΝΟ CRETAN KINGS,10,26,True
2018-19,79C2A7CE,ΚΟΥΡΤΙΔΗΣ Βαλάντης,ΕΛΛΑΔΑ,0,0.0,0.0,True,ESAKE country,False,https://www.esake.gr/el/action/EsakeStats?mode=2&idchampionship=A12E05CD&idseason=00000001,00000005,00000005,ΑΡΗΣ,9,26,True
2018-19,0000073F,ΚΩΤΤΑΣ Θωμάς,ΕΛΛΑΔΑ,25,11.9,297.5,True,ESAKE country,False,https://www.esake.gr/el/action/EsakeStats?mode=2&idchampionship=A12E05CD&idseason=00000001,367D6120,814186528,ΧΟΛΑΡΓΟΣ,8,26,True
2018-19,961F908E,ΛΑΜΠ Ντορόν,ΗΠΑ,26,26.59,691.34,False,ESAKE country,False,https://www.esake.gr/el/action/EsakeStats?mode=2&idchampionship=A12E05CD&idseason=00000001,F7D46144,37076412,ΛΑΥΡΙΟ DHI,13,26,True
2018-19,A8A5317A,ΛΑΝΑΡΑΣ Ραφαήλ,ΕΛΛΑΔΑ,1,7.68,7.68,True,ESAKE country,False,https://www.esake.gr/el/action/EsakeStats?mode=2&idchampionship=A12E05CD&idseason=00000001,2A25C696,607118742,ΠΡΟΜΗΘΕΑΣ ΠΑΤΡΑΣ ΒΙΚΟΣ COLA,4,26,False
2018-19,7A6A1B1D,ΛΑΝΓΚΦΟΡΝΤ Κιθ,ΗΠΑ,15,19.54,293.1,False,ESAKE country,False,https://www.esake.gr/el/action/EsakeStats?mode=2&idchampionship=A12E05CD&idseason=00000001,00000001,00000001,ΠΑΝΑΘΗΝΑΪΚΟΣ AKTOR,3,26,False
2018-19,00000245,ΛΑΡΕΝΤΖΑΚΗΣ Γιαννούλης,ΕΛΛΑΔΑ,26,23.62,614.12,True,ESAKE country,False,https://www.esake.gr/el/action/EsakeStats?mode=2&idchampionship=A12E05CD&idseason=00000001,00000010,00000016,ΑΕΚ,1,26,False
2018-19,00000719,ΛΑΣΜΕ Στεφάν,ΔΗΜΟΚΡΑΤΙΑ ΓΚΑΜΠΟΝ,11,15.9,174.9,False,ESAKE country,False,https://www.esake.gr/el/action/EsakeStats?mode=2&idchampionship=A12E05CD&idseason=00000001,00000001,00000001,ΠΑΝΑΘΗΝΑΪΚΟΣ AKTOR,3,26,False
2018-19,8C6AEC25,ΛΕ ΝΤΕΪ Ζακ,ΗΠΑ,25,18.22,455.5,False,ESAKE country,False,https://www.esake.gr/el/action/EsakeStats?mode=2&idchampionship=A12E05CD&idseason=00000001,00000002,00000002,ΟΛΥΜΠΙΑΚΟΣ,6,26,False
2018-19,4F22396B,ΛΕΓΚΙΚΑΣ Δημήτρης,ΕΛΛΑΔΑ,8,9.27,74.16,True,ESAKE country,False,https://www.esake.gr/el/action/EsakeStats?mode=2&idchampionship=A12E05CD&idseason=00000001,F7D46144,37076412,ΛΑΥΡΙΟ DHI,13,26,True
2018-19,B2A41EE3,ΛΕΚΑΒΙΤΣΙΟΥΣ Λούκας,ΛΙΘΟΥΑΝΙΑ,24,18.32,439.68,False,ESAKE country,False,https://www.esake.gr/el/action/EsakeStats?mode=2&idchampionship=A12E05CD&idseason=00000001,00000001,00000001,ΠΑΝΑΘΗΝΑΪΚΟΣ AKTOR,3,26,False
2018-19,49189D24,ΛΙ Μάλκολμ,ΗΠΑ,11,21.78,239.58,False,ESAKE country,False,https://www.esake.gr/el/action/EsakeStats?mode=2&idchampionship=A12E05CD&idseason=00000001,0000000A,00000010,ΚΟΛΟΣΣΟΣ H HOTELS COLLECTION,14,26,True
2018-19,1A54AF47,ΛΙΓΚΙΝΣ Ντιάντρε,ΗΠΑ,4,28.64,114.56,False,ESAKE country,False,https://www.esake.gr/el/action/EsakeStats?mode=2&idchampionship=A12E05CD&idseason=00000001,0000000A,00000010,ΚΟΛΟΣΣΟΣ H HOTELS COLLECTION,14,26,True
2018-19,0A8C28AB,ΛΙΟΥΙΣ Τζεκουάν,ΗΠΑ,16,25.44,407.04,False,ESAKE country,False,https://www.esake.gr/el/action/EsakeStats?mode=2&idchampionship=A12E05CD&idseason=00000001,DD83ED41,478556607,ΚΥΜΗ,12,26,True
2018-19,8FAF270E,ΛΙΠΟΒΙ Ολεξαντερ,ΟΥΚΡΑΝΙΑ,26,25.64,666.64,False,ESAKE country,False,https://www.esake.gr/el/action/EsakeStats?mode=2&idchampionship=A12E05CD&idseason=00000001,2A25C696,607118742,ΠΡΟΜΗΘΕΑΣ ΠΑΤΡΑΣ ΒΙΚΟΣ COLA,4,26,False
2018-19,D400B3A0,ΛΟΒ Ζερμέιν,ΗΠΑ,25,24.67,616.75,False,ESAKE country,False,https://www.esake.gr/el/action/EsakeStats?mode=2&idchampionship=A12E05CD&idseason=00000001,367D6120,814186528,ΧΟΛΑΡΓΟΣ,8,26,True
2018-19,7E196AB8,ΛΟΤΖΕΣΚΙ Ματ,ΒΕΛΓΙΟ,15,18.62,279.3,False,ESAKE country,False,https://www.esake.gr/el/action/EsakeStats?mode=2&idchampionship=A12E05CD&idseason=00000001,00000001,00000001,ΠΑΝΑΘΗΝΑΪΚΟΣ AKTOR,3,26,False
2018-19,2BB1AF1F,ΛΟΥΝΤΖΗΣ Μιχάλης,ΕΛΛΑΔΑ,21,17.94,376.74,True,ESAKE country,False,https://www.esake.gr/el/action/EsakeStats?mode=2&idchampionship=A12E05CD&idseason=00000001,F7D46144,37076412,ΛΑΥΡΙΟ DHI,13,26,True
2018-19,F9233702,ΜΑΚ ΓΚΙ Γκάρι,ΗΠΑ,26,20.84,541.84,False,ESAKE country,False,https://www.esake.gr/el/action/EsakeStats?mode=2&idchampionship=A12E05CD&idseason=00000001,00000005,00000005,ΑΡΗΣ,9,26,True
2018-19,FFF10EF9,ΜΑΚ ΚΙ Τιγουέιν,ΗΠΑ,10,18.26,182.6,False,ESAKE country,False,https://www.esake.gr/el/action/EsakeStats?mode=2&idchampionship=A12E05CD&idseason=00000001,00000003,00000003,ΠΑΝΙΩΝΙΟΣ COSMORAMA TRAVEL,11,26,True
2018-19,0000029C,ΜΑΝΤΖΑΡΗΣ Βαγγέλης,ΕΛΛΑΔΑ,25,18.94,473.5,True,ESAKE country,False,https://www.esake.gr/el/action/EsakeStats?mode=2&idchampionship=A12E05CD&idseason=00000001,00000002,00000002,ΟΛΥΜΠΙΑΚΟΣ,6,26,False
2018-19,000002A2,ΜΑΝΩΛΟΠΟΥΛΟΣ Σωτήρης,ΕΛΛΑΔΑ,25,11.41,285.25,True,ESAKE country,False,https://www.esake.gr/el/action/EsakeStats?mode=2&idchampionship=A12E05CD&idseason=00000001,EC35D4E7,232016409,ΗΦΑΙΣΤΟΣ ΛΗΜΝΟΥ,7,26,False
2018-19,000002A5,ΜΑΡΑΓΚΟΣ Πάρης,ΕΛΛΑΔΑ,24,10.6,254.4,True,ESAKE country,False,https://www.esake.gr/el/action/EsakeStats?mode=2&idchampionship=A12E05CD&idseason=00000001,DD83ED41,478556607,ΚΥΜΗ,12,26,True
2018-19,000002A8,ΜΑΡΓΑΡΙΤΗΣ Βαγγέλης,ΕΛΛΑΔΑ,22,20.93,460.46,True,ESAKE country,False,https://www.esake.gr/el/action/EsakeStats?mode=2&idchampionship=A12E05CD&idseason=00000001,0000000C,00000012,ΠΑΟΚ,5,26,False
2018-19,E32251F7,ΜΑΡΓΕΛΗΣ Δημήτρης,ΕΛΛΑΔΑ,6,2.45,14.7,True,ESAKE country,False,https://www.esake.gr/el/action/EsakeStats?mode=2&idchampionship=A12E05CD&idseason=00000001,DD83ED41,478556607,ΚΥΜΗ,12,26,True
2018-19,FB81693B,ΜΑΣΤΡΟΓΙΑΝΝΟΠΟΥΛΟΣ Σαράντης,ΕΛΛΑΔΑ,25,8.83,220.75,True,ESAKE country,False,https://www.esake.gr/el/action/EsakeStats?mode=2&idchampionship=A12E05CD&idseason=00000001,F7D46144,37076412,ΛΑΥΡΙΟ DHI,13,26,True
2018-19,F6F45F3F,ΜΑΤΖΟΥΚΑΣ Λευτέρης,ΕΛΛΑΔΑ,3,4.53,13.59,True,ESAKE country,False,https://www.esake.gr/el/action/EsakeStats?mode=2&idchampionship=A12E05CD&idseason=00000001,2A25C696,607118742,ΠΡΟΜΗΘΕΑΣ ΠΑΤΡΑΣ ΒΙΚΟΣ COLA,4,26,False
2018-19,00000701,ΜΑΤΣΙΟΥΛΙΣ Γιόνας,ΛΙΘΟΥΑΝΙΑ,20,24.25,485.0,False,ESAKE country,False,https://www.esake.gr/el/action/EsakeStats?mode=2&idchampionship=A12E05CD&idseason=00000001,00000010,00000016,ΑΕΚ,1,26,False
2018-19,000002C6,ΜΑΥΡΟΕΙΔΗΣ Δημήτρης,ΕΛΛΑΔΑ,25,22.78,569.5,True,ESAKE country,False,https://www.esake.gr/el/action/EsakeStats?mode=2&idchampionship=A12E05CD&idseason=00000001,0000000A,00000010,ΚΟΛΟΣΣΟΣ H HOTELS COLLECTION,14,26,True
2018-19,BFC527CE,ΜΕΪΕΡ Τόνι,ΗΠΑ,26,16.41,426.66,False,ESAKE country,False,https://www.esake.gr/el/action/EsakeStats?mode=2&idchampionship=A12E05CD&idseason=00000001,2A25C696,607118742,ΠΡΟΜΗΘΕΑΣ ΠΑΤΡΑΣ ΒΙΚΟΣ COLA,4,26,False
2018-19,7B60E95D,ΜΕΪΣ Ρατάν Ξαβιέ,ΚΑΝΑΔΑΣ,9,21.81,196.29,False,ESAKE country,False,https://www.esake.gr/el/action/EsakeStats?mode=2&idchampionship=A12E05CD&idseason=00000001,00000010,00000016,ΑΕΚ,1,26,False
2018-19,21CF76F0,ΜΕΛΣΟΝ Σάιλας,ΗΠΑ,9,21.49,193.41,False,ESAKE country,False,https://www.esake.gr/el/action/EsakeStats?mode=2&idchampionship=A12E05CD&idseason=00000001,F7D46144,37076412,ΛΑΥΡΙΟ DHI,13,26,True
2018-19,7F6E6DE3,ΜΗΤΟΓΛΟΥ Κωνσταντίνος,ΕΛΛΑΔΑ,21,15.78,331.38,True,ESAKE country,False,https://www.esake.gr/el/action/EsakeStats?mode=2&idchampionship=A12E05CD&idseason=00000001,00000001,00000001,ΠΑΝΑΘΗΝΑΪΚΟΣ AKTOR,3,26,False
2018-19,E1163650,ΜΗΤΣΙΜΠΟΝΑΣ Ελευθέριος,ΕΛΛΑΔΑ,15,4.35,65.25,True,ESAKE country,False,https://www.esake.gr/el/action/EsakeStats?mode=2&idchampionship=A12E05CD&idseason=00000001,DD83ED41,478556607,ΚΥΜΗ,12,26,True
2018-19,9198D674,ΜΙΛΟΣΕΒΙΤΣ Μίλαν,ΒΟΣΝΙΑ,24,22.37,536.88,False,ESAKE country,False,https://www.esake.gr/el/action/EsakeStats?mode=2&idchampionship=A12E05CD&idseason=00000001,F7D46144,37076412,ΛΑΥΡΙΟ DHI,13,26,True
2018-19,E6EC7439,ΜΙΛΟΥΤΙΝΟΦ Νίκολα,ΣΕΡΒΙΑ,24,21.85,524.4,False,ESAKE country,False,https://www.esake.gr/el/action/EsakeStats?mode=2&idchampionship=A12E05CD&idseason=00000001,00000002,00000002,ΟΛΥΜΠΙΑΚΟΣ,6,26,False
2018-19,A7EA2098,ΜΙΡΟΣΑΒΙΤΣ Αγγελος,ΕΛΛΑΔΑ,0,0.0,0.0,True,ESAKE country,False,https://www.esake.gr/el/action/EsakeStats?mode=2&idchampionship=A12E05CD&idseason=00000001,0000000A,00000010,ΚΟΛΟΣΣΟΣ H HOTELS COLLECTION,14,26,True
2018-19,045020C4,ΜΟΡΕΪΡΑ Γιανίκ,ΑΝΓΚΟΛΑ,11,18.29,201.19,False,ESAKE country,False,https://www.esake.gr/el/action/EsakeStats?mode=2&idchampionship=A12E05CD&idseason=00000001,0000000C,00000012,ΠΑΟΚ,5,26,False
2018-19,72518F12,ΜΟΥΡ Ραμόν,ΗΠΑ,8,26.44,211.52,False,ESAKE country,False,https://www.esake.gr/el/action/EsakeStats?mode=2&idchampionship=A12E05CD&idseason=00000001,0000000D,00000013,ΠΕΡΙΣΤΕΡΙ Betsson,2,26,False
2018-19,FED5F313,ΜΟΥΡΑΤΟΣ Βασίλης,ΕΛΛΑΔΑ,25,10.67,266.75,True,ESAKE country,False,https://www.esake.gr/el/action/EsakeStats?mode=2&idchampionship=A12E05CD&idseason=00000001,0000000D,00000013,ΠΕΡΙΣΤΕΡΙ Betsson,2,26,False
2018-19,0000030E,ΜΟΥΡΤΟΣ Σπύρος,ΕΛΛΑΔΑ,26,17.6,457.6,True,ESAKE country,False,https://www.esake.gr/el/action/EsakeStats?mode=2&idchampionship=A12E05CD&idseason=00000001,EC35D4E7,232016409,ΗΦΑΙΣΤΟΣ ΛΗΜΝΟΥ,7,26,False
2018-19,448AF744,ΜΠΑΖΙΝΑΣ Θανάσης,ΕΛΛΑΔΑ,0,0.0,0.0,True,ESAKE country,False,https://www.esake.gr/el/action/EsakeStats?mode=2&idchampionship=A12E05CD&idseason=00000001,2A25C696,607118742,ΠΡΟΜΗΘΕΑΣ ΠΑΤΡΑΣ ΒΙΚΟΣ COLA,4,26,False
2018-19,60CC396B,ΜΠΑΚΕΑΣ Θοδωρής,ΕΛΛΑΔΑ,3,0.46,1.38,True,ESAKE country,False,https://www.esake.gr/el/action/EsakeStats?mode=2&idchampionship=A12E05CD&idseason=00000001,EC35D4E7,232016409,ΗΦΑΙΣΤΟΣ ΛΗΜΝΟΥ,7,26,False
2018-19,C2D2141F,ΜΠΑΝΤΕΡ Τράβις,ΗΠΑ,6,20.71,124.26,False,ESAKE country,False,https://www.esake.gr/el/action/EsakeStats?mode=2&idchampionship=A12E05CD&idseason=00000001,0000000E,00000014,ΡΕΘΥΜΝΟ CRETAN KINGS,10,26,True
2018-19,69B51FD6,ΜΠΑΡΜΠΟΥΡΗΣ Γιώργος,ΕΛΛΑΔΑ,0,0.0,0.0,True,ESAKE country,False,https://www.esake.gr/el/action/EsakeStats?mode=2&idchampionship=A12E05CD&idseason=00000001,DD83ED41,478556607,ΚΥΜΗ,12,26,True
2018-19,00000330,ΜΠΑΡΤ Στίβεν Τζ.,ΗΠΑ,26,32.96,856.96,False,ESAKE country,False,https://www.esake.gr/el/action/EsakeStats?mode=2&idchampionship=A12E05CD&idseason=00000001,0000000E,00000014,ΡΕΘΥΜΝΟ CRETAN KINGS,10,26,True
2018-19,248FCA4D,ΜΠΕΛ Γκάρι,ΗΠΑ,23,24.38,560.74,False,ESAKE country,False,https://www.esake.gr/el/action/EsakeStats?mode=2&idchampionship=A12E05CD&idseason=00000001,00000005,00000005,ΑΡΗΣ,9,26,True
2018-19,5089F2DE,ΜΠΕΝΤΙΛ Μπεν,ΓΚΑΝΑ,26,22.09,574.34,False,ESAKE country,False,https://www.esake.gr/el/action/EsakeStats?mode=2&idchampionship=A12E05CD&idseason=00000001,0000000D,00000013,ΠΕΡΙΣΤΕΡΙ Betsson,2,26,False
2018-19,651D664B,ΜΠΕΡΙ Ντέβιον,Η.Π.Α.,23,35.26,810.98,False,ESAKE country,False,https://www.esake.gr/el/action/EsakeStats?mode=2&idchampionship=A12E05CD&idseason=00000001,00000003,00000003,ΠΑΝΙΩΝΙΟΣ COSMORAMA TRAVEL,11,26,True
2018-19,ED874474,ΜΠΙΛΛΗΣ Σωτήρης,ΕΛΛΑΔΑ,15,2.51,37.65,True,ESAKE country,False,https://www.esake.gr/el/action/EsakeStats?mode=2&idchampionship=A12E05CD&idseason=00000001,0000000A,00000010,ΚΟΛΟΣΣΟΣ H HOTELS COLLECTION,14,26,True
2018-19,D330924C,ΜΠΙΟΥΦΟΡΝΤ Ουίλιαμ,ΗΠΑ,15,23.21,348.15,False,ESAKE country,False,https://www.esake.gr/el/action/EsakeStats?mode=2&idchampionship=A12E05CD&idseason=00000001,F7D46144,37076412,ΛΑΥΡΙΟ DHI,13,26,True
2018-19,00000366,ΜΠΟΓΡΗΣ Γιώργος,ΕΛΛΑΔΑ,20,9.11,182.2,True,ESAKE country,False,https://www.esake.gr/el/action/EsakeStats?mode=2&idchampionship=A12E05CD&idseason=00000001,00000002,00000002,ΟΛΥΜΠΙΑΚΟΣ,6,26,False
2018-19,017B3324,ΜΠΟΛΝΤΣ Ντεμάριους,ΗΠΑ,6,27.46,164.76,False,ESAKE country,False,https://www.esake.gr/el/action/EsakeStats?mode=2&idchampionship=A12E05CD&idseason=00000001,DD83ED41,478556607,ΚΥΜΗ,12,26,True
2018-19,0000037E,ΜΠΟΧΩΡΙΔΗΣ Ελευθέριος,ΕΛΛΑΔΑ,23,25.28,581.44,True,ESAKE country,False,https://www.esake.gr/el/action/EsakeStats?mode=2&idchampionship=A12E05CD&idseason=00000001,00000005,00000005,ΑΡΗΣ,9,26,True
2018-19,C97DD356,ΜΠΡΑΝΤΟΝ Μπράουν,ΗΠΑ,4,27.51,110.04,False,ESAKE country,False,https://www.esake.gr/el/action/EsakeStats?mode=2&idchampionship=A12E05CD&idseason=00000001,00000003,00000003,ΠΑΝΙΩΝΙΟΣ COSMORAMA TRAVEL,11,26,True
2018-19,02211B0A,ΜΠΡΑΟΥΝ Ρίον,ΗΠΑ,25,26.79,669.75,False,ESAKE country,False,https://www.esake.gr/el/action/EsakeStats?mode=2&idchampionship=A12E05CD&idseason=00000001,2A25C696,607118742,ΠΡΟΜΗΘΕΑΣ ΠΑΤΡΑΣ ΒΙΚΟΣ COLA,4,26,False
2018-19,D5F72F6E,ΜΠΡΑΟΥΝΙΝΓΚ Στίβι,ΗΠΑ,26,26.34,684.84,False,ESAKE country,False,https://www.esake.gr/el/action/EsakeStats?mode=2&idchampionship=A12E05CD&idseason=00000001,0000000A,00000010,ΚΟΛΟΣΣΟΣ H HOTELS COLLECTION,14,26,True
2018-19,6E707337,ΜΠΡΕΪΖΕΛΤΟΝ Τάιρον,ΗΠΑ,23,25.88,595.24,False,ESAKE country,False,https://www.esake.gr/el/action/EsakeStats?mode=2&idchampionship=A12E05CD&idseason=00000001,EC35D4E7,232016409,ΗΦΑΙΣΤΟΣ ΛΗΜΝΟΥ,7,26,False
2018-19,AC209958,ΜΠΡΕΪΣΙ-ΝΤΕΪΒΙΣ Κέβιν,ΗΠΑ,14,17.94,251.16,False,ESAKE country,False,https://www.esake.gr/el/action/EsakeStats?mode=2&idchampionship=A12E05CD&idseason=00000001,0000000E,00000014,ΡΕΘΥΜΝΟ CRETAN KINGS,10,26,True
2018-19,E79B2944,ΜΩΡΑΪΤΗΣ Δημήτρης,ΕΛΛΑΔΑ,21,11.24,236.04,True,ESAKE country,False,https://www.esake.gr/el/action/EsakeStats?mode=2&idchampionship=A12E05CD&idseason=00000001,00000010,00000016,ΑΕΚ,1,26,False
2018-19,4A939209,ΝΙΞΟΝ Τζαμάλ,ΗΠΑ,26,21.62,562.12,False,ESAKE country,False,https://www.esake.gr/el/action/EsakeStats?mode=2&idchampionship=A12E05CD&idseason=00000001,F7D46144,37076412,ΛΑΥΡΙΟ DHI,13,26,True
2018-19,DDF055A3,ΝΤΑΛΟ Μπορίς,ΓΑΛΛΙΑ,26,17.98,467.48,False,ESAKE country,False,https://www.esake.gr/el/action/EsakeStats?mode=2&idchampionship=A12E05CD&idseason=00000001,00000005,00000005,ΑΡΗΣ,9,26,True
2018-19,7F565FF0,ΝΤΑΝΙΕΛ Εντουαρντ,ΗΠΑ,26,19.1,496.6,False,ESAKE country,False,https://www.esake.gr/el/action/EsakeStats?mode=2&idchampionship=A12E05CD&idseason=00000001,0000000D,00000013,ΠΕΡΙΣΤΕΡΙ Betsson,2,26,False
2018-19,BB72FA72,ΝΤΑΝΙΕΛΣ Τράβις,ΗΠΑ,26,27.03,702.78,False,ESAKE country,False,https://www.esake.gr/el/action/EsakeStats?mode=2&idchampionship=A12E05CD&idseason=00000001,0000000E,00000014,ΡΕΘΥΜΝΟ CRETAN KINGS,10,26,True
2018-19,8239B06C,ΝΤΕΜΠΣ Τρε,ΗΠΑ,10,19.86,198.6,False,ESAKE country,False,https://www.esake.gr/el/action/EsakeStats?mode=2&idchampionship=A12E05CD&idseason=00000001,0000000A,00000010,ΚΟΛΟΣΣΟΣ H HOTELS COLLECTION,14,26,True
2018-19,006A8459,ΝΤΙΓΚΣ Κουίνσι,ΗΠΑ,20,25.17,503.4,False,ESAKE country,False,https://www.esake.gr/el/action/EsakeStats?mode=2&idchampionship=A12E05CD&idseason=00000001,0000000A,00000010,ΚΟΛΟΣΣΟΣ H HOTELS COLLECTION,14,26,True
2018-19,047FA357,ΝΤΟΡΣΕΪ Ντάριν,ΗΠΑ,6,22.15,132.9,False,ESAKE country,False,https://www.esake.gr/el/action/EsakeStats?mode=2&idchampionship=A12E05CD&idseason=00000001,367D6120,814186528,ΧΟΛΑΡΓΟΣ,8,26,True
2018-19,000003EF,ΝΤΟΡΣΕΪ Τζόε,ΗΠΑ,20,22.16,443.2,False,ESAKE country,False,https://www.esake.gr/el/action/EsakeStats?mode=2&idchampionship=A12E05CD&idseason=00000001,00000003,00000003,ΠΑΝΙΩΝΙΟΣ COSMORAMA TRAVEL,11,26,True
2018-19,93843BDD,ΝΤΟΥΡΑΜ Τζαμπρίλ,ΗΠΑ,2,23.37,46.74,False,ESAKE country,False,https://www.esake.gr/el/action/EsakeStats?mode=2&idchampionship=A12E05CD&idseason=00000001,0000000E,00000014,ΡΕΘΥΜΝΟ CRETAN KINGS,10,26,True
2018-19,805DBC47,ΝΤΟΥΡΕΝ Ταϊρίκ,ΗΠΑ,5,28.5,142.5,False,ESAKE country,False,https://www.esake.gr/el/action/EsakeStats?mode=2&idchampionship=A12E05CD&idseason=00000001,0000000A,00000010,ΚΟΛΟΣΣΟΣ H HOTELS COLLECTION,14,26,True
2018-19,000003F5,ΞΑΝΘΟΠΟΥΛΟΣ Βασίλης,ΕΛΛΑΔΑ,13,16.38,212.94,True,ESAKE country,False,https://www.esake.gr/el/action/EsakeStats?mode=2&idchampionship=A12E05CD&idseason=00000001,00000010,00000016,ΑΕΚ,1,26,False
2018-19,6CE7C23C,ΟΙΚΟΝΟΜΟΠΟΥΛΟΣ Κωνσταντίνος,ΕΛΛΑΔΑ,10,5.15,51.5,True,ESAKE country,False,https://www.esake.gr/el/action/EsakeStats?mode=2&idchampionship=A12E05CD&idseason=00000001,0000000E,00000014,ΡΕΘΥΜΝΟ CRETAN KINGS,10,26,True
2018-19,90CF4472,ΟΚΕΡΕΑΦΟΡ Τέντι,ΜΕΓΑΛΗ ΒΡΕΤΑΝΙΑ,26,16.43,427.18,False,ESAKE country,False,https://www.esake.gr/el/action/EsakeStats?mode=2&idchampionship=A12E05CD&idseason=00000001,367D6120,814186528,ΧΟΛΑΡΓΟΣ,8,26,True
2018-19,7B5E77D1,ΟΝΤΙΑΣΕ Τάι,ΗΠΑ,11,12.87,141.57,False,ESAKE country,False,https://www.esake.gr/el/action/EsakeStats?mode=2&idchampionship=A12E05CD&idseason=00000001,F7D46144,37076412,ΛΑΥΡΙΟ DHI,13,26,True
2018-19,B5F121EB,ΟΝΤΟΥΜ Τζέικομπ,ΗΠΑ,3,18.16,54.48,False,ESAKE country,False,https://www.esake.gr/el/action/EsakeStats?mode=2&idchampionship=A12E05CD&idseason=00000001,2A25C696,607118742,ΠΡΟΜΗΘΕΑΣ ΠΑΤΡΑΣ ΒΙΚΟΣ COLA,4,26,False
2018-19,AD34A3B5,ΟΣΤΙΝ Ντεμέτρικ,ΗΠΑ,15,22.33,334.95,False,ESAKE country,False,https://www.esake.gr/el/action/EsakeStats?mode=2&idchampionship=A12E05CD&idseason=00000001,00000003,00000003,ΠΑΝΙΩΝΙΟΣ COSMORAMA TRAVEL,11,26,True
2018-19,D98A0DB4,ΟΥΑΣΙΝΓΚΤΟΝ Ντεβόν,ΗΠΑ,25,29.73,743.25,False,ESAKE country,False,https://www.esake.gr/el/action/EsakeStats?mode=2&idchampionship=A12E05CD&idseason=00000001,DD83ED41,478556607,ΚΥΜΗ,12,26,True
2018-19,7EF3E5FD,ΟΥΙΓΚΙΝΣ Αντουέιν,ΗΠΑ,25,18.44,461.0,False,ESAKE country,False,https://www.esake.gr/el/action/EsakeStats?mode=2&idchampionship=A12E05CD&idseason=00000001,EC35D4E7,232016409,ΗΦΑΙΣΤΟΣ ΛΗΜΝΟΥ,7,26,False
2018-19,74FDF355,ΟΥΙΛΙΑΜΣ Ματ Τζούνιορ,ΗΠΑ,12,26.04,312.48,False,ESAKE country,False,https://www.esake.gr/el/action/EsakeStats?mode=2&idchampionship=A12E05CD&idseason=00000001,DD83ED41,478556607,ΚΥΜΗ,12,26,True
2018-19,B99AA0D0,ΟΥΪΤΙ Τζεφ,ΗΠΑ,10,16.65,166.5,False,ESAKE country,False,https://www.esake.gr/el/action/EsakeStats?mode=2&idchampionship=A12E05CD&idseason=00000001,F7D46144,37076412,ΛΑΥΡΙΟ DHI,13,26,True
2018-19,779171AA,ΟΥΜΠΙΛΑ Μάνι,ΗΠΑ,4,19.81,79.24,False,ESAKE country,False,https://www.esake.gr/el/action/EsakeStats?mode=2&idchampionship=A12E05CD&idseason=00000001,DD83ED41,478556607,ΚΥΜΗ,12,26,True
2018-19,1C621E13,ΠΑΓΩΝΗΣ Γιώργος,ΕΛΛΑΔΑ,0,0.0,0.0,True,ESAKE country,False,https://www.esake.gr/el/action/EsakeStats?mode=2&idchampionship=A12E05CD&idseason=00000001,DD83ED41,478556607,ΚΥΜΗ,12,26,True
2018-19,00000451,ΠΑΠΑΓΙΑΝΝΗΣ Γιώργος,ΕΛΛΑΔΑ,22,12.54,275.88,True,ESAKE country,False,https://www.esake.gr/el/action/EsakeStats?mode=2&idchampionship=A12E05CD&idseason=00000001,00000001,00000001,ΠΑΝΑΘΗΝΑΪΚΟΣ AKTOR,3,26,False
2018-19,41010DDA,ΠΑΠΑΔΑΚΗΣ Κώστας,ΕΛΛΑΔΑ,19,8.26,156.94,True,ESAKE country,False,https://www.esake.gr/el/action/EsakeStats?mode=2&idchampionship=A12E05CD&idseason=00000001,0000000A,00000010,ΚΟΛΟΣΣΟΣ H HOTELS COLLECTION,14,26,True
2018-19,66003591,ΠΑΠΑΔΗΜΗΤΡΙΟΥ Γιώργος,ΕΛΛΑΔΑ,0,0.0,0.0,True,ESAKE country,False,https://www.esake.gr/el/action/EsakeStats?mode=2&idchampionship=A12E05CD&idseason=00000001,00000003,00000003,ΠΑΝΙΩΝΙΟΣ COSMORAMA TRAVEL,11,26,True
2018-19,00000468,ΠΑΠΑΝΙΚΟΛΑΟΥ Κώστας,ΕΛΛΑΔΑ,22,23.42,515.24,True,ESAKE country,False,https://www.esake.gr/el/action/EsakeStats?mode=2&idchampionship=A12E05CD&idseason=00000001,00000002,00000002,ΟΛΥΜΠΙΑΚΟΣ,6,26,False
2018-19,0000046F,ΠΑΠΑΝΤΩΝΙΟΥ Νώντας,ΕΛΛΑΔΑ,24,28.15,675.6,True,ESAKE country,False,https://www.esake.gr/el/action/EsakeStats?mode=2&idchampionship=A12E05CD&idseason=00000001,00000003,00000003,ΠΑΝΙΩΝΙΟΣ COSMORAMA TRAVEL,11,26,True
2018-19,8E3AD877,ΠΑΠΑΠΕΤΡΟΥ Ιωάννης,ΕΛΛΑΔΑ,20,21.07,421.4,True,ESAKE country,False,https://www.esake.gr/el/action/EsakeStats?mode=2&idchampionship=A12E05CD&idseason=00000001,00000001,00000001,ΠΑΝΑΘΗΝΑΪΚΟΣ AKTOR,3,26,False
2018-19,0000047A,ΠΑΠΠΑΣ Νίκος,ΕΛΛΑΔΑ,13,19.8,257.4,True,ESAKE country,False,https://www.esake.gr/el/action/EsakeStats?mode=2&idchampionship=A12E05CD&idseason=00000001,00000001,00000001,ΠΑΝΑΘΗΝΑΪΚΟΣ AKTOR,3,26,False
2018-19,747CD647,ΠΑΡΚΣ Τέρελ,ΗΠΑ,25,12.57,314.25,False,ESAKE country,False,https://www.esake.gr/el/action/EsakeStats?mode=2&idchampionship=A12E05CD&idseason=00000001,2A25C696,607118742,ΠΡΟΜΗΘΕΑΣ ΠΑΤΡΑΣ ΒΙΚΟΣ COLA,4,26,False
2018-19,5194F54E,ΠΕΪΝ Άντριαν,ΗΠΑ,4,10.6,42.4,False,ESAKE country,False,https://www.esake.gr/el/action/EsakeStats?mode=2&idchampionship=A12E05CD&idseason=00000001,00000001,00000001,ΠΑΝΑΘΗΝΑΪΚΟΣ AKTOR,3,26,False
2018-19,000004A0,ΠΕΡΡΑΚΗΣ Μιχάλης,ΕΛΛΑΔΑ,15,3.72,55.8,True,ESAKE country,False,https://www.esake.gr/el/action/EsakeStats?mode=2&idchampionship=A12E05CD&idseason=00000001,F7D46144,37076412,ΛΑΥΡΙΟ DHI,13,26,True
2018-19,81D560E1,ΠΙΝΚΣΤΟΝ Τζέιβον,ΗΠΑ,22,24.93,548.46,False,ESAKE country,False,https://www.esake.gr/el/action/EsakeStats?mode=2&idchampionship=A12E05CD&idseason=00000001,0000000A,00000010,ΚΟΛΟΣΣΟΣ H HOTELS COLLECTION,14,26,True
2018-19,CAF5F05C,ΠΟΟΥΠ Μαλίκ,ΗΠΑ,2,12.88,25.76,False,ESAKE country,False,https://www.esake.gr/el/action/EsakeStats?mode=2&idchampionship=A12E05CD&idseason=00000001,0000000C,00000012,ΠΑΟΚ,5,26,False
2018-19,F42B3D2C,ΠΟΥΛΙΑΝΙΤΗΣ Στέλιος,ΕΛΛΑΔΑ,25,16.54,413.5,True,ESAKE country,False,https://www.esake.gr/el/action/EsakeStats?mode=2&idchampionship=A12E05CD&idseason=00000001,DD83ED41,478556607,ΚΥΜΗ,12,26,True
2018-19,000004C7,ΠΡΙΝΤΕΖΗΣ Γιώργος,ΕΛΛΑΔΑ,20,20.14,402.8,True,ESAKE country,False,https://www.esake.gr/el/action/EsakeStats?mode=2&idchampionship=A12E05CD&idseason=00000001,00000002,00000002,ΟΛΥΜΠΙΑΚΟΣ,6,26,False
2018-19,4660E107,ΡΑΖΗΣ Χριστόφορος,ΕΛΛΑΔΑ,26,13.91,361.66,True,ESAKE country,False,https://www.esake.gr/el/action/EsakeStats?mode=2&idchampionship=A12E05CD&idseason=00000001,0000000E,00000014,ΡΕΘΥΜΝΟ CRETAN KINGS,10,26,True
2018-19,DE1805B4,ΡΑΛΛΑΤΟΣ Γρηγόρης,ΕΛΛΑΔΑ,11,1.66,18.26,True,ESAKE country,False,https://www.esake.gr/el/action/EsakeStats?mode=2&idchampionship=A12E05CD&idseason=00000001,367D6120,814186528,ΧΟΛΑΡΓΟΣ,8,26,True
2018-19,2C26B404,ΡΟΓΚΑΒΟΠΟΥΛΟΣ Νίκος,ΕΛΛΑΔΑ,15,3.73,55.95,True,ESAKE country,False,https://www.esake.gr/el/action/EsakeStats?mode=2&idchampionship=A12E05CD&idseason=00000001,00000010,00000016,ΑΕΚ,1,26,False
2018-19,0AA0D760,ΡΟΜΠΕΡΣΟΝ Τάιλερ,ΗΠΑ,11,13.82,152.02,False,ESAKE country,False,https://www.esake.gr/el/action/EsakeStats?mode=2&idchampionship=A12E05CD&idseason=00000001,00000010,00000016,ΑΕΚ,1,26,False
2018-19,E4F39ED2,ΡΟΥΜΕΛΙΩΤΗΣ Ανδρέας,ΕΛΛΑΔΑ,6,2.12,12.72,True,ESAKE country,False,https://www.esake.gr/el/action/EsakeStats?mode=2&idchampionship=A12E05CD&idseason=00000001,00000003,00000003,ΠΑΝΙΩΝΙΟΣ COSMORAMA TRAVEL,11,26,True
2018-19,EEACDAE7,ΣΑΓΚΣ Σκοτ,ΗΠΑ,25,33.01,825.25,False,ESAKE country,False,https://www.esake.gr/el/action/EsakeStats?mode=2&idchampionship=A12E05CD&idseason=00000001,DD83ED41,478556607,ΚΥΜΗ,12,26,True
2018-19,9892ECAB,ΣΑΚΕΛΛΑΡΙΟΥ Βαγγέλης,ΕΛΛΑΔΑ,2,10.34,20.68,True,ESAKE country,False,https://www.esake.gr/el/action/EsakeStats?mode=2&idchampionship=A12E05CD&idseason=00000001,00000001,00000001,ΠΑΝΑΘΗΝΑΪΚΟΣ AKTOR,3,26,False
2018-19,00000514,ΣΑΚΟΤΑ Ντούσαν,ΕΛΛΑΔΑ,23,20.87,480.01,True,ESAKE country,False,https://www.esake.gr/el/action/EsakeStats?mode=2&idchampionship=A12E05CD&idseason=00000001,00000010,00000016,ΑΕΚ,1,26,False
2018-19,D4498240,ΣΑΛΟΥΣΤΡΟΣ Χρήστος,ΕΛΛΑΔΑ,25,18.52,463.0,True,ESAKE country,False,https://www.esake.gr/el/action/EsakeStats?mode=2&idchampionship=A12E05CD&idseason=00000001,2A25C696,607118742,ΠΡΟΜΗΘΕΑΣ ΠΑΤΡΑΣ ΒΙΚΟΣ COLA,4,26,False
2018-19,68A17B78,ΣΑΝΔΡΑΜΑΝΗΣ Χρυσόστομος,ΕΛΛΑΔΑ,6,6.21,37.26,True,ESAKE country,False,https://www.esake.gr/el/action/EsakeStats?mode=2&idchampionship=A12E05CD&idseason=00000001,2A25C696,607118742,ΠΡΟΜΗΘΕΑΣ ΠΑΤΡΑΣ ΒΙΚΟΣ COLA,4,26,False
2018-19,C510FEF8,ΣΑΝΤ-ΡΟΣ Χάουαρντ,ΚΟΥΒΑ,24,26.41,633.84,False,ESAKE country,False,https://www.esake.gr/el/action/EsakeStats?mode=2&idchampionship=A12E05CD&idseason=00000001,00000010,00000016,ΑΕΚ,1,26,False
2018-19,0000053A,ΣΙΓΚΟΥΝΑΣ Αλέξανδρος,ΕΛΛΑΔΑ,23,14.83,341.09,True,ESAKE country,False,https://www.esake.gr/el/action/EsakeStats?mode=2&idchampionship=A12E05CD&idseason=00000001,0000000E,00000014,ΡΕΘΥΜΝΟ CRETAN KINGS,10,26,True
2018-19,E3E2822B,ΣΙΝΓΚΛΕΡ Ι Τζέι,ΗΠΑ,11,30.82,339.02,False,ESAKE country,False,https://www.esake.gr/el/action/EsakeStats?mode=2&idchampionship=A12E05CD&idseason=00000001,00000003,00000003,ΠΑΝΙΩΝΙΟΣ COSMORAMA TRAVEL,11,26,True
2018-19,C8F5027C,ΣΙΡΚΟ Χένρι,ΚΡΟΑΤΙΑ,16,23.88,382.08,False,ESAKE country,False,https://www.esake.gr/el/action/EsakeStats?mode=2&idchampionship=A12E05CD&idseason=00000001,0000000D,00000013,ΠΕΡΙΣΤΕΡΙ Betsson,2,26,False
2018-19,00000554,ΣΚΟΡΔΙΛΗΣ Γάιος,ΕΛΛΑΔΑ,24,12.47,299.28,True,ESAKE country,False,https://www.esake.gr/el/action/EsakeStats?mode=2&idchampionship=A12E05CD&idseason=00000001,0000000D,00000013,ΠΕΡΙΣΤΕΡΙ Betsson,2,26,False
2018-19,00000559,ΣΚΟΥΛΙΔΑΣ Διονύσης,ΕΛΛΑΔΑ,16,7.51,120.16,True,ESAKE country,False,https://www.esake.gr/el/action/EsakeStats?mode=2&idchampionship=A12E05CD&idseason=00000001,367D6120,814186528,ΧΟΛΑΡΓΟΣ,8,26,True
2018-19,000006F2,ΣΛΑΦΤΣΑΚΗΣ Διαμαντής,ΕΛΛΑΔΑ,26,12.4,322.4,True,ESAKE country,False,https://www.esake.gr/el/action/EsakeStats?mode=2&idchampionship=A12E05CD&idseason=00000001,00000005,00000005,ΑΡΗΣ,9,26,True
2018-19,A9EA5AE3,ΣΜΙΘ Σκούτσι,ΗΠΑ,3,13.38,40.14,False,ESAKE country,False,https://www.esake.gr/el/action/EsakeStats?mode=2&idchampionship=A12E05CD&idseason=00000001,0000000D,00000013,ΠΕΡΙΣΤΕΡΙ Betsson,2,26,False
2018-19,10B67913,ΣΜΙΘ Τζέρι,ΗΠΑ,25,22.63,565.75,False,ESAKE country,False,https://www.esake.gr/el/action/EsakeStats?mode=2&idchampionship=A12E05CD&idseason=00000001,EC35D4E7,232016409,ΗΦΑΙΣΤΟΣ ΛΗΜΝΟΥ,7,26,False
2018-19,00000577,ΣΠΑΝΟΥΛΗΣ Βασίλης,ΕΛΛΑΔΑ,15,20.57,308.55,True,ESAKE country,False,https://www.esake.gr/el/action/EsakeStats?mode=2&idchampionship=A12E05CD&idseason=00000001,00000002,00000002,ΟΛΥΜΠΙΑΚΟΣ,6,26,False
2018-19,000006E2,ΣΠΥΡΙΔΟΝΙΔΗΣ Αλέξης,ΕΛΛΑΔΑ,15,8.16,122.4,True,ESAKE country,False,https://www.esake.gr/el/action/EsakeStats?mode=2&idchampionship=A12E05CD&idseason=00000001,367D6120,814186528,ΧΟΛΑΡΓΟΣ,8,26,True
2018-19,2D5F553C,ΣΠΥΡΟΥ Ευάγγελος,ΕΛΛΑΔΑ,0,0.0,0.0,True,ESAKE country,False,https://www.esake.gr/el/action/EsakeStats?mode=2&idchampionship=A12E05CD&idseason=00000001,DD83ED41,478556607,ΚΥΜΗ,12,26,True
2018-19,98CA314B,ΣΤΑΜΑΤΗΣ Δημήτρης,ΕΛΛΑΔΑ,26,12.92,335.92,True,ESAKE country,False,https://www.esake.gr/el/action/EsakeStats?mode=2&idchampionship=A12E05CD&idseason=00000001,EC35D4E7,232016409,ΗΦΑΙΣΤΟΣ ΛΗΜΝΟΥ,7,26,False
2018-19,35DCE888,ΣΤΑΥΡΑΚΟΥΚΑΣ Βασίλης,ΕΛΛΑΔΑ,1,0.33,0.33,True,ESAKE country,False,https://www.esake.gr/el/action/EsakeStats?mode=2&idchampionship=A12E05CD&idseason=00000001,0000000D,00000013,ΠΕΡΙΣΤΕΡΙ Betsson,2,26,False
2018-19,40B10F02,ΣΤΡΕΛΝΙΕΚΣ Γιάνις,ΛΕΤΟΝΙΑ,13,19.77,257.01,False,ESAKE country,False,https://www.esake.gr/el/action/EsakeStats?mode=2&idchampionship=A12E05CD&idseason=00000001,00000002,00000002,ΟΛΥΜΠΙΑΚΟΣ,6,26,False
2018-19,000006D8,ΣΤΥΛΙΑΝΟΥ Νίκος,ΕΛΛΑΔΑ,12,14.08,168.96,True,ESAKE country,False,https://www.esake.gr/el/action/EsakeStats?mode=2&idchampionship=A12E05CD&idseason=00000001,DD83ED41,478556607,ΚΥΜΗ,12,26,True
2018-19,BCB78E4A,ΣΧΙΖΑΣ Σταύρος,ΕΛΛΑΔΑ,21,8.88,186.48,True,ESAKE country,False,https://www.esake.gr/el/action/EsakeStats?mode=2&idchampionship=A12E05CD&idseason=00000001,0000000C,00000012,ΠΑΟΚ,5,26,False
2018-19,84560942,ΤΑΛΤΟΝ Γκάρι,ΗΠΑ,19,22.33,424.27,False,ESAKE country,False,https://www.esake.gr/el/action/EsakeStats?mode=2&idchampionship=A12E05CD&idseason=00000001,367D6120,814186528,ΧΟΛΑΡΓΟΣ,8,26,True
2018-19,96FC6D4D,ΤΑΝΟΥΛΗΣ Γιώργος,ΕΛΛΑΔΑ,0,0.0,0.0,True,ESAKE country,False,https://www.esake.gr/el/action/EsakeStats?mode=2&idchampionship=A12E05CD&idseason=00000001,0000000C,00000012,ΠΑΟΚ,5,26,False
2018-19,14E9C05A,ΤΕΪΛΟΡ Τζίμι,ΗΠΑ,16,21.12,337.92,False,ESAKE country,False,https://www.esake.gr/el/action/EsakeStats?mode=2&idchampionship=A12E05CD&idseason=00000001,00000003,00000003,ΠΑΝΙΩΝΙΟΣ COSMORAMA TRAVEL,11,26,True
2018-19,000005B4,ΤΕΠΙΤΣ Μιλένκο,ΣΕΡΒΙΑ,22,26.9,591.8,False,ESAKE country,False,https://www.esake.gr/el/action/EsakeStats?mode=2&idchampionship=A12E05CD&idseason=00000001,0000000C,00000012,ΠΑΟΚ,5,26,False
2018-19,10F19E3F,ΤΖΕΪΜΣ Ντέλροϊ,ΗΠΑ,15,19.0,285.0,False,ESAKE country,False,https://www.esake.gr/el/action/EsakeStats?mode=2&idchampionship=A12E05CD&idseason=00000001,00000010,00000016,ΑΕΚ,1,26,False
2018-19,66DDDEA8,ΤΖΕΦΕΡΣΟΝ Τζόντρε,ΗΠΑ,11,18.26,200.86,False,ESAKE country,False,https://www.esake.gr/el/action/EsakeStats?mode=2&idchampionship=A12E05CD&idseason=00000001,0000000C,00000012,ΠΑΟΚ,5,26,False
2018-19,588243DD,ΤΖΟΝΣΟΝ Ελάιζα,ΗΠΑ,15,25.34,380.1,False,ESAKE country,False,https://www.esake.gr/el/action/EsakeStats?mode=2&idchampionship=A12E05CD&idseason=00000001,0000000E,00000014,ΡΕΘΥΜΝΟ CRETAN KINGS,10,26,True
2018-19,01807233,ΤΖΟΟΥΝΣ Άαρον,ΗΠΑ,22,20.2,444.4,False,ESAKE country,False,https://www.esake.gr/el/action/EsakeStats?mode=2&idchampionship=A12E05CD&idseason=00000001,0000000E,00000014,ΡΕΘΥΜΝΟ CRETAN KINGS,10,26,True
2018-19,DF1E9715,ΤΖΟΟΥΝΣ Κάμερον,ΗΠΑ,9,20.56,185.04,False,ESAKE country,False,https://www.esake.gr/el/action/EsakeStats?mode=2&idchampionship=A12E05CD&idseason=00000001,F7D46144,37076412,ΛΑΥΡΙΟ DHI,13,26,True
2018-19,DC68D019,ΤΖΟΟΥΝΣ Λάκι,ΗΠΑ,26,24.7,642.2,False,ESAKE country,False,https://www.esake.gr/el/action/EsakeStats?mode=2&idchampionship=A12E05CD&idseason=00000001,00000005,00000005,ΑΡΗΣ,9,26,True
2018-19,B2679D20,ΤΖΟΟΥΝΣ Τέιλορ,ΗΠΑ,4,15.51,62.04,False,ESAKE country,False,https://www.esake.gr/el/action/EsakeStats?mode=2&idchampionship=A12E05CD&idseason=00000001,00000003,00000003,ΠΑΝΙΩΝΙΟΣ COSMORAMA TRAVEL,11,26,True
2018-19,34CB7D1B,ΤΖΟΟΥΝΣ Τζαμάλ,ΗΠΑ,13,18.53,240.89,False,ESAKE country,False,https://www.esake.gr/el/action/EsakeStats?mode=2&idchampionship=A12E05CD&idseason=00000001,0000000C,00000012,ΠΑΟΚ,5,26,False
2018-19,D77658A1,ΤΙΓΚΑΣ Φιλιππος,ΕΛΛΑΔΑ,0,0.0,0.0,True,ESAKE country,False,https://www.esake.gr/el/action/EsakeStats?mode=2&idchampionship=A12E05CD&idseason=00000001,00000010,00000016,ΑΕΚ,1,26,False
2018-19,BAF02065,ΤΙΜΑ Γιάνις,ΛΕΤΟΝΙΑ,14,15.27,213.78,False,ESAKE country,False,https://www.esake.gr/el/action/EsakeStats?mode=2&idchampionship=A12E05CD&idseason=00000001,00000002,00000002,ΟΛΥΜΠΙΑΚΟΣ,6,26,False
2018-19,335BE66C,ΤΟΛΙΑΣ Βασίλης,ΕΛΛΑΔΑ,0,0.0,0.0,True,ESAKE country,False,https://www.esake.gr/el/action/EsakeStats?mode=2&idchampionship=A12E05CD&idseason=00000001,00000003,00000003,ΠΑΝΙΩΝΙΟΣ COSMORAMA TRAVEL,11,26,True
2018-19,D8361DB3,ΤΟΛΙΟΠΟΥΛΟΣ Βασίλης,ΕΛΛΑΔΑ,20,15.21,304.2,True,ESAKE country,False,https://www.esake.gr/el/action/EsakeStats?mode=2&idchampionship=A12E05CD&idseason=00000001,00000002,00000002,ΟΛΥΜΠΙΑΚΟΣ,6,26,False
2018-19,AD1DDD3F,ΤΟΜΑΣ Ντέβιν,ΗΠΑ,4,17.83,71.32,False,ESAKE country,False,https://www.esake.gr/el/action/EsakeStats?mode=2&idchampionship=A12E05CD&idseason=00000001,F7D46144,37076412,ΛΑΥΡΙΟ DHI,13,26,True
2018-19,273B52B3,ΤΟΜΑΣ Ντεσόν,ΗΠΑ,22,23.2,510.4,False,ESAKE country,False,https://www.esake.gr/el/action/EsakeStats?mode=2&idchampionship=A12E05CD&idseason=00000001,00000001,00000001,ΠΑΝΑΘΗΝΑΪΚΟΣ AKTOR,3,26,False
2018-19,AD179757,ΤΟΥΠΑΝ Άξελ,ΓΑΛΛΙΑ,19,18.46,350.74,False,ESAKE country,False,https://www.esake.gr/el/action/EsakeStats?mode=2&idchampionship=A12E05CD&idseason=00000001,00000002,00000002,ΟΛΥΜΠΙΑΚΟΣ,6,26,False
2018-19,00000605,ΤΟΥΤΖΙΑΡΑΚΗΣ Σταύρος,ΕΛΛΑΔΑ,22,15.69,345.18,True,ESAKE country,False,https://www.esake.gr/el/action/EsakeStats?mode=2&idchampionship=A12E05CD&idseason=00000001,DD83ED41,478556607,ΚΥΜΗ,12,26,True
2018-19,0000060F,ΤΣΑΪΡΕΛΗΣ Μιχάλης,ΕΛΛΑΔΑ,23,11.09,255.07,True,ESAKE country,False,https://www.esake.gr/el/action/EsakeStats?mode=2&idchampionship=A12E05CD&idseason=00000001,2A25C696,607118742,ΠΡΟΜΗΘΕΑΣ ΠΑΤΡΑΣ ΒΙΚΟΣ COLA,4,26,False
2018-19,1F2A8343,ΤΣΑΛΜΠΟΥΡΗΣ Γιώργος,ΕΛΛΑΔΑ,21,10.08,211.68,True,ESAKE country,False,https://www.esake.gr/el/action/EsakeStats?mode=2&idchampionship=A12E05CD&idseason=00000001,00000010,00000016,ΑΕΚ,1,26,False
2018-19,4EE4B849,ΤΣΕΡΙ Γουίλ,ΗΠΑ,3,23.99,71.97,False,ESAKE country,False,https://www.esake.gr/el/action/EsakeStats?mode=2&idchampionship=A12E05CD&idseason=00000001,00000002,00000002,ΟΛΥΜΠΙΑΚΟΣ,6,26,False
2018-19,00000629,ΤΣΙΑΡΑΣ Γιώργος,ΕΛΛΑΔΑ,15,8.35,125.25,True,ESAKE country,False,https://www.esake.gr/el/action/EsakeStats?mode=2&idchampionship=A12E05CD&idseason=00000001,DD83ED41,478556607,ΚΥΜΗ,12,26,True
2018-19,60FC8E6C,ΤΣΟΥΜΑΝΗΣ Αντρέας,ΕΛΛΑΔΑ,1,1.2,1.2,True,ESAKE country,False,https://www.esake.gr/el/action/EsakeStats?mode=2&idchampionship=A12E05CD&idseason=00000001,00000002,00000002,ΟΛΥΜΠΙΑΚΟΣ,6,26,False
2018-19,5F18D278,ΤΣΟΥΠΚΟΒΙΤΣ Σλάβεν,ΣΕΡΒΙΑ,20,26.13,522.6,False,ESAKE country,False,https://www.esake.gr/el/action/EsakeStats?mode=2&idchampionship=A12E05CD&idseason=00000001,0000000A,00000010,ΚΟΛΟΣΣΟΣ H HOTELS COLLECTION,14,26,True
2018-19,00000639,ΤΣΟΧΛΑΣ Απόλλων,ΕΛΛΑΔΑ,10,9.48,94.8,True,ESAKE country,False,https://www.esake.gr/el/action/EsakeStats?mode=2&idchampionship=A12E05CD&idseason=00000001,0000000C,00000012,ΠΑΟΚ,5,26,False
2018-19,27E7BB49,ΦΙΛΙΠΠΑΚΟΣ Παναγιώτης,ΕΛΛΑΔΑ,18,2.58,46.44,True,ESAKE country,False,https://www.esake.gr/el/action/EsakeStats?mode=2&idchampionship=A12E05CD&idseason=00000001,0000000D,00000013,ΠΕΡΙΣΤΕΡΙ Betsson,2,26,False
2018-19,10A2C583,ΦΙΤΖΠΑΤΡΙΚ Τόρλιν,ΗΠΑ,26,26.9,699.4,False,ESAKE country,False,https://www.esake.gr/el/action/EsakeStats?mode=2&idchampionship=A12E05CD&idseason=00000001,367D6120,814186528,ΧΟΛΑΡΓΟΣ,8,26,True
2018-19,1AE51EC0,ΦΛΕΒΑΡΑΣ ΑΝΑΣΤΑΣΙΟΣ,ΕΛΛΑΔΑ,0,0.0,0.0,True,ESAKE country,False,https://www.esake.gr/el/action/EsakeStats?mode=2&idchampionship=A12E05CD&idseason=00000001,DD83ED41,478556607,ΚΥΜΗ,12,26,True
2018-19,DAB561A1,ΦΛΕΜΙΝΓΚΣ Κρις,ΗΠΑ,1,5.07,5.07,False,ESAKE country,False,https://www.esake.gr/el/action/EsakeStats?mode=2&idchampionship=A12E05CD&idseason=00000001,0000000D,00000013,ΠΕΡΙΣΤΕΡΙ Betsson,2,26,False
2018-19,B2A97905,ΦΛΙΩΝΗΣ Δημήτρης,ΕΛΛΑΔΑ,26,17.6,457.6,True,ESAKE country,False,https://www.esake.gr/el/action/EsakeStats?mode=2&idchampionship=A12E05CD&idseason=00000001,00000005,00000005,ΑΡΗΣ,9,26,True
2018-19,3F809D36,ΦΡΕΪΜΑΝΙΣ Ρόλαντς,ΛΕΤΟΝΙΑ,25,25.13,628.25,False,ESAKE country,False,https://www.esake.gr/el/action/EsakeStats?mode=2&idchampionship=A12E05CD&idseason=00000001,EC35D4E7,232016409,ΗΦΑΙΣΤΟΣ ΛΗΜΝΟΥ,7,26,False
2018-19,4386ABAD,ΧΑΜΙΛΤΟΝ Μπλέικ,ΗΠΑ,8,23.11,184.88,False,ESAKE country,False,https://www.esake.gr/el/action/EsakeStats?mode=2&idchampionship=A12E05CD&idseason=00000001,00000003,00000003,ΠΑΝΙΩΝΙΟΣ COSMORAMA TRAVEL,11,26,True
2018-19,D62E646B,ΧΑΝΤΕΡ Βινς,ΗΠΑ,26,25.01,650.26,False,ESAKE country,False,https://www.esake.gr/el/action/EsakeStats?mode=2&idchampionship=A12E05CD&idseason=00000001,00000010,00000016,ΑΕΚ,1,26,False
2018-19,00000729,ΧΑΡΑΛΑΜΠΟΠΟΥΛΟΣ Βασίλης,ΕΛΛΑΔΑ,12,22.07,264.84,True,ESAKE country,False,https://www.esake.gr/el/action/EsakeStats?mode=2&idchampionship=A12E05CD&idseason=00000001,F7D46144,37076412,ΛΑΥΡΙΟ DHI,13,26,True
2018-19,A52FE45B,ΧΑΡΙΣ Νταρνέλ,ΗΠΑ,23,26.59,611.57,False,ESAKE country,False,https://www.esake.gr/el/action/EsakeStats?mode=2&idchampionship=A12E05CD&idseason=00000001,00000003,00000003,ΠΑΝΙΩΝΙΟΣ COSMORAMA TRAVEL,11,26,True
2018-19,202F6647,ΧΑΡΙΣ Ραμόν,ΗΠΑ,25,23.64,591.0,False,ESAKE country,False,https://www.esake.gr/el/action/EsakeStats?mode=2&idchampionship=A12E05CD&idseason=00000001,00000005,00000005,ΑΡΗΣ,9,26,True
2018-19,9F542BB0,ΧΑΡΙΤΟΓΛΟΥ Νικόλαος,ΕΛΛΑΔΑ,0,0.0,0.0,True,ESAKE country,False,https://www.esake.gr/el/action/EsakeStats?mode=2&idchampionship=A12E05CD&idseason=00000001,0000000C,00000012,ΠΑΟΚ,5,26,False
2018-19,00000685,ΧΑΡΙΤΟΠΟΥΛΟΣ Δημήτρης,ΕΛΛΑΔΑ,23,10.72,246.56,True,ESAKE country,False,https://www.esake.gr/el/action/EsakeStats?mode=2&idchampionship=A12E05CD&idseason=00000001,EC35D4E7,232016409,ΗΦΑΙΣΤΟΣ ΛΗΜΝΟΥ,7,26,False
2018-19,41CC56A5,ΧΑΡΟΟΥ Ράιαν,ΗΠΑ,18,23.29,419.22,False,ESAKE country,False,https://www.esake.gr/el/action/EsakeStats?mode=2&idchampionship=A12E05CD&idseason=00000001,0000000D,00000013,ΠΕΡΙΣΤΕΡΙ Betsson,2,26,False
2018-19,000006FC,ΧΑΤΣΕΡ Γουίλιαμ,ΗΠΑ,23,24.29,558.67,False,ESAKE country,False,https://www.esake.gr/el/action/EsakeStats?mode=2&idchampionship=A12E05CD&idseason=00000001,0000000C,00000012,ΠΑΟΚ,5,26,False
2018-19,EBEE9959,ΧΙΚΙ Άντονι,ΗΠΑ,12,31.59,379.08,False,ESAKE country,False,https://www.esake.gr/el/action/EsakeStats?mode=2&idchampionship=A12E05CD&idseason=00000001,0000000E,00000014,ΡΕΘΥΜΝΟ CRETAN KINGS,10,26,True
2018-19,2928426D,ΧΟΚΙΝΣ Τζαβόντε,ΗΠΑ,26,25.31,658.06,False,ESAKE country,False,https://www.esake.gr/el/action/EsakeStats?mode=2&idchampionship=A12E05CD&idseason=00000001,367D6120,814186528,ΧΟΛΑΡΓΟΣ,8,26,True
2018-19,899F2E06,ΧΟΛ Λάνγκστον,ΗΠΑ,18,20.23,364.14,False,ESAKE country,False,https://www.esake.gr/el/action/EsakeStats?mode=2&idchampionship=A12E05CD&idseason=00000001,2A25C696,607118742,ΠΡΟΜΗΘΕΑΣ ΠΑΤΡΑΣ ΒΙΚΟΣ COLA,4,26,False
2018-19,D651087B,ΧΟΛΜΣ Ρέτζιναλντ,ΗΠΑ,3,8.57,25.71,False,ESAKE country,False,https://www.esake.gr/el/action/EsakeStats?mode=2&idchampionship=A12E05CD&idseason=00000001,DD83ED41,478556607,ΚΥΜΗ,12,26,True
2018-19,DD9D7C7E,ΧΟΡΤΟΝ Κρις,ΗΠΑ,23,25.98,597.54,False,ESAKE country,False,https://www.esake.gr/el/action/EsakeStats?mode=2&idchampionship=A12E05CD&idseason=00000001,DD83ED41,478556607,ΚΥΜΗ,12,26,True
2018-19,27F22948,ΧΟΥΓΚΑΖ Νίκος,ΕΛΛΑΔΑ,10,9.97,99.7,True,ESAKE country,False,https://www.esake.gr/el/action/EsakeStats?mode=2&idchampionship=A12E05CD&idseason=00000001,00000003,00000003,ΠΑΝΙΩΝΙΟΣ COSMORAMA TRAVEL,11,26,True
2018-19,948D3EC2,ΧΡΗΣΤΙΔΗΣ Βασίλης,ΕΛΛΑΔΑ,20,5.58,111.6,True,ESAKE country,False,https://www.esake.gr/el/action/EsakeStats?mode=2&idchampionship=A12E05CD&idseason=00000001,00000005,00000005,ΑΡΗΣ,9,26,True
2018-19,BBF3312A,ΧΡΙΣΤΟΔΟΥΛΟΥ Ανδρέας,ΕΛΛΑΔΑ,22,22.69,499.18,True,ESAKE country,False,https://www.esake.gr/el/action/EsakeStats?mode=2&idchampionship=A12E05CD&idseason=00000001,0000000E,00000014,ΡΕΘΥΜΝΟ CRETAN KINGS,10,26,True
2018-19,E24342E7,ΧΡΟΝΟΠΟΥΛΟΣ Ιωάννης,ΕΛΛΑΔΑ,0,0.0,0.0,True,ESAKE country,False,https://www.esake.gr/el/action/EsakeStats?mode=2&idchampionship=A12E05CD&idseason=00000001,DD83ED41,478556607,ΚΥΜΗ,12,26,True
2018-19,000006BD,ΧΡΥΣΙΚΟΠΟΥΛΟΣ Λίνος,ΕΛΛΑΔΑ,26,20.97,545.22,True,ESAKE country,False,https://www.esake.gr/el/action/EsakeStats?mode=2&idchampionship=A12E05CD&idseason=00000001,0000000C,00000012,ΠΑΟΚ,5,26,False
2019-20,E80EE1C7,ΑΓΚΜΠΕΛΙΣ Ντάνι,ΗΠΑ,20,21.89,437.8,False,ESAKE country,False,https://www.esake.gr/el/action/EsakeStats?mode=2&idchampionship=49EEB365&idseason=00000001,0000000A,00000010,ΚΟΛΟΣΣΟΣ H HOTELS COLLECTION,9,20,True
2019-20,2BBFE416,ΑΓΡΑΒΑΝΗΣ Γιάννης,ΕΛΛΑΔΑ,20,12.25,245.0,True,ESAKE country,False,https://www.esake.gr/el/action/EsakeStats?mode=2&idchampionship=49EEB365&idseason=00000001,0000000D,00000013,ΠΕΡΙΣΤΕΡΙ Betsson,3,20,False
2019-20,0000000F,ΑΓΡΑΒΑΝΗΣ Δημήτρης,ΕΛΛΑΔΑ,17,21.6,367.2,True,ESAKE country,False,https://www.esake.gr/el/action/EsakeStats?mode=2&idchampionship=49EEB365&idseason=00000001,2A25C696,607118742,ΠΡΟΜΗΘΕΑΣ ΠΑΤΡΑΣ ΒΙΚΟΣ COLA,4,19,False
2019-20,5AB61EB0,ΑΛΜΑΝ Κάιλ,ΗΠΑ,20,23.89,477.8,False,ESAKE country,False,https://www.esake.gr/el/action/EsakeStats?mode=2&idchampionship=49EEB365&idseason=00000001,F7D46144,37076412,ΛΑΥΡΙΟ DHI,6,20,False
2019-20,005968C3,ΑΡΝΕΤ Άλαν,ΗΠΑ,7,16.72,117.04,False,ESAKE country,False,https://www.esake.gr/el/action/EsakeStats?mode=2&idchampionship=49EEB365&idseason=00000001,4C2C8907,1177987079,ΙΩΝΙΚΟΣ BASKET,10,20,True
2019-20,00000053,ΒΑΒΑΤΣΙΚΟΣ Γιάννης,ΕΛΛΑΔΑ,6,8.15,48.9,True,ESAKE country,False,https://www.esake.gr/el/action/EsakeStats?mode=2&idchampionship=49EEB365&idseason=00000001,098B68C2,60131266,ΛΑΡΙΣΑ,8,20,True
2019-20,00000065,ΒΑΣΙΛΟΠΟΥΛΟΣ Παναγιώτης,ΕΛΛΑΔΑ,18,24.04,432.72,True,ESAKE country,False,https://www.esake.gr/el/action/EsakeStats?mode=2&idchampionship=49EEB365&idseason=00000001,0000000D,00000013,ΠΕΡΙΣΤΕΡΙ Betsson,3,20,False
2019-20,0000006B,ΒΕΡΓΙΝΗΣ Δημήτρης,ΕΛΛΑΔΑ,19,27.6,524.4,True,ESAKE country,False,https://www.esake.gr/el/action/EsakeStats?mode=2&idchampionship=49EEB365&idseason=00000001,00000003,00000003,ΠΑΝΙΩΝΙΟΣ COSMORAMA TRAVEL,12,20,True
2019-20,542556D0,ΒΗΣΣΑΡΙΟΥ Τηλέμαχος,ΕΛΛΑΔΑ,1,0.28,0.28,True,ESAKE country,False,https://www.esake.gr/el/action/EsakeStats?mode=2&idchampionship=49EEB365&idseason=00000001,0000000D,00000013,ΠΕΡΙΣΤΕΡΙ Betsson,3,20,False
2019-20,F026ADBE,ΒΛΑΣΙΟΣ Κώστας,ΕΛΛΑΔΑ,6,2.56,15.36,True,ESAKE country,False,https://www.esake.gr/el/action/EsakeStats?mode=2&idchampionship=49EEB365&idseason=00000001,00000005,00000005,ΑΡΗΣ,13,20,True
2019-20,0000007A,ΒΟΥΓΙΟΥΚΑΣ Ίαν,ΕΛΛΑΔΑ,16,10.03,160.48,True,ESAKE country,False,https://www.esake.gr/el/action/EsakeStats?mode=2&idchampionship=49EEB365&idseason=00000001,00000001,00000001,ΠΑΝΑΘΗΝΑΪΚΟΣ AKTOR,1,20,False
2019-20,F0A66983,ΒΟΥΛΓΑΡΟΠΟΥΛΟΣ Στράτος,ΕΛΛΑΔΑ,5,2.57,12.85,True,ESAKE country,False,https://www.esake.gr/el/action/EsakeStats?mode=2&idchampionship=49EEB365&idseason=00000001,00000005,00000005,ΑΡΗΣ,13,20,True
2019-20,6128EA9F,ΓΑΡΕΖΟΣ Γιώργος,ΕΛΛΑΔΑ,11,3.5,38.5,True,ESAKE country,False,https://www.esake.gr/el/action/EsakeStats?mode=2&idchampionship=49EEB365&idseason=00000001,0000000E,00000014,ΡΕΘΥΜΝΟ CRETAN KINGS,11,19,True
2019-20,00000738,ΓΕΡΟΜΙΧΑΛΟΣ Πέτρος,ΕΛΛΑΔΑ,20,16.27,325.4,True,ESAKE country,False,https://www.esake.gr/el/action/EsakeStats?mode=2&idchampionship=49EEB365&idseason=00000001,F7D46144,37076412,ΛΑΥΡΙΟ DHI,6,20,False
2019-20,0000008E,ΓΕΩΡΓΑΚΗΣ Γιώργος,ΕΛΛΑΔΑ,2,1.87,3.74,True,ESAKE country,False,https://www.esake.gr/el/action/EsakeStats?mode=2&idchampionship=49EEB365&idseason=00000001,00000005,00000005,ΑΡΗΣ,13,20,True
2019-20,C02B76F9,ΓΕΩΡΓΑΛΑΣ Φώτης,ΕΛΛΑΔΑ,14,3.25,45.5,True,ESAKE country,False,https://www.esake.gr/el/action/EsakeStats?mode=2&idchampionship=49EEB365&idseason=00000001,00000011,00000017,ΗΡΑΚΛΗΣ,7,20,False
2019-20,0000009B,ΓΙΑΝΚΟΒΙΤΣ Βλαδίμηρος,ΕΛΛΑΔΑ,6,23.36,140.16,True,ESAKE country,False,https://www.esake.gr/el/action/EsakeStats?mode=2&idchampionship=49EEB365&idseason=00000001,00000010,00000016,ΑΕΚ,2,20,False
2019-20,000000A4,ΓΙΑΝΝΟΠΟΥΛΟΣ Χάρης,ΕΛΛΑΔΑ,19,14.96,284.24,True,ESAKE country,False,https://www.esake.gr/el/action/EsakeStats?mode=2&idchampionship=49EEB365&idseason=00000001,00000010,00000016,ΑΕΚ,2,20,False
2019-20,3B5C7FD3,ΓΚΑΒΙΝ Τζίμι,ΗΠΑ,2,13.93,27.86,False,ESAKE country,False,https://www.esake.gr/el/action/EsakeStats?mode=2&idchampionship=49EEB365&idseason=00000001,00000011,00000017,ΗΡΑΚΛΗΣ,7,20,False
2019-20,1E383E85,ΓΚΑΓΚΙΤΣ Τζόρτζε,ΚΡΟΑΤΙΑ,6,16.21,97.26,False,ESAKE country,False,https://www.esake.gr/el/action/EsakeStats?mode=2&idchampionship=49EEB365&idseason=00000001,00000005,00000005,ΑΡΗΣ,13,20,True
2019-20,75EFE0F7,ΓΚΑΡΕΤ Μπίλι Τζούνιορ,ΗΠΑ,7,26.19,183.33,False,ESAKE country,False,https://www.esake.gr/el/action/EsakeStats?mode=2&idchampionship=49EEB365&idseason=00000001,098B68C2,60131266,ΛΑΡΙΣΑ,8,20,True
2019-20,C1203314,ΓΚΑΡΕΤ Ντάριους,ΗΠΑ,13,14.99,194.87,False,ESAKE country,False,https://www.esake.gr/el/action/EsakeStats?mode=2&idchampionship=49EEB365&idseason=00000001,00000011,00000017,ΗΡΑΚΛΗΣ,7,20,False
2019-20,5BF52058,ΓΚΑΡΕΤ Τζάρβις,ΗΠΑ,3,26.93,80.79,False,ESAKE country,False,https://www.esake.gr/el/action/EsakeStats?mode=2&idchampionship=49EEB365&idseason=00000001,0000000E,00000014,ΡΕΘΥΜΝΟ CRETAN KINGS,11,19,True
2019-20,000000CE,ΓΚΕΤΣΕΒΙΤΣΙΟΥΣ Μαρτίνας,ΛΙΘΟΥΑΝΙΑ,20,27.61,552.2,False,ESAKE country,False,https://www.esake.gr/el/action/EsakeStats?mode=2&idchampionship=49EEB365&idseason=00000001,00000005,00000005,ΑΡΗΣ,13,20,True
2019-20,CC57C559,ΓΚΙΚΑΣ Νίκος,ΕΛΛΑΔΑ,15,16.7,250.5,True,ESAKE country,False,https://www.esake.gr/el/action/EsakeStats?mode=2&idchampionship=49EEB365&idseason=00000001,00000010,00000016,ΑΕΚ,2,20,False
2019-20,07938463,ΓΚΙΛΜΠΕΡΤ Μάρκους,ΗΠΑ,15,13.42,201.3,False,ESAKE country,False,https://www.esake.gr/el/action/EsakeStats?mode=2&idchampionship=49EEB365&idseason=00000001,EC35D4E7,232016409,ΗΦΑΙΣΤΟΣ ΛΗΜΝΟΥ,5,20,False
2019-20,7A0CED3F,ΓΚΟΡΝΤΟΝ Ουέσλι,ΗΠΑ,19,22.85,434.15,False,ESAKE country,False,https://www.esake.gr/el/action/EsakeStats?mode=2&idchampionship=49EEB365&idseason=00000001,0000000E,00000014,ΡΕΘΥΜΝΟ CRETAN KINGS,11,19,True
2019-20,C08B90D8,ΓΚΡΑΝΤ Τζεράι,ΗΠΑ,5,14.72,73.6,False,ESAKE country,False,https://www.esake.gr/el/action/EsakeStats?mode=2&idchampionship=49EEB365&idseason=00000001,00000010,00000016,ΑΕΚ,2,20,False
2019-20,673606D7,ΓΚΡΕΪ Στίβεν,ΗΠΑ,20,26.76,535.2,False,ESAKE country,False,https://www.esake.gr/el/action/EsakeStats?mode=2&idchampionship=49EEB365&idseason=00000001,0000000D,00000013,ΠΕΡΙΣΤΕΡΙ Betsson,3,20,False
2019-20,8AEBB15C,ΓΚΡΙΦΙΝ Μάλκολμ,ΗΠΑ,11,23.43,257.73,False,ESAKE country,False,https://www.esake.gr/el/action/EsakeStats?mode=2&idchampionship=49EEB365&idseason=00000001,0000000A,00000010,ΚΟΛΟΣΣΟΣ H HOTELS COLLECTION,9,20,True
2019-20,E02706AA,ΓΟΝΤΙΚΑΣ Κωνσταντίνος,ΕΛΛΑΔΑ,18,7.54,135.72,True,ESAKE country,False,https://www.esake.gr/el/action/EsakeStats?mode=2&idchampionship=49EEB365&idseason=00000001,0000000D,00000013,ΠΕΡΙΣΤΕΡΙ Betsson,3,20,False
2019-20,A3457116,ΓΟΥΟΤΣΟΝ Γκλιν,ΗΠΑ,20,18.1,362.0,False,ESAKE country,False,https://www.esake.gr/el/action/EsakeStats?mode=2&idchampionship=49EEB365&idseason=00000001,F7D46144,37076412,ΛΑΥΡΙΟ DHI,6,20,False
2019-20,0000071F,ΔΗΜΑΚΟΣ Γιάννης,ΕΛΛΑΔΑ,19,14.3,271.7,True,ESAKE country,False,https://www.esake.gr/el/action/EsakeStats?mode=2&idchampionship=49EEB365&idseason=00000001,4C2C8907,1177987079,ΙΩΝΙΚΟΣ BASKET,10,20,True
2019-20,00000728,ΔΙΑΜΑΝΤΑΚΟΣ Γιώργος,ΕΛΛΑΔΑ,8,3.25,26.0,True,ESAKE country,False,https://www.esake.gr/el/action/EsakeStats?mode=2&idchampionship=49EEB365&idseason=00000001,EC35D4E7,232016409,ΗΦΑΙΣΤΟΣ ΛΗΜΝΟΥ,5,20,False
2019-20,8F60AAC7,ΔΟΜΠΡΟΓΙΑΝΝΗΣ Θανάσης,ΕΛΛΑΔΑ,0,0.0,0.0,True,ESAKE country,False,https://www.esake.gr/el/action/EsakeStats?mode=2&idchampionship=49EEB365&idseason=00000001,0000000D,00000013,ΠΕΡΙΣΤΕΡΙ Betsson,3,20,False
2019-20,39526F11,ΕΒΑΝΣ Σον,ΗΠΑ,20,23.99,479.8,False,ESAKE country,False,https://www.esake.gr/el/action/EsakeStats?mode=2&idchampionship=49EEB365&idseason=00000001,EC35D4E7,232016409,ΗΦΑΙΣΤΟΣ ΛΗΜΝΟΥ,5,20,False
2019-20,1DD3C3FE,ΕΓΚΕΚΕΖΕ Αμανζέ,ΗΠΑ,11,13.31,146.41,False,ESAKE country,False,https://www.esake.gr/el/action/EsakeStats?mode=2&idchampionship=49EEB365&idseason=00000001,0000000C,00000012,ΠΑΟΚ,14,20,True
2019-20,9738A1FA,ΕΛΙΣ Οκτάβιους,ΗΠΑ,16,18.48,295.68,False,ESAKE country,False,https://www.esake.gr/el/action/EsakeStats?mode=2&idchampionship=49EEB365&idseason=00000001,2A25C696,607118742,ΠΡΟΜΗΘΕΑΣ ΠΑΤΡΑΣ ΒΙΚΟΣ COLA,4,19,False
2019-20,CCD3ABD1,ΕΡΜΕΙΔΗΣ Δημήτρης,ΕΛΛΑΔΑ,3,1.82,5.46,True,ESAKE country,False,https://www.esake.gr/el/action/EsakeStats?mode=2&idchampionship=49EEB365&idseason=00000001,F7D46144,37076412,ΛΑΥΡΙΟ DHI,6,20,False
2019-20,00000140,ΖΑΡΑΣ Θοδωρής,ΕΛΛΑΔΑ,19,18.86,358.34,True,ESAKE country,False,https://www.esake.gr/el/action/EsakeStats?mode=2&idchampionship=49EEB365&idseason=00000001,00000011,00000017,ΗΡΑΚΛΗΣ,7,20,False
2019-20,00000143,ΖΗΣΗΣ Νίκος,ΕΛΛΑΔΑ,2,28.6,57.2,True,ESAKE country,False,https://www.esake.gr/el/action/EsakeStats?mode=2&idchampionship=49EEB365&idseason=00000001,00000010,00000016,ΑΕΚ,2,20,False
2019-20,77C8FCA5,ΙΑΤΡΙΔΗΣ Κωνσταντίνος,ΕΛΛΑΔΑ,1,10.1,10.1,True,ESAKE country,False,https://www.esake.gr/el/action/EsakeStats?mode=2&idchampionship=49EEB365&idseason=00000001,0000000C,00000012,ΠΑΟΚ,14,20,True
2019-20,00000167,ΚΑΒΒΑΔΑΣ Βασίλης,ΕΛΛΑΔΑ,18,19.02,342.36,True,ESAKE country,False,https://www.esake.gr/el/action/EsakeStats?mode=2&idchampionship=49EEB365&idseason=00000001,00000011,00000017,ΗΡΑΚΛΗΣ,7,20,False
2019-20,0C65F4BA,ΚΑΖΙΝΣ Αϊζάι,ΗΠΑ,5,12.74,63.7,False,ESAKE country,False,https://www.esake.gr/el/action/EsakeStats?mode=2&idchampionship=49EEB365&idseason=00000001,0000000D,00000013,ΠΕΡΙΣΤΕΡΙ Betsson,3,20,False
2019-20,0000016E,ΚΑΚΑΡΟΥΔΗΣ Κώστας,ΕΛΛΑΔΑ,16,10.75,172.0,True,ESAKE country,False,https://www.esake.gr/el/action/EsakeStats?mode=2&idchampionship=49EEB365&idseason=00000001,00000011,00000017,ΗΡΑΚΛΗΣ,7,20,False
2019-20,16AE30FC,ΚΑΚΛΑΜΑΝΑΚΗΣ Δημήτρης,ΕΛΛΑΔΑ,17,14.0,238.0,True,ESAKE country,False,https://www.esake.gr/el/action/EsakeStats?mode=2&idchampionship=49EEB365&idseason=00000001,00000010,00000016,ΑΕΚ,2,20,False
2019-20,00000174,ΚΑΛΑΘΗΣ Νικ,ΕΛΛΑΔΑ,19,16.97,322.43,True,ESAKE country,False,https://www.esake.gr/el/action/EsakeStats?mode=2&idchampionship=49EEB365&idseason=00000001,00000001,00000001,ΠΑΝΑΘΗΝΑΪΚΟΣ AKTOR,1,20,False
2019-20,00000177,ΚΑΛΑΪΤΖΙΔΗΣ Δημήτρης,ΕΛΛΑΔΑ,16,8.57,137.12,True,ESAKE country,False,https://www.esake.gr/el/action/EsakeStats?mode=2&idchampionship=49EEB365&idseason=00000001,00000011,00000017,ΗΡΑΚΛΗΣ,7,20,False
2019-20,83BA30EA,ΚΑΛΑΝΙΩΤΗΣ Γιώργος,ΕΛΛΑΔΑ,0,0.0,0.0,True,ESAKE country,False,https://www.esake.gr/el/action/EsakeStats?mode=2&idchampionship=49EEB365&idseason=00000001,0000000D,00000013,ΠΕΡΙΣΤΕΡΙ Betsson,3,20,False
2019-20,DFE6A2E7,ΚΑΛΑΧΑΝ Τζόρνταν,ΗΠΑ,7,18.72,131.04,False,ESAKE country,False,https://www.esake.gr/el/action/EsakeStats?mode=2&idchampionship=49EEB365&idseason=00000001,4C2C8907,1177987079,ΙΩΝΙΚΟΣ BASKET,10,20,True
2019-20,00000181,ΚΑΛΟΓΙΑΝΝΙΔΗΣ Φίλιππος,ΕΛΛΑΔΑ,8,4.43,35.44,True,ESAKE country,False,https://www.esake.gr/el/action/EsakeStats?mode=2&idchampionship=49EEB365&idseason=00000001,0000000A,00000010,ΚΟΛΟΣΣΟΣ H HOTELS COLLECTION,9,20,True
2019-20,3F8AE0E4,ΚΑΜΑΡΙΑΝΟΣ Νικόλαος,ΕΛΛΑΔΑ,20,15.11,302.2,True,ESAKE country,False,https://www.esake.gr/el/action/EsakeStats?mode=2&idchampionship=49EEB365&idseason=00000001,00000003,00000003,ΠΑΝΙΩΝΙΟΣ COSMORAMA TRAVEL,12,20,True
2019-20,5099E231,ΚΑΜΠΕΡΙΔΗΣ Γιώργος,ΕΛΛΑΔΑ,20,13.48,269.6,True,ESAKE country,False,https://www.esake.gr/el/action/EsakeStats?mode=2&idchampionship=49EEB365&idseason=00000001,00000003,00000003,ΠΑΝΙΩΝΙΟΣ COSMORAMA TRAVEL,12,20,True
2019-20,E42E0A16,ΚΑΜΠΕΡΙΔΗΣ Μιχάλης,ΕΛΛΑΔΑ,19,15.0,285.0,True,ESAKE country,False,https://www.esake.gr/el/action/EsakeStats?mode=2&idchampionship=49EEB365&idseason=00000001,0000000E,00000014,ΡΕΘΥΜΝΟ CRETAN KINGS,11,19,True
2019-20,A98272F8,ΚΑΡΑΚΕΧΑΓΙΑΣ Ιωάννης,ΕΛΛΑΔΑ,5,4.72,23.6,True,ESAKE country,False,https://www.esake.gr/el/action/EsakeStats?mode=2&idchampionship=49EEB365&idseason=00000001,00000003,00000003,ΠΑΝΙΩΝΙΟΣ COSMORAMA TRAVEL,12,20,True
2019-20,F0DCE864,ΚΑΡΑΜΑΝΩΛΗΣ Δημήτρης,ΕΛΛΑΔΑ,7,3.56,24.92,True,ESAKE country,False,https://www.esake.gr/el/action/EsakeStats?mode=2&idchampionship=49EEB365&idseason=00000001,0000000C,00000012,ΠΑΟΚ,14,20,True
2019-20,B91AE9D3,ΚΑΡΑΜΠΕΛΑΣ Ζώης,ΕΛΛΑΔΑ,11,11.86,130.46,True,ESAKE country,False,https://www.esake.gr/el/action/EsakeStats?mode=2&idchampionship=49EEB365&idseason=00000001,0000000D,00000013,ΠΕΡΙΣΤΕΡΙ Betsson,3,20,False
2019-20,F600BCB8,ΚΑΡΡΑΣ Θεόδωρος,ΕΛΛΑΔΑ,6,2.02,12.12,True,ESAKE country,False,https://www.esake.gr/el/action/EsakeStats?mode=2&idchampionship=49EEB365&idseason=00000001,0000000C,00000012,ΠΑΟΚ,14,20,True
2019-20,885A0BA0,ΚΑΡΤΕΡ Τζος,ΗΠΑ,8,31.4,251.2,False,ESAKE country,False,https://www.esake.gr/el/action/EsakeStats?mode=2&idchampionship=49EEB365&idseason=00000001,0000000E,00000014,ΡΕΘΥΜΝΟ CRETAN KINGS,11,19,True
2019-20,000001AD,ΚΑΣΕΛΑΚΗΣ Λεωνίδας,ΕΛΛΑΔΑ,19,23.03,437.57,True,ESAKE country,False,https://www.esake.gr/el/action/EsakeStats?mode=2&idchampionship=49EEB365&idseason=00000001,2A25C696,607118742,ΠΡΟΜΗΘΕΑΣ ΠΑΤΡΑΣ ΒΙΚΟΣ COLA,4,19,False
2019-20,000001B7,ΚΑΤΟΥΦΑΣ Σωτήρης,ΕΛΛΑΔΑ,10,7.87,78.7,True,ESAKE country,False,https://www.esake.gr/el/action/EsakeStats?mode=2&idchampionship=49EEB365&idseason=00000001,4C2C8907,1177987079,ΙΩΝΙΚΟΣ BASKET,10,20,True
2019-20,000001BC,ΚΑΤΣΙΒΕΛΗΣ Δημήτρης,ΕΛΛΑΔΑ,18,17.79,320.22,True,ESAKE country,False,https://www.esake.gr/el/action/EsakeStats?mode=2&idchampionship=49EEB365&idseason=00000001,2A25C696,607118742,ΠΡΟΜΗΘΕΑΣ ΠΑΤΡΑΣ ΒΙΚΟΣ COLA,4,19,False
2019-20,D8160788,ΚΑΦΕΖΑΣ Χρήστος,ΕΛΛΑΔΑ,6,5.2,31.2,True,ESAKE country,False,https://www.esake.gr/el/action/EsakeStats?mode=2&idchampionship=49EEB365&idseason=00000001,2A25C696,607118742,ΠΡΟΜΗΘΕΑΣ ΠΑΤΡΑΣ ΒΙΚΟΣ COLA,4,19,False
2019-20,B8508E51,ΚΑΨΑΛΗΣ Μιχάλης,ΕΛΛΑΔΑ,0,0.0,0.0,True,ESAKE country,False,https://www.esake.gr/el/action/EsakeStats?mode=2&idchampionship=49EEB365&idseason=00000001,0000000E,00000014,ΡΕΘΥΜΝΟ CRETAN KINGS,11,19,True
2019-20,2C9B8650,ΚΕΪΝ Ντε Άντρε,ΗΠΑ,2,19.08,38.16,False,ESAKE country,False,https://www.esake.gr/el/action/EsakeStats?mode=2&idchampionship=49EEB365&idseason=00000001,0000000D,00000013,ΠΕΡΙΣΤΕΡΙ Betsson,3,20,False
2019-20,9F8CF4C7,ΚΟΛΙΟΣ Λεωνίδας,ΕΛΛΑΔΑ,1,1.75,1.75,True,ESAKE country,False,https://www.esake.gr/el/action/EsakeStats?mode=2&idchampionship=49EEB365&idseason=00000001,2A25C696,607118742,ΠΡΟΜΗΘΕΑΣ ΠΑΤΡΑΣ ΒΙΚΟΣ COLA,4,19,False
2019-20,4C0E5F4B,ΚΟΥΖΕΛΟΓΛΟΥ Γιάννης,ΕΛΛΑΔΑ,19,18.17,345.23,True,ESAKE country,False,https://www.esake.gr/el/action/EsakeStats?mode=2&idchampionship=49EEB365&idseason=00000001,F7D46144,37076412,ΛΑΥΡΙΟ DHI,6,20,False
2019-20,8D0C2CDC,ΚΟΥΝΤΟΥΡΑΣ Γιώργος,ΕΛΛΑΔΑ,5,3.06,15.3,True,ESAKE country,False,https://www.esake.gr/el/action/EsakeStats?mode=2&idchampionship=49EEB365&idseason=00000001,4C2C8907,1177987079,ΙΩΝΙΚΟΣ BASKET,10,20,True
2019-20,AF0B900E,ΚΟΥΡΕΠΗΣ Δημήτρης,ΕΛΛΑΔΑ,5,1.92,9.6,True,ESAKE country,False,https://www.esake.gr/el/action/EsakeStats?mode=2&idchampionship=49EEB365&idseason=00000001,0000000E,00000014,ΡΕΘΥΜΝΟ CRETAN KINGS,11,19,True
2019-20,21C5ED0D,ΚΟΥΡΟΥΠΑΚΗΣ Περικλής,ΕΛΛΑΔΑ,3,6.25,18.75,True,ESAKE country,False,https://www.esake.gr/el/action/EsakeStats?mode=2&idchampionship=49EEB365&idseason=00000001,2A25C696,607118742,ΠΡΟΜΗΘΕΑΣ ΠΑΤΡΑΣ ΒΙΚΟΣ COLA,4,19,False
2019-20,CBB2E7D7,ΚΡΟΜΑ Λασάν,ΗΠΑ,20,31.23,624.6,False,ESAKE country,False,https://www.esake.gr/el/action/EsakeStats?mode=2&idchampionship=49EEB365&idseason=00000001,0000000A,00000010,ΚΟΛΟΣΣΟΣ H HOTELS COLLECTION,9,20,True
2019-20,0000073F,ΚΩΤΤΑΣ Θωμάς,ΕΛΛΑΔΑ,16,11.93,190.88,True,ESAKE country,False,https://www.esake.gr/el/action/EsakeStats?mode=2&idchampionship=49EEB365&idseason=00000001,4C2C8907,1177987079,ΙΩΝΙΚΟΣ BASKET,10,20,True
2019-20,97F0888E,ΛΑΓΙΟΣ Αγγελος,ΕΛΛΑΔΑ,1,1.47,1.47,True,ESAKE country,False,https://www.esake.gr/el/action/EsakeStats?mode=2&idchampionship=49EEB365&idseason=00000001,2A25C696,607118742,ΠΡΟΜΗΘΕΑΣ ΠΑΤΡΑΣ ΒΙΚΟΣ COLA,4,19,False
2019-20,6F4C701D,ΛΑΓΙΟΣ Αντωνης,ΕΛΛΑΔΑ,1,0.65,0.65,True,ESAKE country,False,https://www.esake.gr/el/action/EsakeStats?mode=2&idchampionship=49EEB365&idseason=00000001,2A25C696,607118742,ΠΡΟΜΗΘΕΑΣ ΠΑΤΡΑΣ ΒΙΚΟΣ COLA,4,19,False
2019-20,00000241,ΛΑΜΠΡΟΠΟΥΛΟΣ Φώτης,ΕΛΛΑΔΑ,13,24.69,320.97,True,ESAKE country,False,https://www.esake.gr/el/action/EsakeStats?mode=2&idchampionship=49EEB365&idseason=00000001,00000003,00000003,ΠΑΝΙΩΝΙΟΣ COSMORAMA TRAVEL,12,20,True
2019-20,A8A5317A,ΛΑΝΑΡΑΣ Ραφαήλ,ΕΛΛΑΔΑ,4,5.0,20.0,True,ESAKE country,False,https://www.esake.gr/el/action/EsakeStats?mode=2&idchampionship=49EEB365&idseason=00000001,0000000E,00000014,ΡΕΘΥΜΝΟ CRETAN KINGS,11,19,True
2019-20,7A6A1B1D,ΛΑΝΓΚΦΟΡΝΤ Κιθ,ΗΠΑ,18,28.75,517.5,False,ESAKE country,False,https://www.esake.gr/el/action/EsakeStats?mode=2&idchampionship=49EEB365&idseason=00000001,00000010,00000016,ΑΕΚ,2,20,False
2019-20,4F22396B,ΛΕΓΚΙΚΑΣ Δημήτρης,ΕΛΛΑΔΑ,16,8.33,133.28,True,ESAKE country,False,https://www.esake.gr/el/action/EsakeStats?mode=2&idchampionship=49EEB365&idseason=00000001,F7D46144,37076412,ΛΑΥΡΙΟ DHI,6,20,False
2019-20,DAE822EB,ΛΙ Άντονι,ΗΠΑ,11,16.48,181.28,False,ESAKE country,False,https://www.esake.gr/el/action/EsakeStats?mode=2&idchampionship=49EEB365&idseason=00000001,00000003,00000003,ΠΑΝΙΩΝΙΟΣ COSMORAMA TRAVEL,12,20,True
2019-20,49189D24,ΛΙ Μάλκολμ,ΗΠΑ,16,23.05,368.8,False,ESAKE country,False,https://www.esake.gr/el/action/EsakeStats?mode=2&idchampionship=49EEB365&idseason=00000001,0000000E,00000014,ΡΕΘΥΜΝΟ CRETAN KINGS,11,19,True
2019-20,0A8C28AB,ΛΙΟΥΙΣ Τζεκουάν,ΗΠΑ,13,23.56,306.28,False,ESAKE country,False,https://www.esake.gr/el/action/EsakeStats?mode=2&idchampionship=49EEB365&idseason=00000001,0000000C,00000012,ΠΑΟΚ,14,20,True
2019-20,162808E1,ΛΙΟΥΙΣ Φρανσουά,ΗΠΑ,2,22.36,44.72,False,ESAKE country,False,https://www.esake.gr/el/action/EsakeStats?mode=2&idchampionship=49EEB365&idseason=00000001,00000003,00000003,ΠΑΝΙΩΝΙΟΣ COSMORAMA TRAVEL,12,20,True
2019-20,8FAF270E,ΛΙΠΟΒΙ Ολεξαντερ,ΟΥΚΡΑΝΙΑ,18,24.53,441.54,False,ESAKE country,False,https://www.esake.gr/el/action/EsakeStats?mode=2&idchampionship=49EEB365&idseason=00000001,2A25C696,607118742,ΠΡΟΜΗΘΕΑΣ ΠΑΤΡΑΣ ΒΙΚΟΣ COLA,4,19,False
2019-20,777538B2,ΛΙΤΛ Μάριο,ΗΠΑ,14,21.72,304.08,False,ESAKE country,False,https://www.esake.gr/el/action/EsakeStats?mode=2&idchampionship=49EEB365&idseason=00000001,EC35D4E7,232016409,ΗΦΑΙΣΤΟΣ ΛΗΜΝΟΥ,5,20,False
2019-20,D400B3A0,ΛΟΒ Ζερμέιν,ΗΠΑ,4,32.61,130.44,False,ESAKE country,False,https://www.esake.gr/el/action/EsakeStats?mode=2&idchampionship=49EEB365&idseason=00000001,0000000A,00000010,ΚΟΛΟΣΣΟΣ H HOTELS COLLECTION,9,20,True
2019-20,00000268,ΛΟΛΑΣ Δημήτρης,ΕΛΛΑΔΑ,1,2.0,2.0,True,ESAKE country,False,https://www.esake.gr/el/action/EsakeStats?mode=2&idchampionship=49EEB365&idseason=00000001,098B68C2,60131266,ΛΑΡΙΣΑ,8,20,True
2019-20,791432B2,ΛΟΟΥΕΡΙ Ρόμπερτ,ΗΠΑ,3,20.37,61.11,False,ESAKE country,False,https://www.esake.gr/el/action/EsakeStats?mode=2&idchampionship=49EEB365&idseason=00000001,2A25C696,607118742,ΠΡΟΜΗΘΕΑΣ ΠΑΤΡΑΣ ΒΙΚΟΣ COLA,4,19,False
2019-20,93F24648,ΛΟΡΕΝΣ Γιουτζίν,ΗΠΑ,13,29.11,378.43,False,ESAKE country,False,https://www.esake.gr/el/action/EsakeStats?mode=2&idchampionship=49EEB365&idseason=00000001,4C2C8907,1177987079,ΙΩΝΙΚΟΣ BASKET,10,20,True
2019-20,2BB1AF1F,ΛΟΥΝΤΖΗΣ Μιχάλης,ΕΛΛΑΔΑ,8,12.04,96.32,True,ESAKE country,False,https://www.esake.gr/el/action/EsakeStats?mode=2&idchampionship=49EEB365&idseason=00000001,F7D46144,37076412,ΛΑΥΡΙΟ DHI,6,20,False
2019-20,F9233702,ΜΑΚ ΓΚΙ Γκάρι,ΗΠΑ,0,0.0,0.0,False,ESAKE country,False,https://www.esake.gr/el/action/EsakeStats?mode=2&idchampionship=49EEB365&idseason=00000001,00000005,00000005,ΑΡΗΣ,13,20,True
2019-20,311052E3,ΜΑΚ ΓΚΙΛ Ρίκι,ΗΠΑ,19,24.5,465.5,False,ESAKE country,False,https://www.esake.gr/el/action/EsakeStats?mode=2&idchampionship=49EEB365&idseason=00000001,00000003,00000003,ΠΑΝΙΩΝΙΟΣ COSMORAMA TRAVEL,12,20,True
2019-20,4B05CA03,ΜΑΛΕΛΗΣ Φώτης,ΕΛΛΑΔΑ,2,7.59,15.18,True,ESAKE country,False,https://www.esake.gr/el/action/EsakeStats?mode=2&idchampionship=49EEB365&idseason=00000001,00000003,00000003,ΠΑΝΙΩΝΙΟΣ COSMORAMA TRAVEL,12,20,True
2019-20,0000029C,ΜΑΝΤΖΑΡΗΣ Βαγγέλης,ΕΛΛΑΔΑ,6,26.99,161.94,True,ESAKE country,False,https://www.esake.gr/el/action/EsakeStats?mode=2&idchampionship=49EEB365&idseason=00000001,2A25C696,607118742,ΠΡΟΜΗΘΕΑΣ ΠΑΤΡΑΣ ΒΙΚΟΣ COLA,4,19,False
2019-20,24974100,ΜΑΝΤΖΟΥΚΑΣ Λευτέρης,ΕΛΛΑΔΑ,14,12.36,173.04,True,ESAKE country,False,https://www.esake.gr/el/action/EsakeStats?mode=2&idchampionship=49EEB365&idseason=00000001,2A25C696,607118742,ΠΡΟΜΗΘΕΑΣ ΠΑΤΡΑΣ ΒΙΚΟΣ COLA,4,19,False
2019-20,000002A2,ΜΑΝΩΛΟΠΟΥΛΟΣ Σωτήρης,ΕΛΛΑΔΑ,18,14.39,259.02,True,ESAKE country,False,https://www.esake.gr/el/action/EsakeStats?mode=2&idchampionship=49EEB365&idseason=00000001,00000011,00000017,ΗΡΑΚΛΗΣ,7,20,False
2019-20,AB5951BC,ΜΑΡΑΓΚΑΚΗΣ Παντελής,ΕΛΛΑΔΑ,16,4.01,64.16,True,ESAKE country,False,https://www.esake.gr/el/action/EsakeStats?mode=2&idchampionship=49EEB365&idseason=00000001,0000000E,00000014,ΡΕΘΥΜΝΟ CRETAN KINGS,11,19,True
2019-20,81527E0F,ΜΑΡΑΓΚΙΔΗΣ Νίκος,ΕΛΛΑΔΑ,8,7.21,57.68,True,ESAKE country,False,https://www.esake.gr/el/action/EsakeStats?mode=2&idchampionship=49EEB365&idseason=00000001,00000003,00000003,ΠΑΝΙΩΝΙΟΣ COSMORAMA TRAVEL,12,20,True
2019-20,000002A5,ΜΑΡΑΓΚΟΣ Πάρης,ΕΛΛΑΔΑ,10,4.96,49.6,True,ESAKE country,False,https://www.esake.gr/el/action/EsakeStats?mode=2&idchampionship=49EEB365&idseason=00000001,098B68C2,60131266,ΛΑΡΙΣΑ,8,20,True
2019-20,000002A8,ΜΑΡΓΑΡΙΤΗΣ Βαγγέλης,ΕΛΛΑΔΑ,20,22.13,442.6,True,ESAKE country,False,https://www.esake.gr/el/action/EsakeStats?mode=2&idchampionship=49EEB365&idseason=00000001,0000000C,00000012,ΠΑΟΚ,14,20,True
2019-20,49CDF103,ΜΑΡΕΪ Τζούνιορ Λαμόντ,ΗΠΑ,8,20.94,167.52,False,ESAKE country,False,https://www.esake.gr/el/action/EsakeStats?mode=2&idchampionship=49EEB365&idseason=00000001,0000000E,00000014,ΡΕΘΥΜΝΟ CRETAN KINGS,11,19,True
2019-20,E5751504,ΜΑΡΤΙΝ Τζάστιν,ΗΠΑ,6,15.01,90.06,False,ESAKE country,False,https://www.esake.gr/el/action/EsakeStats?mode=2&idchampionship=49EEB365&idseason=00000001,00000003,00000003,ΠΑΝΙΩΝΙΟΣ COSMORAMA TRAVEL,12,20,True
2019-20,FB81693B,ΜΑΣΤΡΟΓΙΑΝΝΟΠΟΥΛΟΣ Σαράντης,ΕΛΛΑΔΑ,20,14.34,286.8,True,ESAKE country,False,https://www.esake.gr/el/action/EsakeStats?mode=2&idchampionship=49EEB365&idseason=00000001,F7D46144,37076412,ΛΑΥΡΙΟ DHI,6,20,False
2019-20,00000701,ΜΑΤΣΙΟΥΛΙΣ Γιόνας,ΛΙΘΟΥΑΝΙΑ,20,22.97,459.4,False,ESAKE country,False,https://www.esake.gr/el/action/EsakeStats?mode=2&idchampionship=49EEB365&idseason=00000001,00000010,00000016,ΑΕΚ,2,20,False
2019-20,000002C6,ΜΑΥΡΟΕΙΔΗΣ Δημήτρης,ΕΛΛΑΔΑ,14,10.75,150.5,True,ESAKE country,False,https://www.esake.gr/el/action/EsakeStats?mode=2&idchampionship=49EEB365&idseason=00000001,00000010,00000016,ΑΕΚ,2,20,False
2019-20,000002C7,ΜΑΥΡΟΚΕΦΑΛΙΔΗΣ Λουκάς,ΕΛΛΑΔΑ,19,27.12,515.28,True,ESAKE country,False,https://www.esake.gr/el/action/EsakeStats?mode=2&idchampionship=49EEB365&idseason=00000001,4C2C8907,1177987079,ΙΩΝΙΚΟΣ BASKET,10,20,True
2019-20,000006ED,ΜΕΛΙΣΣΑΡΑΤΟΣ Πέτρος,ΕΛΛΑΔΑ,0,0.0,0.0,True,ESAKE country,False,https://www.esake.gr/el/action/EsakeStats?mode=2&idchampionship=49EEB365&idseason=00000001,098B68C2,60131266,ΛΑΡΙΣΑ,8,20,True
2019-20,7F6E6DE3,ΜΗΤΟΓΛΟΥ Κωνσταντίνος,ΕΛΛΑΔΑ,20,19.88,397.6,True,ESAKE country,False,https://www.esake.gr/el/action/EsakeStats?mode=2&idchampionship=49EEB365&idseason=00000001,00000001,00000001,ΠΑΝΑΘΗΝΑΪΚΟΣ AKTOR,1,20,False
2019-20,9198D674,ΜΙΛΟΣΕΒΙΤΣ Μίλαν,ΒΟΣΝΙΑ,20,24.37,487.4,False,ESAKE country,False,https://www.esake.gr/el/action/EsakeStats?mode=2&idchampionship=49EEB365&idseason=00000001,00000005,00000005,ΑΡΗΣ,13,20,True
2019-20,4BF8D319,ΜΟΛΝΤΟΒΕΑΝΟΥ Βλαντ,ΡΟΥΜΑΝΙΑ,18,20.53,369.54,False,ESAKE country,False,https://www.esake.gr/el/action/EsakeStats?mode=2&idchampionship=49EEB365&idseason=00000001,EC35D4E7,232016409,ΗΦΑΙΣΤΟΣ ΛΗΜΝΟΥ,5,20,False
2019-20,06EF5EA5,ΜΟΜΠΛΕΪ Μπράντον,ΗΠΑ,7,21.91,153.37,False,ESAKE country,False,https://www.esake.gr/el/action/EsakeStats?mode=2&idchampionship=49EEB365&idseason=00000001,4C2C8907,1177987079,ΙΩΝΙΚΟΣ BASKET,10,20,True
2019-20,FCBD1D31,ΜΟΟΥΖΕΣ Κίνγκσλεϊ,ΝΙΓΗΡΙΑ,18,22.32,401.76,False,ESAKE country,False,https://www.esake.gr/el/action/EsakeStats?mode=2&idchampionship=49EEB365&idseason=00000001,0000000D,00000013,ΠΕΡΙΣΤΕΡΙ Betsson,3,20,False
2019-20,045020C4,ΜΟΡΕΪΡΑ Γιανίκ,ΑΝΓΚΟΛΑ,14,21.57,301.98,False,ESAKE country,False,https://www.esake.gr/el/action/EsakeStats?mode=2&idchampionship=49EEB365&idseason=00000001,0000000D,00000013,ΠΕΡΙΣΤΕΡΙ Betsson,3,20,False
2019-20,CBC6096D,ΜΟΡΙΣ Τζέϊλεν,ΗΠΑ,18,23.89,430.02,False,ESAKE country,False,https://www.esake.gr/el/action/EsakeStats?mode=2&idchampionship=49EEB365&idseason=00000001,00000005,00000005,ΑΡΗΣ,13,20,True
2019-20,FC7C00C8,ΜΟΡΙΣΟΝ Άντονι Μάικλ,ΗΠΑ,7,14.98,104.86,False,ESAKE country,False,https://www.esake.gr/el/action/EsakeStats?mode=2&idchampionship=49EEB365&idseason=00000001,0000000D,00000013,ΠΕΡΙΣΤΕΡΙ Betsson,3,20,False
2019-20,FED5F313,ΜΟΥΡΑΤΟΣ Βασίλης,ΕΛΛΑΔΑ,20,23.3,466.0,True,ESAKE country,False,https://www.esake.gr/el/action/EsakeStats?mode=2&idchampionship=49EEB365&idseason=00000001,F7D46144,37076412,ΛΑΥΡΙΟ DHI,6,20,False
2019-20,0000030E,ΜΟΥΡΤΟΣ Σπύρος,ΕΛΛΑΔΑ,20,17.83,356.6,True,ESAKE country,False,https://www.esake.gr/el/action/EsakeStats?mode=2&idchampionship=49EEB365&idseason=00000001,EC35D4E7,232016409,ΗΦΑΙΣΤΟΣ ΛΗΜΝΟΥ,5,20,False
2019-20,448AF744,ΜΠΑΖΙΝΑΣ Θανάσης,ΕΛΛΑΔΑ,4,5.18,20.72,True,ESAKE country,False,https://www.esake.gr/el/action/EsakeStats?mode=2&idchampionship=49EEB365&idseason=00000001,2A25C696,607118742,ΠΡΟΜΗΘΕΑΣ ΠΑΤΡΑΣ ΒΙΚΟΣ COLA,4,19,False
2019-20,69666692,ΜΠΑΜΠ Κρις,ΗΠΑ,17,22.06,375.02,False,ESAKE country,False,https://www.esake.gr/el/action/EsakeStats?mode=2&idchampionship=49EEB365&idseason=00000001,2A25C696,607118742,ΠΡΟΜΗΘΕΑΣ ΠΑΤΡΑΣ ΒΙΚΟΣ COLA,4,19,False
2019-20,2BC61669,ΜΠΑΟΥΜΑΝ Μπράντον,ΗΠΑ,3,23.11,69.33,False,ESAKE country,False,https://www.esake.gr/el/action/EsakeStats?mode=2&idchampionship=49EEB365&idseason=00000001,00000003,00000003,ΠΑΝΙΩΝΙΟΣ COSMORAMA TRAVEL,12,20,True
2019-20,00000330,ΜΠΑΡΤ Στίβεν Τζ.,ΗΠΑ,13,28.42,369.46,False,ESAKE country,False,https://www.esake.gr/el/action/EsakeStats?mode=2&idchampionship=49EEB365&idseason=00000001,4C2C8907,1177987079,ΙΩΝΙΚΟΣ BASKET,10,20,True
2019-20,00000333,ΜΠΑΤΗΣ Μάριος,ΕΛΛΑΔΑ,15,12.33,184.95,True,ESAKE country,False,https://www.esake.gr/el/action/EsakeStats?mode=2&idchampionship=49EEB365&idseason=00000001,4C2C8907,1177987079,ΙΩΝΙΚΟΣ BASKET,10,20,True
2019-20,3DB57AAA,ΜΠΕΪΚΕΡ Τζάστιν,ΗΠΑ,2,24.54,49.08,False,ESAKE country,False,https://www.esake.gr/el/action/EsakeStats?mode=2&idchampionship=49EEB365&idseason=00000001,098B68C2,60131266,ΛΑΡΙΣΑ,8,20,True
2019-20,248FCA4D,ΜΠΕΛ Γκάρι,ΗΠΑ,0,0.0,0.0,False,ESAKE country,False,https://www.esake.gr/el/action/EsakeStats?mode=2&idchampionship=49EEB365&idseason=00000001,00000005,00000005,ΑΡΗΣ,13,20,True
2019-20,981124E2,ΜΠΕΛ Τζέιμς,ΗΠΑ,2,13.3,26.6,False,ESAKE country,False,https://www.esake.gr/el/action/EsakeStats?mode=2&idchampionship=49EEB365&idseason=00000001,2A25C696,607118742,ΠΡΟΜΗΘΕΑΣ ΠΑΤΡΑΣ ΒΙΚΟΣ COLA,4,19,False
2019-20,5089F2DE,ΜΠΕΝΤΙΛ Μπεν,ΓΚΑΝΑ,6,11.92,71.52,False,ESAKE country,False,https://www.esake.gr/el/action/EsakeStats?mode=2&idchampionship=49EEB365&idseason=00000001,00000001,00000001,ΠΑΝΑΘΗΝΑΪΚΟΣ AKTOR,1,20,False
2019-20,37924888,ΜΠΕΡΧΑΝΕΜΕΣΚΕΛ Τζόνι,ΚΑΝΑΔΑΣ,13,25.27,328.51,False,ESAKE country,False,https://www.esake.gr/el/action/EsakeStats?mode=2&idchampionship=49EEB365&idseason=00000001,098B68C2,60131266,ΛΑΡΙΣΑ,8,20,True
2019-20,0925E2FF,ΜΠΕΣΤ Άαρον,ΚΑΝΑΔΑΣ,20,23.13,462.6,False,ESAKE country,False,https://www.esake.gr/el/action/EsakeStats?mode=2&idchampionship=49EEB365&idseason=00000001,0000000C,00000012,ΠΑΟΚ,14,20,True
2019-20,9B0ECA2A,ΜΠΛΕΪΚ Μπι Τζέι,ΗΠΑ,17,17.7,300.9,False,ESAKE country,False,https://www.esake.gr/el/action/EsakeStats?mode=2&idchampionship=49EEB365&idseason=00000001,0000000D,00000013,ΠΕΡΙΣΤΕΡΙ Betsson,3,20,False
2019-20,00000366,ΜΠΟΓΡΗΣ Γιώργος,ΕΛΛΑΔΑ,9,13.19,118.71,True,ESAKE country,False,https://www.esake.gr/el/action/EsakeStats?mode=2&idchampionship=49EEB365&idseason=00000001,2A25C696,607118742,ΠΡΟΜΗΘΕΑΣ ΠΑΤΡΑΣ ΒΙΚΟΣ COLA,4,19,False
2019-20,0000037E,ΜΠΟΧΩΡΙΔΗΣ Ελευθέριος,ΕΛΛΑΔΑ,14,32.71,457.94,True,ESAKE country,False,https://www.esake.gr/el/action/EsakeStats?mode=2&idchampionship=49EEB365&idseason=00000001,00000005,00000005,ΑΡΗΣ,13,20,True
2019-20,78FE322E,ΜΠΡΑΟΥΝ Κεν,ΗΠΑ,11,25.23,277.53,False,ESAKE country,False,https://www.esake.gr/el/action/EsakeStats?mode=2&idchampionship=49EEB365&idseason=00000001,00000005,00000005,ΑΡΗΣ,13,20,True
2019-20,00000389,ΜΠΡΑΟΥΝ Μπόμπι,ΗΠΑ,7,24.49,171.43,False,ESAKE country,False,https://www.esake.gr/el/action/EsakeStats?mode=2&idchampionship=49EEB365&idseason=00000001,0000000C,00000012,ΠΑΟΚ,14,20,True
2019-20,02211B0A,ΜΠΡΑΟΥΝ Ρίον,ΗΠΑ,8,17.43,139.44,False,ESAKE country,False,https://www.esake.gr/el/action/EsakeStats?mode=2&idchampionship=49EEB365&idseason=00000001,00000001,00000001,ΠΑΝΑΘΗΝΑΪΚΟΣ AKTOR,1,20,False
2019-20,6E707337,ΜΠΡΕΪΖΕΛΤΟΝ Τάιρον,ΗΠΑ,19,19.54,371.26,False,ESAKE country,False,https://www.esake.gr/el/action/EsakeStats?mode=2&idchampionship=49EEB365&idseason=00000001,0000000A,00000010,ΚΟΛΟΣΣΟΣ H HOTELS COLLECTION,9,20,True
2019-20,5107C236,ΜΠΡΟΥΣΕΒΙΤΣ Μάικ,ΗΠΑ,9,18.28,164.52,False,ESAKE country,False,https://www.esake.gr/el/action/EsakeStats?mode=2&idchampionship=49EEB365&idseason=00000001,0000000A,00000010,ΚΟΛΟΣΣΟΣ H HOTELS COLLECTION,9,20,True
2019-20,E79B2944,ΜΩΡΑΪΤΗΣ Δημήτρης,ΕΛΛΑΔΑ,20,14.31,286.2,True,ESAKE country,False,https://www.esake.gr/el/action/EsakeStats?mode=2&idchampionship=49EEB365&idseason=00000001,0000000A,00000010,ΚΟΛΟΣΣΟΣ H HOTELS COLLECTION,9,20,True
2019-20,14F5D6AF,ΝΕΤΖΗΠΟΓΛΟΥ Όμηρος,ΕΛΛΑΔΑ,3,1.61,4.83,True,ESAKE country,False,https://www.esake.gr/el/action/EsakeStats?mode=2&idchampionship=49EEB365&idseason=00000001,00000005,00000005,ΑΡΗΣ,13,20,True
2019-20,29E25D86,ΝΙΚΟΛΑΪΔΗΣ Γιάννης,ΕΛΛΑΔΑ,0,0.0,0.0,True,ESAKE country,False,https://www.esake.gr/el/action/EsakeStats?mode=2&idchampionship=49EEB365&idseason=00000001,00000011,00000017,ΗΡΑΚΛΗΣ,7,20,False
2019-20,35153C4E,ΝΟΟΥΛΣ Ζέιν,ΜΠΑΧΑΜΕΣ,16,19.89,318.24,False,ESAKE country,False,https://www.esake.gr/el/action/EsakeStats?mode=2&idchampionship=49EEB365&idseason=00000001,0000000C,00000012,ΠΑΟΚ,14,20,True
2019-20,25525959,ΝΤΑΪΜ Μαλίκ,ΗΠΑ,14,18.83,263.62,False,ESAKE country,False,https://www.esake.gr/el/action/EsakeStats?mode=2&idchampionship=49EEB365&idseason=00000001,F7D46144,37076412,ΛΑΥΡΙΟ DHI,6,20,False
2019-20,DDF055A3,ΝΤΑΛΟ Μπορίς,ΓΑΛΛΙΑ,0,0.0,0.0,False,ESAKE country,False,https://www.esake.gr/el/action/EsakeStats?mode=2&idchampionship=49EEB365&idseason=00000001,00000005,00000005,ΑΡΗΣ,13,20,True
2019-20,BB72FA72,ΝΤΑΝΙΕΛΣ Τράβις,ΗΠΑ,20,21.18,423.6,False,ESAKE country,False,https://www.esake.gr/el/action/EsakeStats?mode=2&idchampionship=49EEB365&idseason=00000001,0000000A,00000010,ΚΟΛΟΣΣΟΣ H HOTELS COLLECTION,9,20,True
2019-20,291356C7,ΝΤΕΪΒΙΣ Άλεξ,ΗΠΑ,20,23.71,474.2,False,ESAKE country,False,https://www.esake.gr/el/action/EsakeStats?mode=2&idchampionship=49EEB365&idseason=00000001,00000011,00000017,ΗΡΑΚΛΗΣ,7,20,False
2019-20,BCAE1788,ΝΤΕΪΒΙΣ Ντέβιν,ΗΠΑ,20,18.31,366.2,False,ESAKE country,False,https://www.esake.gr/el/action/EsakeStats?mode=2&idchampionship=49EEB365&idseason=00000001,F7D46144,37076412,ΛΑΥΡΙΟ DHI,6,20,False
2019-20,3B43DE28,ΝΤΕΚΟΖΙ Κουέντον,ΗΠΑ,20,26.62,532.4,False,ESAKE country,False,https://www.esake.gr/el/action/EsakeStats?mode=2&idchampionship=49EEB365&idseason=00000001,F7D46144,37076412,ΛΑΥΡΙΟ DHI,6,20,False
2019-20,077AC106,ΝΤΟΡΙΣ Μαρκ,ΗΠΑ,6,14.09,84.54,False,ESAKE country,False,https://www.esake.gr/el/action/EsakeStats?mode=2&idchampionship=49EEB365&idseason=00000001,00000003,00000003,ΠΑΝΙΩΝΙΟΣ COSMORAMA TRAVEL,12,20,True
2019-20,805DBC47,ΝΤΟΥΡΕΝ Ταϊρίκ,ΗΠΑ,14,24.87,348.18,False,ESAKE country,False,https://www.esake.gr/el/action/EsakeStats?mode=2&idchampionship=49EEB365&idseason=00000001,00000003,00000003,ΠΑΝΙΩΝΙΟΣ COSMORAMA TRAVEL,12,20,True
2019-20,D0124272,ΝΤΡΑΓΚΙΣΕΒΙΤΣ Βλάντιμιρ,ΜΑΥΡΟΒΟΥΝΙΟ,20,29.46,589.2,False,ESAKE country,False,https://www.esake.gr/el/action/EsakeStats?mode=2&idchampionship=49EEB365&idseason=00000001,00000005,00000005,ΑΡΗΣ,13,20,True
2019-20,ADD22621,ΝΩΤΗΣ Γιώργος,ΕΛΛΑΔΑ,0,0.0,0.0,True,ESAKE country,False,https://www.esake.gr/el/action/EsakeStats?mode=2&idchampionship=49EEB365&idseason=00000001,00000011,00000017,ΗΡΑΚΛΗΣ,7,20,False
2019-20,000003F5,ΞΑΝΘΟΠΟΥΛΟΣ Βασίλης,ΕΛΛΑΔΑ,15,15.99,239.85,True,ESAKE country,False,https://www.esake.gr/el/action/EsakeStats?mode=2&idchampionship=49EEB365&idseason=00000001,0000000D,00000013,ΠΕΡΙΣΤΕΡΙ Betsson,3,20,False
2019-20,E15F6DA9,ΟΓΚΙΛΒΙ Άντριους,ΑΥΣΤΡΑΛΙΑ,0,0.0,0.0,False,ESAKE country,False,https://www.esake.gr/el/action/EsakeStats?mode=2&idchampionship=49EEB365&idseason=00000001,00000011,00000017,ΗΡΑΚΛΗΣ,7,20,False
2019-20,90CF4472,ΟΚΕΡΕΑΦΟΡ Τέντι,ΜΕΓΑΛΗ ΒΡΕΤΑΝΙΑ,18,20.85,375.3,False,ESAKE country,False,https://www.esake.gr/el/action/EsakeStats?mode=2&idchampionship=49EEB365&idseason=00000001,00000011,00000017,ΗΡΑΚΛΗΣ,7,20,False
2019-20,53E8F901,ΟΥIΛΙΑΜΣ Τζακόρεϊ,ΗΠΑ,4,23.0,92.0,False,ESAKE country,False,https://www.esake.gr/el/action/EsakeStats?mode=2&idchampionship=49EEB365&idseason=00000001,0000000C,00000012,ΠΑΟΚ,14,20,True
2019-20,BFEF0CAD,ΟΥΑΪΛΙ Τζέικομπ,ΗΠΑ,20,15.96,319.2,False,ESAKE country,False,https://www.esake.gr/el/action/EsakeStats?mode=2&idchampionship=49EEB365&idseason=00000001,00000001,00000001,ΠΑΝΑΘΗΝΑΪΚΟΣ AKTOR,1,20,False
2019-20,7EF3E5FD,ΟΥΙΓΚΙΝΣ Αντουέιν,ΗΠΑ,16,23.45,375.2,False,ESAKE country,False,https://www.esake.gr/el/action/EsakeStats?mode=2&idchampionship=49EEB365&idseason=00000001,0000000C,00000012,ΠΑΟΚ,14,20,True
2019-20,6525AC68,ΟΥΙΛΙΑΜΣ Πρινς,ΗΠΑ,2,18.11,36.22,False,ESAKE country,False,https://www.esake.gr/el/action/EsakeStats?mode=2&idchampionship=49EEB365&idseason=00000001,0000000E,00000014,ΡΕΘΥΜΝΟ CRETAN KINGS,11,19,True
2019-20,00000451,ΠΑΠΑΓΙΑΝΝΗΣ Γιώργος,ΕΛΛΑΔΑ,17,16.23,275.91,True,ESAKE country,False,https://www.esake.gr/el/action/EsakeStats?mode=2&idchampionship=49EEB365&idseason=00000001,00000001,00000001,ΠΑΝΑΘΗΝΑΪΚΟΣ AKTOR,1,20,False
2019-20,41010DDA,ΠΑΠΑΔΑΚΗΣ Κώστας,ΕΛΛΑΔΑ,12,9.3,111.6,True,ESAKE country,False,https://www.esake.gr/el/action/EsakeStats?mode=2&idchampionship=49EEB365&idseason=00000001,00000001,00000001,ΠΑΝΑΘΗΝΑΪΚΟΣ AKTOR,1,20,False
2019-20,806AF27D,ΠΑΠΑΔΟΠΟΥΛΟΣ Ανδρέας,ΕΛΛΑΔΑ,4,4.86,19.44,True,ESAKE country,False,https://www.esake.gr/el/action/EsakeStats?mode=2&idchampionship=49EEB365&idseason=00000001,4C2C8907,1177987079,ΙΩΝΙΚΟΣ BASKET,10,20,True
2019-20,0000046F,ΠΑΠΑΝΤΩΝΙΟΥ Νώντας,ΕΛΛΑΔΑ,20,26.4,528.0,True,ESAKE country,False,https://www.esake.gr/el/action/EsakeStats?mode=2&idchampionship=49EEB365&idseason=00000001,098B68C2,60131266,ΛΑΡΙΣΑ,8,20,True
2019-20,8E3AD877,ΠΑΠΑΠΕΤΡΟΥ Ιωάννης,ΕΛΛΑΔΑ,18,20.34,366.12,True,ESAKE country,False,https://www.esake.gr/el/action/EsakeStats?mode=2&idchampionship=49EEB365&idseason=00000001,00000001,00000001,ΠΑΝΑΘΗΝΑΪΚΟΣ AKTOR,1,20,False
2019-20,0000047A,ΠΑΠΠΑΣ Νίκος,ΕΛΛΑΔΑ,13,17.25,224.25,True,ESAKE country,False,https://www.esake.gr/el/action/EsakeStats?mode=2&idchampionship=49EEB365&idseason=00000001,00000001,00000001,ΠΑΝΑΘΗΝΑΪΚΟΣ AKTOR,1,20,False
2019-20,747CD647,ΠΑΡΚΣ Τέρελ,ΗΠΑ,15,23.66,354.9,False,ESAKE country,False,https://www.esake.gr/el/action/EsakeStats?mode=2&idchampionship=49EEB365&idseason=00000001,098B68C2,60131266,ΛΑΡΙΣΑ,8,20,True
2019-20,00000483,ΠΑΣΑΛΙΤΣ Μοχάμεντ,ΒΟΣΝΙΑ,11,29.06,319.66,False,ESAKE country,False,https://www.esake.gr/el/action/EsakeStats?mode=2&idchampionship=49EEB365&idseason=00000001,00000003,00000003,ΠΑΝΙΩΝΙΟΣ COSMORAMA TRAVEL,12,20,True
2019-20,3C647C81,ΠΑΥΛΟΣ Νικ,ΕΛΛΑΔΑ,20,12.11,242.2,True,ESAKE country,False,https://www.esake.gr/el/action/EsakeStats?mode=2&idchampionship=49EEB365&idseason=00000001,0000000A,00000010,ΚΟΛΟΣΣΟΣ H HOTELS COLLECTION,9,20,True
2019-20,00000496,ΠΕΛΕΚΑΝΟΣ Μιχάλης,ΕΛΛΑΔΑ,19,14.97,284.43,True,ESAKE country,False,https://www.esake.gr/el/action/EsakeStats?mode=2&idchampionship=49EEB365&idseason=00000001,EC35D4E7,232016409,ΗΦΑΙΣΤΟΣ ΛΗΜΝΟΥ,5,20,False
2019-20,000004A0,ΠΕΡΡΑΚΗΣ Μιχάλης,ΕΛΛΑΔΑ,1,2.62,2.62,True,ESAKE country,False,https://www.esake.gr/el/action/EsakeStats?mode=2&idchampionship=49EEB365&idseason=00000001,F7D46144,37076412,ΛΑΥΡΙΟ DHI,6,20,False
2019-20,49574E22,ΠΕΡΣΙΔΗΣ Νικόλαος,ΕΛΛΑΔΑ,6,6.76,40.56,True,ESAKE country,False,https://www.esake.gr/el/action/EsakeStats?mode=2&idchampionship=49EEB365&idseason=00000001,00000001,00000001,ΠΑΝΑΘΗΝΑΪΚΟΣ AKTOR,1,20,False
2019-20,66365C38,ΠΕΤΑΝΙΔΗΣ Γιώργος,ΕΛΛΑΔΑ,1,7.13,7.13,True,ESAKE country,False,https://www.esake.gr/el/action/EsakeStats?mode=2&idchampionship=49EEB365&idseason=00000001,00000011,00000017,ΗΡΑΚΛΗΣ,7,20,False
2019-20,CF42AA12,ΠΕΤΡΟΒΙΤΣ Τόμισλαβ,ΚΡΟΑΤΙΑ,14,22.68,317.52,False,ESAKE country,False,https://www.esake.gr/el/action/EsakeStats?mode=2&idchampionship=49EEB365&idseason=00000001,00000003,00000003,ΠΑΝΙΩΝΙΟΣ COSMORAMA TRAVEL,12,20,True
2019-20,F42B3D2C,ΠΟΥΛΙΑΝΙΤΗΣ Στέλιος,ΕΛΛΑΔΑ,14,8.92,124.88,True,ESAKE country,False,https://www.esake.gr/el/action/EsakeStats?mode=2&idchampionship=49EEB365&idseason=00000001,0000000A,00000010,ΚΟΛΟΣΣΟΣ H HOTELS COLLECTION,9,20,True
2019-20,ED9C88DB,ΠΡΑΠΑΣ Στέργιος,ΕΛΛΑΔΑ,0,0.0,0.0,True,ESAKE country,False,https://www.esake.gr/el/action/EsakeStats?mode=2&idchampionship=49EEB365&idseason=00000001,00000010,00000016,ΑΕΚ,2,20,False
2019-20,4660E107,ΡΑΖΗΣ Χριστόφορος,ΕΛΛΑΔΑ,17,6.37,108.29,True,ESAKE country,False,https://www.esake.gr/el/action/EsakeStats?mode=2&idchampionship=49EEB365&idseason=00000001,0000000E,00000014,ΡΕΘΥΜΝΟ CRETAN KINGS,11,19,True
2019-20,000004D0,ΡΑΪΣ Ταϊρίς,ΗΠΑ,19,18.52,351.88,False,ESAKE country,False,https://www.esake.gr/el/action/EsakeStats?mode=2&idchampionship=49EEB365&idseason=00000001,00000001,00000001,ΠΑΝΑΘΗΝΑΪΚΟΣ AKTOR,1,20,False
2019-20,9CF62E68,ΡΑΟΥΤΙΝΣ Άντι,ΚΑΝΑΔΑΣ,5,18.17,90.85,False,ESAKE country,False,https://www.esake.gr/el/action/EsakeStats?mode=2&idchampionship=49EEB365&idseason=00000001,00000001,00000001,ΠΑΝΑΘΗΝΑΪΚΟΣ AKTOR,1,20,False
2019-20,000056E7,ΡΑΣ Μπράντον,ΗΠΑ,11,31.93,351.23,False,ESAKE country,False,https://www.esake.gr/el/action/EsakeStats?mode=2&idchampionship=49EEB365&idseason=00000001,098B68C2,60131266,ΛΑΡΙΣΑ,8,20,True
2019-20,0B4BA1C7,ΡΕΪ Κέντρικ,ΗΠΑ,16,17.24,275.84,False,ESAKE country,False,https://www.esake.gr/el/action/EsakeStats?mode=2&idchampionship=49EEB365&idseason=00000001,00000010,00000016,ΑΕΚ,2,20,False
2019-20,9E15A360,ΡΕΪΝΟΛΝΤΣ Σκότι,ΗΠΑ,6,31.33,187.98,False,ESAKE country,False,https://www.esake.gr/el/action/EsakeStats?mode=2&idchampionship=49EEB365&idseason=00000001,098B68C2,60131266,ΛΑΡΙΣΑ,8,20,True
2019-20,37D0141B,ΡΕΤ Εμ Τζέι,ΗΠΑ,4,18.57,74.28,False,ESAKE country,False,https://www.esake.gr/el/action/EsakeStats?mode=2&idchampionship=49EEB365&idseason=00000001,0000000C,00000012,ΠΑΟΚ,14,20,True
2019-20,2C26B404,ΡΟΓΚΑΒΟΠΟΥΛΟΣ Νίκος,ΕΛΛΑΔΑ,9,6.34,57.06,True,ESAKE country,False,https://www.esake.gr/el/action/EsakeStats?mode=2&idchampionship=49EEB365&idseason=00000001,00000010,00000016,ΑΕΚ,2,20,False
2019-20,84AE5417,ΡΟΜΠΙΝΣΟΝ Τζέραλντ,ΗΠΑ,10,21.2,212.0,False,ESAKE country,False,https://www.esake.gr/el/action/EsakeStats?mode=2&idchampionship=49EEB365&idseason=00000001,2A25C696,607118742,ΠΡΟΜΗΘΕΑΣ ΠΑΤΡΑΣ ΒΙΚΟΣ COLA,4,19,False
2019-20,9892ECAB,ΣΑΚΕΛΛΑΡΙΟΥ Βαγγέλης,ΕΛΛΑΔΑ,13,17.85,232.05,True,ESAKE country,False,https://www.esake.gr/el/action/EsakeStats?mode=2&idchampionship=49EEB365&idseason=00000001,00000005,00000005,ΑΡΗΣ,13,20,True
2019-20,D4498240,ΣΑΛΟΥΣΤΡΟΣ Χρήστος,ΕΛΛΑΔΑ,18,15.8,284.4,True,ESAKE country,False,https://www.esake.gr/el/action/EsakeStats?mode=2&idchampionship=49EEB365&idseason=00000001,0000000D,00000013,ΠΕΡΙΣΤΕΡΙ Betsson,3,20,False
2019-20,89FB852E,ΣΑΜΙΟΥΕΛΣ Σαμάρντο,ΤΖΑΜΑΪΚΑ,15,27.75,416.25,False,ESAKE country,False,https://www.esake.gr/el/action/EsakeStats?mode=2&idchampionship=49EEB365&idseason=00000001,00000003,00000003,ΠΑΝΙΩΝΙΟΣ COSMORAMA TRAVEL,12,20,True
2019-20,68A17B78,ΣΑΝΔΡΑΜΑΝΗΣ Χρυσόστομος,ΕΛΛΑΔΑ,2,2.24,4.48,True,ESAKE country,False,https://www.esake.gr/el/action/EsakeStats?mode=2&idchampionship=49EEB365&idseason=00000001,00000005,00000005,ΑΡΗΣ,13,20,True
2019-20,C510FEF8,ΣΑΝΤ-ΡΟΣ Χάουαρντ,ΚΟΥΒΑ,13,30.88,401.44,False,ESAKE country,False,https://www.esake.gr/el/action/EsakeStats?mode=2&idchampionship=49EEB365&idseason=00000001,00000010,00000016,ΑΕΚ,2,20,False
2019-20,00000522,ΣΑΡΙΚΟΠΟΥΛΟΣ Ζήσης,ΕΛΛΑΔΑ,20,16.53,330.6,True,ESAKE country,False,https://www.esake.gr/el/action/EsakeStats?mode=2&idchampionship=49EEB365&idseason=00000001,0000000C,00000012,ΠΑΟΚ,14,20,True
2019-20,63B33E98,ΣΑΦΤΕΝΑΑΡ Ρόλαντ,ΟΛΛΑΝΔΙΑ,19,18.67,354.73,False,ESAKE country,False,https://www.esake.gr/el/action/EsakeStats?mode=2&idchampionship=49EEB365&idseason=00000001,4C2C8907,1177987079,ΙΩΝΙΚΟΣ BASKET,10,20,True
2019-20,306A4360,ΣΙΔΗΡΟΗΛΙΑΣ Γιάννης,ΕΛΛΑΔΑ,10,4.38,43.8,True,ESAKE country,False,https://www.esake.gr/el/action/EsakeStats?mode=2&idchampionship=49EEB365&idseason=00000001,00000005,00000005,ΑΡΗΣ,13,20,True
2019-20,A0320FF7,ΣΙΜΠΣΟΝ Βίνσεντ,ΗΠΑ,6,25.64,153.84,False,ESAKE country,False,https://www.esake.gr/el/action/EsakeStats?mode=2&idchampionship=49EEB365&idseason=00000001,4C2C8907,1177987079,ΙΩΝΙΚΟΣ BASKET,10,20,True
2019-20,97ECF33C,ΣΚΛΗΒΑΣ Αντώνης,ΕΛΛΑΔΑ,0,0.0,0.0,True,ESAKE country,False,https://www.esake.gr/el/action/EsakeStats?mode=2&idchampionship=49EEB365&idseason=00000001,0000000A,00000010,ΚΟΛΟΣΣΟΣ H HOTELS COLLECTION,9,20,True
2019-20,00000554,ΣΚΟΡΔΙΛΗΣ Γάιος,ΕΛΛΑΔΑ,16,12.13,194.08,True,ESAKE country,False,https://www.esake.gr/el/action/EsakeStats?mode=2&idchampionship=49EEB365&idseason=00000001,0000000D,00000013,ΠΕΡΙΣΤΕΡΙ Betsson,3,20,False
2019-20,000006F2,ΣΛΑΦΤΣΑΚΗΣ Διαμαντής,ΕΛΛΑΔΑ,20,12.08,241.6,True,ESAKE country,False,https://www.esake.gr/el/action/EsakeStats?mode=2&idchampionship=49EEB365&idseason=00000001,00000005,00000005,ΑΡΗΣ,13,20,True
2019-20,1278150E,ΣΛΟΤΕΡ Μάρκους,ΗΠΑ,17,17.27,293.59,False,ESAKE country,False,https://www.esake.gr/el/action/EsakeStats?mode=2&idchampionship=49EEB365&idseason=00000001,00000010,00000016,ΑΕΚ,2,20,False
2019-20,27BA8959,ΣΜΙΘ Άνταμ,ΗΠΑ,18,28.79,518.22,False,ESAKE country,False,https://www.esake.gr/el/action/EsakeStats?mode=2&idchampionship=49EEB365&idseason=00000001,0000000C,00000012,ΠΑΟΚ,14,20,True
2019-20,85FB9B0D,ΣΜΙΘ Λένζελ,ΗΠΑ,4,19.4,77.6,False,ESAKE country,False,https://www.esake.gr/el/action/EsakeStats?mode=2&idchampionship=49EEB365&idseason=00000001,00000011,00000017,ΗΡΑΚΛΗΣ,7,20,False
2019-20,A9EA5AE3,ΣΜΙΘ Σκούτσι,ΗΠΑ,12,17.3,207.6,False,ESAKE country,False,https://www.esake.gr/el/action/EsakeStats?mode=2&idchampionship=49EEB365&idseason=00000001,0000000D,00000013,ΠΕΡΙΣΤΕΡΙ Betsson,3,20,False
2019-20,10B67913,ΣΜΙΘ Τζέρι,ΗΠΑ,20,26.13,522.6,False,ESAKE country,False,https://www.esake.gr/el/action/EsakeStats?mode=2&idchampionship=49EEB365&idseason=00000001,EC35D4E7,232016409,ΗΦΑΙΣΤΟΣ ΛΗΜΝΟΥ,5,20,False
2019-20,13BF36DF,ΣΟΡΤΕΡ Σάνον,ΗΠΑ,8,28.72,229.76,False,ESAKE country,False,https://www.esake.gr/el/action/EsakeStats?mode=2&idchampionship=49EEB365&idseason=00000001,0000000C,00000012,ΠΑΟΚ,14,20,True
2019-20,59329CAF,ΣΟΥΙΤΝΙ Ντέβιν,ΗΠΑ,7,18.2,127.4,False,ESAKE country,False,https://www.esake.gr/el/action/EsakeStats?mode=2&idchampionship=49EEB365&idseason=00000001,00000003,00000003,ΠΑΝΙΩΝΙΟΣ COSMORAMA TRAVEL,12,20,True
2019-20,F9154245,ΣΟΥΛΕΡ Τζαμάλ,ΗΠΑ,20,28.96,579.2,False,ESAKE country,False,https://www.esake.gr/el/action/EsakeStats?mode=2&idchampionship=49EEB365&idseason=00000001,00000011,00000017,ΗΡΑΚΛΗΣ,7,20,False
2019-20,000006E2,ΣΠΥΡΙΔΟΝΙΔΗΣ Αλέξης,ΕΛΛΑΔΑ,12,6.59,79.08,True,ESAKE country,False,https://www.esake.gr/el/action/EsakeStats?mode=2&idchampionship=49EEB365&idseason=00000001,0000000E,00000014,ΡΕΘΥΜΝΟ CRETAN KINGS,11,19,True
2019-20,153D5754,ΣΠΥΡΟΓΛΟΥ Αναστάσης,ΕΛΛΑΔΑ,0,0.0,0.0,True,ESAKE country,False,https://www.esake.gr/el/action/EsakeStats?mode=2&idchampionship=49EEB365&idseason=00000001,00000010,00000016,ΑΕΚ,2,20,False
2019-20,0000057B,ΣΠΥΡΟΠΟΥΛΟΣ Αναστάσιος,ΕΛΛΑΔΑ,12,10.85,130.2,True,ESAKE country,False,https://www.esake.gr/el/action/EsakeStats?mode=2&idchampionship=49EEB365&idseason=00000001,098B68C2,60131266,ΛΑΡΙΣΑ,8,20,True
2019-20,98CA314B,ΣΤΑΜΑΤΗΣ Δημήτρης,ΕΛΛΑΔΑ,17,14.13,240.21,True,ESAKE country,False,https://www.esake.gr/el/action/EsakeStats?mode=2&idchampionship=49EEB365&idseason=00000001,EC35D4E7,232016409,ΗΦΑΙΣΤΟΣ ΛΗΜΝΟΥ,5,20,False
2019-20,F7A47F07,ΣΤΑΣΙΝΟΣ Ορφέας,ΕΛΛΑΔΑ,6,1.54,9.24,True,ESAKE country,False,https://www.esake.gr/el/action/EsakeStats?mode=2&idchampionship=49EEB365&idseason=00000001,EC35D4E7,232016409,ΗΦΑΙΣΤΟΣ ΛΗΜΝΟΥ,5,20,False
2019-20,27108FF6,ΣΤΙΘ Μπι Τζέι,ΗΠΑ,10,10.94,109.4,False,ESAKE country,False,https://www.esake.gr/el/action/EsakeStats?mode=2&idchampionship=49EEB365&idseason=00000001,4C2C8907,1177987079,ΙΩΝΙΚΟΣ BASKET,10,20,True
2019-20,BCB78E4A,ΣΧΙΖΑΣ Σταύρος,ΕΛΛΑΔΑ,17,11.96,203.32,True,ESAKE country,False,https://www.esake.gr/el/action/EsakeStats?mode=2&idchampionship=49EEB365&idseason=00000001,0000000C,00000012,ΠΑΟΚ,14,20,True
2019-20,0000059F,ΣΧΟΡΤΣΑΝΙΤΗΣ Σοφοκλής,ΕΛΛΑΔΑ,4,8.57,34.28,True,ESAKE country,False,https://www.esake.gr/el/action/EsakeStats?mode=2&idchampionship=49EEB365&idseason=00000001,4C2C8907,1177987079,ΙΩΝΙΚΟΣ BASKET,10,20,True
2019-20,84560942,ΤΑΛΤΟΝ Γκάρι,ΗΠΑ,8,25.26,202.08,False,ESAKE country,False,https://www.esake.gr/el/action/EsakeStats?mode=2&idchampionship=49EEB365&idseason=00000001,00000005,00000005,ΑΡΗΣ,13,20,True
2019-20,000005B4,ΤΕΠΙΤΣ Μιλένκο,ΣΕΡΒΙΑ,13,26.07,338.91,False,ESAKE country,False,https://www.esake.gr/el/action/EsakeStats?mode=2&idchampionship=49EEB365&idseason=00000001,00000011,00000017,ΗΡΑΚΛΗΣ,7,20,False
2019-20,C32C63BA,ΤΕΡΝΕΡ Έλστον,ΗΠΑ,5,20.31,101.55,False,ESAKE country,False,https://www.esake.gr/el/action/EsakeStats?mode=2&idchampionship=49EEB365&idseason=00000001,EC35D4E7,232016409,ΗΦΑΙΣΤΟΣ ΛΗΜΝΟΥ,5,20,False
2019-20,B80002A2,ΤΖΑΚΣΟΝ Ντόνοβαν,ΗΠΑ,16,25.15,402.4,False,ESAKE country,False,https://www.esake.gr/el/action/EsakeStats?mode=2&idchampionship=49EEB365&idseason=00000001,0000000A,00000010,ΚΟΛΟΣΣΟΣ H HOTELS COLLECTION,9,20,True
2019-20,0EC94472,ΤΖΟΝΣΟΝ Ουέσλι,ΗΠΑ,18,22.2,399.6,False,ESAKE country,False,https://www.esake.gr/el/action/EsakeStats?mode=2&idchampionship=49EEB365&idseason=00000001,00000001,00000001,ΠΑΝΑΘΗΝΑΪΚΟΣ AKTOR,1,20,False
2019-20,DC68D019,ΤΖΟΟΥΝΣ Λάκι,ΗΠΑ,3,23.46,70.38,False,ESAKE country,False,https://www.esake.gr/el/action/EsakeStats?mode=2&idchampionship=49EEB365&idseason=00000001,4C2C8907,1177987079,ΙΩΝΙΚΟΣ BASKET,10,20,True
2019-20,2140EC6A,ΤΖΟΟΥΝΣ Μάρβιν,ΗΠΑ,2,14.42,28.84,False,ESAKE country,False,https://www.esake.gr/el/action/EsakeStats?mode=2&idchampionship=49EEB365&idseason=00000001,2A25C696,607118742,ΠΡΟΜΗΘΕΑΣ ΠΑΤΡΑΣ ΒΙΚΟΣ COLA,4,19,False
2019-20,34CB7D1B,ΤΖΟΟΥΝΣ Τζαμάλ,ΗΠΑ,15,30.85,462.75,False,ESAKE country,False,https://www.esake.gr/el/action/EsakeStats?mode=2&idchampionship=49EEB365&idseason=00000001,4C2C8907,1177987079,ΙΩΝΙΚΟΣ BASKET,10,20,True
2019-20,FFDF7370,ΤΖΟΥΓΚΑΡΑΚΗΣ Σάββας,ΕΛΛΑΔΑ,12,6.31,75.72,True,ESAKE country,False,https://www.esake.gr/el/action/EsakeStats?mode=2&idchampionship=49EEB365&idseason=00000001,00000003,00000003,ΠΑΝΙΩΝΙΟΣ COSMORAMA TRAVEL,12,20,True
2019-20,D77658A1,ΤΙΓΚΑΣ Φιλιππος,ΕΛΛΑΔΑ,0,0.0,0.0,True,ESAKE country,False,https://www.esake.gr/el/action/EsakeStats?mode=2&idchampionship=49EEB365&idseason=00000001,00000010,00000016,ΑΕΚ,2,20,False
2019-20,D8361DB3,ΤΟΛΙΟΠΟΥΛΟΣ Βασίλης,ΕΛΛΑΔΑ,17,12.8,217.6,True,ESAKE country,False,https://www.esake.gr/el/action/EsakeStats?mode=2&idchampionship=49EEB365&idseason=00000001,00000010,00000016,ΑΕΚ,2,20,False
2019-20,A21BE893,ΤΟΜΑΣ Ελάιζα,ΗΠΑ,5,12.33,61.65,False,ESAKE country,False,https://www.esake.gr/el/action/EsakeStats?mode=2&idchampionship=49EEB365&idseason=00000001,098B68C2,60131266,ΛΑΡΙΣΑ,8,20,True
2019-20,273B52B3,ΤΟΜΑΣ Ντεσόν,ΗΠΑ,20,19.31,386.2,False,ESAKE country,False,https://www.esake.gr/el/action/EsakeStats?mode=2&idchampionship=49EEB365&idseason=00000001,00000001,00000001,ΠΑΝΑΘΗΝΑΪΚΟΣ AKTOR,1,20,False
2019-20,00000605,ΤΟΥΤΖΙΑΡΑΚΗΣ Σταύρος,ΕΛΛΑΔΑ,20,15.66,313.2,True,ESAKE country,False,https://www.esake.gr/el/action/EsakeStats?mode=2&idchampionship=49EEB365&idseason=00000001,0000000A,00000010,ΚΟΛΟΣΣΟΣ H HOTELS COLLECTION,9,20,True
2019-20,0000060F,ΤΣΑΪΡΕΛΗΣ Μιχάλης,ΕΛΛΑΔΑ,20,17.94,358.8,True,ESAKE country,False,https://www.esake.gr/el/action/EsakeStats?mode=2&idchampionship=49EEB365&idseason=00000001,EC35D4E7,232016409,ΗΦΑΙΣΤΟΣ ΛΗΜΝΟΥ,5,20,False
2019-20,F10A2AA6,ΤΣΑΛΜΕΡΣ Μάριο,ΗΠΑ,7,17.28,120.96,False,ESAKE country,False,https://www.esake.gr/el/action/EsakeStats?mode=2&idchampionship=49EEB365&idseason=00000001,00000010,00000016,ΑΕΚ,2,20,False
2019-20,1F2A8343,ΤΣΑΛΜΠΟΥΡΗΣ Γιώργος,ΕΛΛΑΔΑ,14,16.25,227.5,True,ESAKE country,False,https://www.esake.gr/el/action/EsakeStats?mode=2&idchampionship=49EEB365&idseason=00000001,0000000A,00000010,ΚΟΛΟΣΣΟΣ H HOTELS COLLECTION,9,20,True
2019-20,0000062C,ΤΣΙΛΟΥΛΗΣ Θεόδωρος,ΕΛΛΑΔΑ,16,11.66,186.56,True,ESAKE country,False,https://www.esake.gr/el/action/EsakeStats?mode=2&idchampionship=49EEB365&idseason=00000001,098B68C2,60131266,ΛΑΡΙΣΑ,8,20,True
2019-20,D8CCB768,ΤΣΙΜΠΟΥΚΗΣ Σέργιος,ΕΛΛΑΔΑ,3,1.76,5.28,True,ESAKE country,False,https://www.esake.gr/el/action/EsakeStats?mode=2&idchampionship=49EEB365&idseason=00000001,00000003,00000003,ΠΑΝΙΩΝΙΟΣ COSMORAMA TRAVEL,12,20,True
2019-20,884A7F43,ΤΣΙΡΟΓΙΑΝΝΗΣ Κώστας,ΕΛΛΑΔΑ,4,4.03,16.12,True,ESAKE country,False,https://www.esake.gr/el/action/EsakeStats?mode=2&idchampionship=49EEB365&idseason=00000001,098B68C2,60131266,ΛΑΡΙΣΑ,8,20,True
2019-20,D3B61CA7,ΤΣΙΩΚΟΣ Νικόλαος,ΕΛΛΑΔΑ,6,1.44,8.64,True,ESAKE country,False,https://www.esake.gr/el/action/EsakeStats?mode=2&idchampionship=49EEB365&idseason=00000001,F7D46144,37076412,ΛΑΥΡΙΟ DHI,6,20,False
2019-20,16DC25E1,ΤΣΟΝΑΚΙΔΗΣ Γιωργος,ΕΛΛΑΔΑ,1,0.65,0.65,True,ESAKE country,False,https://www.esake.gr/el/action/EsakeStats?mode=2&idchampionship=49EEB365&idseason=00000001,2A25C696,607118742,ΠΡΟΜΗΘΕΑΣ ΠΑΤΡΑΣ ΒΙΚΟΣ COLA,4,19,False
2019-20,7611D010,ΤΣΟΥΚΟΥ Πασκάλ,ΝΙΓΗΡΙΑ,6,8.08,48.48,False,ESAKE country,False,https://www.esake.gr/el/action/EsakeStats?mode=2&idchampionship=49EEB365&idseason=00000001,F7D46144,37076412,ΛΑΥΡΙΟ DHI,6,20,False
2019-20,00000639,ΤΣΟΧΛΑΣ Απόλλων,ΕΛΛΑΔΑ,20,14.93,298.6,True,ESAKE country,False,https://www.esake.gr/el/action/EsakeStats?mode=2&idchampionship=49EEB365&idseason=00000001,0000000C,00000012,ΠΑΟΚ,14,20,True
2019-20,3CBB10AB,ΦΙΛΕΡ Τσέις,ΗΠΑ,14,20.78,290.92,False,ESAKE country,False,https://www.esake.gr/el/action/EsakeStats?mode=2&idchampionship=49EEB365&idseason=00000001,2A25C696,607118742,ΠΡΟΜΗΘΕΑΣ ΠΑΤΡΑΣ ΒΙΚΟΣ COLA,4,19,False
2019-20,F5C9A62B,ΦΙΛΛΙΟΣ Γιώργος,ΕΛΛΑΔΑ,2,1.09,2.18,True,ESAKE country,False,https://www.esake.gr/el/action/EsakeStats?mode=2&idchampionship=49EEB365&idseason=00000001,00000011,00000017,ΗΡΑΚΛΗΣ,7,20,False
2019-20,10A2C583,ΦΙΤΖΠΑΤΡΙΚ Τόρλιν,ΗΠΑ,13,15.98,207.74,False,ESAKE country,False,https://www.esake.gr/el/action/EsakeStats?mode=2&idchampionship=49EEB365&idseason=00000001,00000005,00000005,ΑΡΗΣ,13,20,True
2019-20,B2A97905,ΦΛΙΩΝΗΣ Δημήτρης,ΕΛΛΑΔΑ,19,19.44,369.36,True,ESAKE country,False,https://www.esake.gr/el/action/EsakeStats?mode=2&idchampionship=49EEB365&idseason=00000001,00000005,00000005,ΑΡΗΣ,13,20,True
2019-20,FE010EF5,ΦΛΟΪΝΤ Τζεχάιβ,ΗΠΑ,20,18.8,376.0,False,ESAKE country,False,https://www.esake.gr/el/action/EsakeStats?mode=2&idchampionship=49EEB365&idseason=00000001,098B68C2,60131266,ΛΑΡΙΣΑ,8,20,True
2019-20,1EAFFECF,ΦΡΑΝΚΑΜΠ Κόνερ,ΗΠΑ,19,34.47,654.93,False,ESAKE country,False,https://www.esake.gr/el/action/EsakeStats?mode=2&idchampionship=49EEB365&idseason=00000001,0000000E,00000014,ΡΕΘΥΜΝΟ CRETAN KINGS,11,19,True
2019-20,422F3AC0,ΦΡΙΝΤΕΤ Τζίμερ,ΗΠΑ,18,19.02,342.36,False,ESAKE country,False,https://www.esake.gr/el/action/EsakeStats?mode=2&idchampionship=49EEB365&idseason=00000001,00000001,00000001,ΠΑΝΑΘΗΝΑΪΚΟΣ AKTOR,1,20,False
2019-20,4386ABAD,ΧΑΜΙΛΤΟΝ Μπλέικ,ΗΠΑ,9,22.56,203.04,False,ESAKE country,False,https://www.esake.gr/el/action/EsakeStats?mode=2&idchampionship=49EEB365&idseason=00000001,098B68C2,60131266,ΛΑΡΙΣΑ,8,20,True
2019-20,00000672,ΧΑΜΟΝΤΣ Κλιφ,ΗΠΑ,19,26.81,509.39,False,ESAKE country,False,https://www.esake.gr/el/action/EsakeStats?mode=2&idchampionship=49EEB365&idseason=00000001,EC35D4E7,232016409,ΗΦΑΙΣΤΟΣ ΛΗΜΝΟΥ,5,20,False
2019-20,ED24597B,ΧΑΝΛΑΝ Ολιβιέ,ΚΑΝΑΔΑΣ,20,30.42,608.4,False,ESAKE country,False,https://www.esake.gr/el/action/EsakeStats?mode=2&idchampionship=49EEB365&idseason=00000001,00000011,00000017,ΗΡΑΚΛΗΣ,7,20,False
2019-20,00000729,ΧΑΡΑΛΑΜΠΟΠΟΥΛΟΣ Βασίλης,ΕΛΛΑΔΑ,14,26.71,373.94,True,ESAKE country,False,https://www.esake.gr/el/action/EsakeStats?mode=2&idchampionship=49EEB365&idseason=00000001,4C2C8907,1177987079,ΙΩΝΙΚΟΣ BASKET,10,20,True
2019-20,A52FE45B,ΧΑΡΙΣ Νταρνέλ,ΗΠΑ,18,26.47,476.46,False,ESAKE country,False,https://www.esake.gr/el/action/EsakeStats?mode=2&idchampionship=49EEB365&idseason=00000001,098B68C2,60131266,ΛΑΡΙΣΑ,8,20,True
2019-20,202F6647,ΧΑΡΙΣ Ραμόν,ΗΠΑ,19,27.21,516.99,False,ESAKE country,False,https://www.esake.gr/el/action/EsakeStats?mode=2&idchampionship=49EEB365&idseason=00000001,0000000E,00000014,ΡΕΘΥΜΝΟ CRETAN KINGS,11,19,True
2019-20,00000685,ΧΑΡΙΤΟΠΟΥΛΟΣ Δημήτρης,ΕΛΛΑΔΑ,16,14.78,236.48,True,ESAKE country,False,https://www.esake.gr/el/action/EsakeStats?mode=2&idchampionship=49EEB365&idseason=00000001,EC35D4E7,232016409,ΗΦΑΙΣΤΟΣ ΛΗΜΝΟΥ,5,20,False
2019-20,01616F43,ΧΑΤΖΗΚΥΡΙΑΚΙΔΗΣ Δημήτρης,ΕΛΛΑΔΑ,0,0.0,0.0,True,ESAKE country,False,https://www.esake.gr/el/action/EsakeStats?mode=2&idchampionship=49EEB365&idseason=00000001,EC35D4E7,232016409,ΗΦΑΙΣΤΟΣ ΛΗΜΝΟΥ,5,20,False
2019-20,19474713,ΧΑΤΖΗΚΥΡΙΑΚΟΣ Γιώργος,ΕΛΛΑΔΑ,2,2.39,4.78,True,ESAKE country,False,https://www.esake.gr/el/action/EsakeStats?mode=2&idchampionship=49EEB365&idseason=00000001,4C2C8907,1177987079,ΙΩΝΙΚΟΣ BASKET,10,20,True
2019-20,1B250824,ΧΑΤΖΗΝΙΚΟΛΑΣ Γιάννης,ΕΛΛΑΔΑ,12,2.8,33.6,True,ESAKE country,False,https://www.esake.gr/el/action/EsakeStats?mode=2&idchampionship=49EEB365&idseason=00000001,0000000C,00000012,ΠΑΟΚ,14,20,True
2019-20,000006FC,ΧΑΤΣΕΡ Γουίλιαμ,ΗΠΑ,20,22.91,458.2,False,ESAKE country,False,https://www.esake.gr/el/action/EsakeStats?mode=2&idchampionship=49EEB365&idseason=00000001,0000000D,00000013,ΠΕΡΙΣΤΕΡΙ Betsson,3,20,False
2019-20,8E0CE74C,ΧΕΙΛΑΡΗΣ Δημήτριος,ΕΛΛΑΔΑ,17,8.35,141.95,True,ESAKE country,False,https://www.esake.gr/el/action/EsakeStats?mode=2&idchampionship=49EEB365&idseason=00000001,098B68C2,60131266,ΛΑΡΙΣΑ,8,20,True
2019-20,EBEE9959,ΧΙΚΙ Άντονι,ΗΠΑ,13,27.0,351.0,False,ESAKE country,False,https://www.esake.gr/el/action/EsakeStats?mode=2&idchampionship=49EEB365&idseason=00000001,098B68C2,60131266,ΛΑΡΙΣΑ,8,20,True
2019-20,899F2E06,ΧΟΛ Λάνγκστον,ΗΠΑ,13,23.97,311.61,False,ESAKE country,False,https://www.esake.gr/el/action/EsakeStats?mode=2&idchampionship=49EEB365&idseason=00000001,2A25C696,607118742,ΠΡΟΜΗΘΕΑΣ ΠΑΤΡΑΣ ΒΙΚΟΣ COLA,4,19,False
2019-20,37EA6452,ΧΟΤΟΝ Ντέιβιντ,ΗΠΑ,19,14.58,277.02,False,ESAKE country,False,https://www.esake.gr/el/action/EsakeStats?mode=2&idchampionship=49EEB365&idseason=00000001,0000000E,00000014,ΡΕΘΥΜΝΟ CRETAN KINGS,11,19,True
2019-20,BBF3312A,ΧΡΙΣΤΟΔΟΥΛΟΥ Ανδρέας,ΕΛΛΑΔΑ,19,22.78,432.82,True,ESAKE country,False,https://www.esake.gr/el/action/EsakeStats?mode=2&idchampionship=49EEB365&idseason=00000001,0000000E,00000014,ΡΕΘΥΜΝΟ CRETAN KINGS,11,19,True
2019-20,000006BD,ΧΡΥΣΙΚΟΠΟΥΛΟΣ Λίνος,ΕΛΛΑΔΑ,20,18.82,376.4,True,ESAKE country,False,https://www.esake.gr/el/action/EsakeStats?mode=2&idchampionship=49EEB365&idseason=00000001,00000010,00000016,ΑΕΚ,2,20,False
2020-21,00000007,ΑΓΓΕΛΑΚΟΣ Αλέξανδρος,ΕΛΛΑΔΑ,6,6.93,41.58,True,ESAKE country,False,https://www.esake.gr/el/action/EsakeStats?mode=2&idchampionship=03FFA3AC&idseason=00000001,0000000A,00000010,ΚΟΛΟΣΣΟΣ H HOTELS COLLECTION,7,22,True
2020-21,E80EE1C7,ΑΓΚΜΠΕΛΙΣ Ντάνι,ΗΠΑ,22,17.57,386.54,False,ESAKE country,False,https://www.esake.gr/el/action/EsakeStats?mode=2&idchampionship=03FFA3AC&idseason=00000001,2A25C696,607118742,ΠΡΟΜΗΘΕΑΣ ΠΑΤΡΑΣ ΒΙΚΟΣ COLA,3,22,False
2020-21,2BBFE416,ΑΓΡΑΒΑΝΗΣ Γιάννης,ΕΛΛΑΔΑ,24,19.43,466.32,True,ESAKE country,False,https://www.esake.gr/el/action/EsakeStats?mode=2&idchampionship=03FFA3AC&idseason=00000001,2A25C696,607118742,ΠΡΟΜΗΘΕΑΣ ΠΑΤΡΑΣ ΒΙΚΟΣ COLA,3,22,False
2020-21,0000000F,ΑΓΡΑΒΑΝΗΣ Δημήτρης,ΕΛΛΑΔΑ,21,25.82,542.22,True,ESAKE country,False,https://www.esake.gr/el/action/EsakeStats?mode=2&idchampionship=03FFA3AC&idseason=00000001,2A25C696,607118742,ΠΡΟΜΗΘΕΑΣ ΠΑΤΡΑΣ ΒΙΚΟΣ COLA,3,22,False
2020-21,00000013,ΑΘΗΝΑΙΟΥ Γιάννης,ΕΛΛΑΔΑ,23,18.85,433.55,True,ESAKE country,False,https://www.esake.gr/el/action/EsakeStats?mode=2&idchampionship=03FFA3AC&idseason=00000001,2A25C696,607118742,ΠΡΟΜΗΘΕΑΣ ΠΑΤΡΑΣ ΒΙΚΟΣ COLA,3,22,False
2020-21,3371D4DB,ΑΛΣΤΟΝ Σιζ,ΗΠΑ,5,12.68,63.4,False,ESAKE country,False,https://www.esake.gr/el/action/EsakeStats?mode=2&idchampionship=03FFA3AC&idseason=00000001,F7D46144,37076412,ΛΑΥΡΙΟ DHI,2,22,False
2020-21,5852D64E,ΑΜΑΡΝΤΙ Ρίτσαρντ,ΗΠΑ,12,19.03,228.36,False,ESAKE country,False,https://www.esake.gr/el/action/EsakeStats?mode=2&idchampionship=03FFA3AC&idseason=00000001,46130127,1075650599,ΜΕΣΟΛΟΓΓΙ BAXI,12,22,True
2020-21,C47214D9,ΑΝΟΣΙΚΕ Ο. ΝΤ.,ΗΠΑ,10,19.18,191.8,False,ESAKE country,False,https://www.esake.gr/el/action/EsakeStats?mode=2&idchampionship=03FFA3AC&idseason=00000001,F7D46144,37076412,ΛΑΥΡΙΟ DHI,2,22,False
2020-21,3A1547E4,ΑΝΤΡΙΤΣ Μιχάιλο,ΣΕΡΒΙΑ,18,31.05,558.9,False,ESAKE country,False,https://www.esake.gr/el/action/EsakeStats?mode=2&idchampionship=03FFA3AC&idseason=00000001,0000000A,00000010,ΚΟΛΟΣΣΟΣ H HOTELS COLLECTION,7,22,True
2020-21,C394DBB2,ΑΡΛΕΤΖ Τζον,ΗΠΑ,4,11.8,47.2,False,ESAKE country,False,https://www.esake.gr/el/action/EsakeStats?mode=2&idchampionship=03FFA3AC&idseason=00000001,0000000D,00000013,ΠΕΡΙΣΤΕΡΙ Betsson,6,22,False
2020-21,6BC4B84C,ΑΡΣΕΝΟΠΟΥΛΟΣ Νίκος,ΕΛΛΑΔΑ,10,3.01,30.1,True,ESAKE country,False,https://www.esake.gr/el/action/EsakeStats?mode=2&idchampionship=03FFA3AC&idseason=00000001,0000000A,00000010,ΚΟΛΟΣΣΟΣ H HOTELS COLLECTION,7,22,True
2020-21,3733976B,ΑΡΤΙΣ Ντομινίκ,ΗΠΑ,22,31.29,688.38,False,ESAKE country,False,https://www.esake.gr/el/action/EsakeStats?mode=2&idchampionship=03FFA3AC&idseason=00000001,0000000A,00000010,ΚΟΛΟΣΣΟΣ H HOTELS COLLECTION,7,22,True
2020-21,40618341,ΒΑΣΙΛΕΙΟΥ Νίκος,ΕΛΛΑΔΑ,1,2.13,2.13,True,ESAKE country,False,https://www.esake.gr/el/action/EsakeStats?mode=2&idchampionship=03FFA3AC&idseason=00000001,2A25C696,607118742,ΠΡΟΜΗΘΕΑΣ ΠΑΤΡΑΣ ΒΙΚΟΣ COLA,3,22,False
2020-21,00000065,ΒΑΣΙΛΟΠΟΥΛΟΣ Παναγιώτης,ΕΛΛΑΔΑ,18,23.59,424.62,True,ESAKE country,False,https://www.esake.gr/el/action/EsakeStats?mode=2&idchampionship=03FFA3AC&idseason=00000001,0000000D,00000013,ΠΕΡΙΣΤΕΡΙ Betsson,6,22,False
2020-21,0000006B,ΒΕΡΓΙΝΗΣ Δημήτρης,ΕΛΛΑΔΑ,19,13.91,264.29,True,ESAKE country,False,https://www.esake.gr/el/action/EsakeStats?mode=2&idchampionship=03FFA3AC&idseason=00000001,00000011,00000017,ΗΡΑΚΛΗΣ,10,22,True
2020-21,542556D0,ΒΗΣΣΑΡΙΟΥ Τηλέμαχος,ΕΛΛΑΔΑ,4,0.89,3.56,True,ESAKE country,False,https://www.esake.gr/el/action/EsakeStats?mode=2&idchampionship=03FFA3AC&idseason=00000001,0000000D,00000013,ΠΕΡΙΣΤΕΡΙ Betsson,6,22,False
2020-21,000006E9,ΒΛΑΧΟΣ Λάμπρος,ΕΛΛΑΔΑ,10,0.37,3.7,True,ESAKE country,False,https://www.esake.gr/el/action/EsakeStats?mode=2&idchampionship=03FFA3AC&idseason=00000001,4C2C8907,1177987079,ΙΩΝΙΚΟΣ BASKET,8,22,True
2020-21,0000007A,ΒΟΥΓΙΟΥΚΑΣ Ίαν,ΕΛΛΑΔΑ,8,8.9,71.2,True,ESAKE country,False,https://www.esake.gr/el/action/EsakeStats?mode=2&idchampionship=03FFA3AC&idseason=00000001,00000001,00000001,ΠΑΝΑΘΗΝΑΪΚΟΣ AKTOR,1,22,False
2020-21,F0A66983,ΒΟΥΛΓΑΡΟΠΟΥΛΟΣ Στράτος,ΕΛΛΑΔΑ,15,6.27,94.05,True,ESAKE country,False,https://www.esake.gr/el/action/EsakeStats?mode=2&idchampionship=03FFA3AC&idseason=00000001,F7D46144,37076412,ΛΑΥΡΙΟ DHI,2,22,False
2020-21,00000738,ΓΕΡΟΜΙΧΑΛΟΣ Πέτρος,ΕΛΛΑΔΑ,20,20.92,418.4,True,ESAKE country,False,https://www.esake.gr/el/action/EsakeStats?mode=2&idchampionship=03FFA3AC&idseason=00000001,F7D46144,37076412,ΛΑΥΡΙΟ DHI,2,22,False
2020-21,0000008E,ΓΕΩΡΓΑΚΗΣ Γιώργος,ΕΛΛΑΔΑ,5,6.02,30.1,True,ESAKE country,False,https://www.esake.gr/el/action/EsakeStats?mode=2&idchampionship=03FFA3AC&idseason=00000001,00000005,00000005,ΑΡΗΣ,9,22,True
2020-21,C02B76F9,ΓΕΩΡΓΑΛΑΣ Φώτης,ΕΛΛΑΔΑ,5,2.11,10.55,True,ESAKE country,False,https://www.esake.gr/el/action/EsakeStats?mode=2&idchampionship=03FFA3AC&idseason=00000001,00000011,00000017,ΗΡΑΚΛΗΣ,10,22,True
2020-21,0000009B,ΓΙΑΝΚΟΒΙΤΣ Βλαδίμηρος,ΕΛΛΑΔΑ,14,17.34,242.76,True,ESAKE country,False,https://www.esake.gr/el/action/EsakeStats?mode=2&idchampionship=03FFA3AC&idseason=00000001,00000010,00000016,ΑΕΚ,4,22,False
2020-21,000000A4,ΓΙΑΝΝΟΠΟΥΛΟΣ Χάρης,ΕΛΛΑΔΑ,15,27.72,415.8,True,ESAKE country,False,https://www.esake.gr/el/action/EsakeStats?mode=2&idchampionship=03FFA3AC&idseason=00000001,2A25C696,607118742,ΠΡΟΜΗΘΕΑΣ ΠΑΤΡΑΣ ΒΙΚΟΣ COLA,3,22,False
2020-21,7DCB80E5,ΓΙΑΤΡΟΥΔΗΣ Βασίλης,ΕΛΛΑΔΑ,0,0.0,0.0,True,ESAKE country,False,https://www.esake.gr/el/action/EsakeStats?mode=2&idchampionship=03FFA3AC&idseason=00000001,4C2C8907,1177987079,ΙΩΝΙΚΟΣ BASKET,8,22,True
2020-21,55FDDDDF,ΓΙΩΤΗΣ Μάριος,ΕΛΛΑΔΑ,5,2.05,10.25,True,ESAKE country,False,https://www.esake.gr/el/action/EsakeStats?mode=2&idchampionship=03FFA3AC&idseason=00000001,4C2C8907,1177987079,ΙΩΝΙΚΟΣ BASKET,8,22,True
2020-21,1DC69124,ΓΚΑΝΤΙ Αμπντούλ,ΗΠΑ,5,20.07,100.35,False,ESAKE country,False,https://www.esake.gr/el/action/EsakeStats?mode=2&idchampionship=03FFA3AC&idseason=00000001,0000000D,00000013,ΠΕΡΙΣΤΕΡΙ Betsson,6,22,False
2020-21,394C83CE,ΓΚΑΡΕΤ Ντιάντε,ΗΠΑ,4,17.64,70.56,False,ESAKE country,False,https://www.esake.gr/el/action/EsakeStats?mode=2&idchampionship=03FFA3AC&idseason=00000001,2A25C696,607118742,ΠΡΟΜΗΘΕΑΣ ΠΑΤΡΑΣ ΒΙΚΟΣ COLA,3,22,False
2020-21,CC57C559,ΓΚΙΚΑΣ Νίκος,ΕΛΛΑΔΑ,14,15.9,222.6,True,ESAKE country,False,https://www.esake.gr/el/action/EsakeStats?mode=2&idchampionship=03FFA3AC&idseason=00000001,00000010,00000016,ΑΕΚ,4,22,False
2020-21,E223062A,ΓΚΙΟΥΖΕΛΗΣ Γιώργος,ΕΛΛΑΔΑ,9,9.52,85.68,True,ESAKE country,False,https://www.esake.gr/el/action/EsakeStats?mode=2&idchampionship=03FFA3AC&idseason=00000001,00000011,00000017,ΗΡΑΚΛΗΣ,10,22,True
2020-21,15ABEE83,ΓΚΟΪΝΣ Κένι,ΗΠΑ,16,24.83,397.28,False,ESAKE country,False,https://www.esake.gr/el/action/EsakeStats?mode=2&idchampionship=03FFA3AC&idseason=00000001,0000000A,00000010,ΚΟΛΟΣΣΟΣ H HOTELS COLLECTION,7,22,True
2020-21,7A0CED3F,ΓΚΟΡΝΤΟΝ Ουέσλι,ΗΠΑ,15,20.73,310.95,False,ESAKE country,False,https://www.esake.gr/el/action/EsakeStats?mode=2&idchampionship=03FFA3AC&idseason=00000001,098B68C2,60131266,ΛΑΡΙΣΑ,11,22,True
2020-21,00B89222,ΓΚΟΤΣΕΡ Τόντρικ,ΗΠΑ,12,34.49,413.88,False,ESAKE country,False,https://www.esake.gr/el/action/EsakeStats?mode=2&idchampionship=03FFA3AC&idseason=00000001,46130127,1075650599,ΜΕΣΟΛΟΓΓΙ BAXI,12,22,True
2020-21,43EE38D6,ΓΚΟΥΝΤΓΟΥΪΝ Σακίλ,ΗΠΑ,6,21.91,131.46,False,ESAKE country,False,https://www.esake.gr/el/action/EsakeStats?mode=2&idchampionship=03FFA3AC&idseason=00000001,098B68C2,60131266,ΛΑΡΙΣΑ,11,22,True
2020-21,A7B058DE,ΓΚΟΥΤΙΕΡΕΣ Χόρχε,ΜΕΞΙΚΟ,11,18.88,207.68,False,ESAKE country,False,https://www.esake.gr/el/action/EsakeStats?mode=2&idchampionship=03FFA3AC&idseason=00000001,0000000D,00000013,ΠΕΡΙΣΤΕΡΙ Betsson,6,22,False
2020-21,C08B90D8,ΓΚΡΑΝΤ Τζεράι,ΗΠΑ,18,22.35,402.3,False,ESAKE country,False,https://www.esake.gr/el/action/EsakeStats?mode=2&idchampionship=03FFA3AC&idseason=00000001,2A25C696,607118742,ΠΡΟΜΗΘΕΑΣ ΠΑΤΡΑΣ ΒΙΚΟΣ COLA,3,22,False
2020-21,7D3E4D77,ΓΚΡΑΝΤ Τζέριαν,ΗΠΑ,17,33.2,564.4,False,ESAKE country,False,https://www.esake.gr/el/action/EsakeStats?mode=2&idchampionship=03FFA3AC&idseason=00000001,2A25C696,607118742,ΠΡΟΜΗΘΕΑΣ ΠΑΤΡΑΣ ΒΙΚΟΣ COLA,3,22,False
2020-21,673606D7,ΓΚΡΕΪ Στίβεν,ΗΠΑ,10,29.73,297.3,False,ESAKE country,False,https://www.esake.gr/el/action/EsakeStats?mode=2&idchampionship=03FFA3AC&idseason=00000001,0000000D,00000013,ΠΕΡΙΣΤΕΡΙ Betsson,6,22,False
2020-21,2FFDB911,ΓΚΡΙΝ Ντεβόντε,ΗΠΑ,9,26.8,241.2,False,ESAKE country,False,https://www.esake.gr/el/action/EsakeStats?mode=2&idchampionship=03FFA3AC&idseason=00000001,46130127,1075650599,ΜΕΣΟΛΟΓΓΙ BAXI,12,22,True
2020-21,8AEBB15C,ΓΚΡΙΦΙΝ Μάλκολμ,ΗΠΑ,22,26.25,577.5,False,ESAKE country,False,https://www.esake.gr/el/action/EsakeStats?mode=2&idchampionship=03FFA3AC&idseason=00000001,0000000C,00000012,ΠΑΟΚ,5,22,False
2020-21,E02706AA,ΓΟΝΤΙΚΑΣ Κωνσταντίνος,ΕΛΛΑΔΑ,7,5.57,38.99,True,ESAKE country,False,https://www.esake.gr/el/action/EsakeStats?mode=2&idchampionship=03FFA3AC&idseason=00000001,00000010,00000016,ΑΕΚ,4,22,False
2020-21,AE7CABAA,ΓΟΥΑΪΤ Άαρον,ΗΠΑ,20,16.23,324.6,False,ESAKE country,False,https://www.esake.gr/el/action/EsakeStats?mode=2&idchampionship=03FFA3AC&idseason=00000001,00000001,00000001,ΠΑΝΑΘΗΝΑΪΚΟΣ AKTOR,1,22,False
2020-21,C9A3A104,ΓΟΥΕΜΠ Τζέιμς,ΗΠΑ,12,33.6,403.2,False,ESAKE country,False,https://www.esake.gr/el/action/EsakeStats?mode=2&idchampionship=03FFA3AC&idseason=00000001,098B68C2,60131266,ΛΑΡΙΣΑ,11,22,True
2020-21,36335531,ΓΟΥΝΤΑΡΝΤ Τζέιμς,ΗΠΑ,7,15.39,107.73,False,ESAKE country,False,https://www.esake.gr/el/action/EsakeStats?mode=2&idchampionship=03FFA3AC&idseason=00000001,0000000D,00000013,ΠΕΡΙΣΤΕΡΙ Betsson,6,22,False
2020-21,34C59DBC,ΓΟΥΟΣΠΑΝ Ουέσλι-Λαμάρ,ΗΠΑ,9,27.56,248.04,False,ESAKE country,False,https://www.esake.gr/el/action/EsakeStats?mode=2&idchampionship=03FFA3AC&idseason=00000001,098B68C2,60131266,ΛΑΡΙΣΑ,11,22,True
2020-21,A3457116,ΓΟΥΟΤΣΟΝ Γκλιν,ΗΠΑ,8,19.95,159.6,False,ESAKE country,False,https://www.esake.gr/el/action/EsakeStats?mode=2&idchampionship=03FFA3AC&idseason=00000001,0000000A,00000010,ΚΟΛΟΣΣΟΣ H HOTELS COLLECTION,7,22,True
2020-21,D7491EFB,ΓΡΑΒΑΣ Δημήτρης,ΕΛΛΑΔΑ,21,10.49,220.29,True,ESAKE country,False,https://www.esake.gr/el/action/EsakeStats?mode=2&idchampionship=03FFA3AC&idseason=00000001,46130127,1075650599,ΜΕΣΟΛΟΓΓΙ BAXI,12,22,True
2020-21,647ACEAC,ΔΙΠΛΑΡΟΣ Νίκος,ΕΛΛΑΔΑ,9,8.9,80.1,True,ESAKE country,False,https://www.esake.gr/el/action/EsakeStats?mode=2&idchampionship=03FFA3AC&idseason=00000001,00000001,00000001,ΠΑΝΑΘΗΝΑΪΚΟΣ AKTOR,1,22,False
2020-21,39526F11,ΕΒΑΝΣ Σον,ΗΠΑ,6,22.41,134.46,False,ESAKE country,False,https://www.esake.gr/el/action/EsakeStats?mode=2&idchampionship=03FFA3AC&idseason=00000001,F7D46144,37076412,ΛΑΥΡΙΟ DHI,2,22,False
2020-21,03001923,ΕΒΑΝΣ Τζαούν,ΗΠΑ,8,15.23,121.84,False,ESAKE country,False,https://www.esake.gr/el/action/EsakeStats?mode=2&idchampionship=03FFA3AC&idseason=00000001,2A25C696,607118742,ΠΡΟΜΗΘΕΑΣ ΠΑΤΡΑΣ ΒΙΚΟΣ COLA,3,22,False
2020-21,09067E71,ΕΛΜΟΡ Τζόν,ΗΠΑ,5,26.06,130.3,False,ESAKE country,False,https://www.esake.gr/el/action/EsakeStats?mode=2&idchampionship=03FFA3AC&idseason=00000001,4C2C8907,1177987079,ΙΩΝΙΚΟΣ BASKET,8,22,True
2020-21,92645B81,ΕΝΕΧΙΟΝΙΑ Όμπι,ΗΠΑ,11,22.54,247.94,False,ESAKE country,False,https://www.esake.gr/el/action/EsakeStats?mode=2&idchampionship=03FFA3AC&idseason=00000001,00000011,00000017,ΗΡΑΚΛΗΣ,10,22,True
2020-21,CCD3ABD1,ΕΡΜΕΙΔΗΣ Δημήτρης,ΕΛΛΑΔΑ,7,4.82,33.74,True,ESAKE country,False,https://www.esake.gr/el/action/EsakeStats?mode=2&idchampionship=03FFA3AC&idseason=00000001,F7D46144,37076412,ΛΑΥΡΙΟ DHI,2,22,False
2020-21,79510360,ΕΥΣΤΑΘΙΑΔΗΣ Γιάννης,ΕΛΛΑΔΑ,1,0.95,0.95,True,ESAKE country,False,https://www.esake.gr/el/action/EsakeStats?mode=2&idchampionship=03FFA3AC&idseason=00000001,0000000D,00000013,ΠΕΡΙΣΤΕΡΙ Betsson,6,22,False
2020-21,00000140,ΖΑΡΑΣ Θοδωρής,ΕΛΛΑΔΑ,22,25.0,550.0,True,ESAKE country,False,https://www.esake.gr/el/action/EsakeStats?mode=2&idchampionship=03FFA3AC&idseason=00000001,0000000A,00000010,ΚΟΛΟΣΣΟΣ H HOTELS COLLECTION,7,22,True
2020-21,85C578F2,ΖΕΪΣΛΟΦΤ Νικ,ΗΠΑ,5,21.13,105.65,False,ESAKE country,False,https://www.esake.gr/el/action/EsakeStats?mode=2&idchampionship=03FFA3AC&idseason=00000001,4C2C8907,1177987079,ΙΩΝΙΚΟΣ BASKET,8,22,True
2020-21,00000143,ΖΗΣΗΣ Νίκος,ΕΛΛΑΔΑ,15,21.95,329.25,True,ESAKE country,False,https://www.esake.gr/el/action/EsakeStats?mode=2&idchampionship=03FFA3AC&idseason=00000001,00000010,00000016,ΑΕΚ,4,22,False
2020-21,77C8FCA5,ΙΑΤΡΙΔΗΣ Κωνσταντίνος,ΕΛΛΑΔΑ,4,1.28,5.12,True,ESAKE country,False,https://www.esake.gr/el/action/EsakeStats?mode=2&idchampionship=03FFA3AC&idseason=00000001,0000000C,00000012,ΠΑΟΚ,5,22,False
2020-21,DCE381A1,ΙΜΠΑΝΚΣ Ντέιβιντ,ΗΠΑ,10,23.15,231.5,False,ESAKE country,False,https://www.esake.gr/el/action/EsakeStats?mode=2&idchampionship=03FFA3AC&idseason=00000001,00000011,00000017,ΗΡΑΚΛΗΣ,10,22,True
2020-21,00000167,ΚΑΒΒΑΔΑΣ Βασίλης,ΕΛΛΑΔΑ,18,26.71,480.78,True,ESAKE country,False,https://www.esake.gr/el/action/EsakeStats?mode=2&idchampionship=03FFA3AC&idseason=00000001,00000011,00000017,ΗΡΑΚΛΗΣ,10,22,True
2020-21,16AE30FC,ΚΑΚΛΑΜΑΝΑΚΗΣ Δημήτρης,ΕΛΛΑΔΑ,22,23.17,509.74,True,ESAKE country,False,https://www.esake.gr/el/action/EsakeStats?mode=2&idchampionship=03FFA3AC&idseason=00000001,0000000C,00000012,ΠΑΟΚ,5,22,False
2020-21,B9778770,ΚΑΛΑΪΤΖΑΚΗΣ Γιώργος,ΕΛΛΑΔΑ,11,12.5,137.5,True,ESAKE country,False,https://www.esake.gr/el/action/EsakeStats?mode=2&idchampionship=03FFA3AC&idseason=00000001,00000001,00000001,ΠΑΝΑΘΗΝΑΪΚΟΣ AKTOR,1,22,False
2020-21,00000177,ΚΑΛΑΪΤΖΙΔΗΣ Δημήτρης,ΕΛΛΑΔΑ,12,7.28,87.36,True,ESAKE country,False,https://www.esake.gr/el/action/EsakeStats?mode=2&idchampionship=03FFA3AC&idseason=00000001,00000005,00000005,ΑΡΗΣ,9,22,True
2020-21,398E7E70,ΚΑΛΛΙΑΚΟΥΔΑΣ Δημήτρης,ΕΛΛΑΔΑ,0,0.0,0.0,True,ESAKE country,False,https://www.esake.gr/el/action/EsakeStats?mode=2&idchampionship=03FFA3AC&idseason=00000001,2A25C696,607118742,ΠΡΟΜΗΘΕΑΣ ΠΑΤΡΑΣ ΒΙΚΟΣ COLA,3,22,False
2020-21,7AE4574C,ΚΑΜΑΡΑΣ Νίκος,ΕΛΛΑΔΑ,13,3.65,47.45,True,ESAKE country,False,https://www.esake.gr/el/action/EsakeStats?mode=2&idchampionship=03FFA3AC&idseason=00000001,098B68C2,60131266,ΛΑΡΙΣΑ,11,22,True
2020-21,3F8AE0E4,ΚΑΜΑΡΙΑΝΟΣ Νικόλαος,ΕΛΛΑΔΑ,18,4.47,80.46,True,ESAKE country,False,https://www.esake.gr/el/action/EsakeStats?mode=2&idchampionship=03FFA3AC&idseason=00000001,0000000A,00000010,ΚΟΛΟΣΣΟΣ H HOTELS COLLECTION,7,22,True
2020-21,5099E231,ΚΑΜΠΕΡΙΔΗΣ Γιώργος,ΕΛΛΑΔΑ,22,12.18,267.96,True,ESAKE country,False,https://www.esake.gr/el/action/EsakeStats?mode=2&idchampionship=03FFA3AC&idseason=00000001,0000000C,00000012,ΠΑΟΚ,5,22,False
2020-21,E42E0A16,ΚΑΜΠΕΡΙΔΗΣ Μιχάλης,ΕΛΛΑΔΑ,19,12.26,232.94,True,ESAKE country,False,https://www.esake.gr/el/action/EsakeStats?mode=2&idchampionship=03FFA3AC&idseason=00000001,098B68C2,60131266,ΛΑΡΙΣΑ,11,22,True
2020-21,C78FA124,ΚΑΝΑΒΟΣ Γιάννης,ΕΛΛΑΔΑ,0,0.0,0.0,True,ESAKE country,False,https://www.esake.gr/el/action/EsakeStats?mode=2&idchampionship=03FFA3AC&idseason=00000001,2A25C696,607118742,ΠΡΟΜΗΘΕΑΣ ΠΑΤΡΑΣ ΒΙΚΟΣ COLA,3,22,False
2020-21,65D270EC,ΚΑΝΤΕΡ Κερέμ,ΤΟΥΡΚΙΑ,22,29.04,638.88,False,ESAKE country,False,https://www.esake.gr/el/action/EsakeStats?mode=2&idchampionship=03FFA3AC&idseason=00000001,0000000A,00000010,ΚΟΛΟΣΣΟΣ H HOTELS COLLECTION,7,22,True
2020-21,9B0B82A0,ΚΑΡΑΓΙΑΝΝΙΔΗΣ Αντώνης,ΕΛΛΑΔΑ,2,0.88,1.76,True,ESAKE country,False,https://www.esake.gr/el/action/EsakeStats?mode=2&idchampionship=03FFA3AC&idseason=00000001,0000000C,00000012,ΠΑΟΚ,5,22,False
2020-21,B91AE9D3,ΚΑΡΑΜΠΕΛΑΣ Ζώης,ΕΛΛΑΔΑ,15,10.66,159.9,True,ESAKE country,False,https://www.esake.gr/el/action/EsakeStats?mode=2&idchampionship=03FFA3AC&idseason=00000001,0000000D,00000013,ΠΕΡΙΣΤΕΡΙ Betsson,6,22,False
2020-21,6CE8EC18,ΚΑΡΤΕΡ Τάισον,ΗΠΑ,22,26.27,577.94,False,ESAKE country,False,https://www.esake.gr/el/action/EsakeStats?mode=2&idchampionship=03FFA3AC&idseason=00000001,F7D46144,37076412,ΛΑΥΡΙΟ DHI,2,22,False
2020-21,885A0BA0,ΚΑΡΤΕΡ Τζος,ΗΠΑ,9,21.23,191.07,False,ESAKE country,False,https://www.esake.gr/el/action/EsakeStats?mode=2&idchampionship=03FFA3AC&idseason=00000001,0000000C,00000012,ΠΑΟΚ,5,22,False
2020-21,000001AD,ΚΑΣΕΛΑΚΗΣ Λεωνίδας,ΕΛΛΑΔΑ,21,14.02,294.42,True,ESAKE country,False,https://www.esake.gr/el/action/EsakeStats?mode=2&idchampionship=03FFA3AC&idseason=00000001,00000001,00000001,ΠΑΝΑΘΗΝΑΪΚΟΣ AKTOR,1,22,False
2020-21,000001BC,ΚΑΤΣΙΒΕΛΗΣ Δημήτρης,ΕΛΛΑΔΑ,16,17.04,272.64,True,ESAKE country,False,https://www.esake.gr/el/action/EsakeStats?mode=2&idchampionship=03FFA3AC&idseason=00000001,00000010,00000016,ΑΕΚ,4,22,False
2020-21,363F8335,ΚΟΖΙ Γκλεν,ΗΠΑ,19,24.22,460.18,False,ESAKE country,False,https://www.esake.gr/el/action/EsakeStats?mode=2&idchampionship=03FFA3AC&idseason=00000001,F7D46144,37076412,ΛΑΥΡΙΟ DHI,2,22,False
2020-21,9F8CF4C7,ΚΟΛΙΟΣ Λεωνίδας,ΕΛΛΑΔΑ,0,0.0,0.0,True,ESAKE country,False,https://www.esake.gr/el/action/EsakeStats?mode=2&idchampionship=03FFA3AC&idseason=00000001,2A25C696,607118742,ΠΡΟΜΗΘΕΑΣ ΠΑΤΡΑΣ ΒΙΚΟΣ COLA,3,22,False
2020-21,15CE6FEF,ΚΟΝΑΤΕ Σαγκάμπα,ΜΑΛΙ,18,15.15,272.7,False,ESAKE country,False,https://www.esake.gr/el/action/EsakeStats?mode=2&idchampionship=03FFA3AC&idseason=00000001,0000000C,00000012,ΠΑΟΚ,5,22,False
2020-21,CF580EB7,ΚΟΝΙΑΡΗΣ Αντώνης,ΕΛΛΑΔΑ,3,13.11,39.33,True,ESAKE country,False,https://www.esake.gr/el/action/EsakeStats?mode=2&idchampionship=03FFA3AC&idseason=00000001,4C2C8907,1177987079,ΙΩΝΙΚΟΣ BASKET,8,22,True
2020-21,4C0E5F4B,ΚΟΥΖΕΛΟΓΛΟΥ Γιάννης,ΕΛΛΑΔΑ,21,22.89,480.69,True,ESAKE country,False,https://www.esake.gr/el/action/EsakeStats?mode=2&idchampionship=03FFA3AC&idseason=00000001,00000005,00000005,ΑΡΗΣ,9,22,True
2020-21,3370ED0C,ΚΟΥΡΕΠΗΣ Ηλίας,ΕΛΛΑΔΑ,0,0.0,0.0,True,ESAKE country,False,https://www.esake.gr/el/action/EsakeStats?mode=2&idchampionship=03FFA3AC&idseason=00000001,2A25C696,607118742,ΠΡΟΜΗΘΕΑΣ ΠΑΤΡΑΣ ΒΙΚΟΣ COLA,3,22,False
2020-21,21C5ED0D,ΚΟΥΡΟΥΠΑΚΗΣ Περικλής,ΕΛΛΑΔΑ,3,1.83,5.49,True,ESAKE country,False,https://www.esake.gr/el/action/EsakeStats?mode=2&idchampionship=03FFA3AC&idseason=00000001,2A25C696,607118742,ΠΡΟΜΗΘΕΑΣ ΠΑΤΡΑΣ ΒΙΚΟΣ COLA,3,22,False
2020-21,00FB1D9F,ΚΡΟΚΕΤ Τζέι,ΗΠΑ,12,15.29,183.48,False,ESAKE country,False,https://www.esake.gr/el/action/EsakeStats?mode=2&idchampionship=03FFA3AC&idseason=00000001,0000000D,00000013,ΠΕΡΙΣΤΕΡΙ Betsson,6,22,False
2020-21,4E52E6AB,ΚΩΣΤΟΠΟΥΛΟΣ Χρήστος,ΕΛΛΑΔΑ,0,0.0,0.0,True,ESAKE country,False,https://www.esake.gr/el/action/EsakeStats?mode=2&idchampionship=03FFA3AC&idseason=00000001,F7D46144,37076412,ΛΑΥΡΙΟ DHI,2,22,False
2020-21,0000073F,ΚΩΤΤΑΣ Θωμάς,ΕΛΛΑΔΑ,21,11.57,242.97,True,ESAKE country,False,https://www.esake.gr/el/action/EsakeStats?mode=2&idchampionship=03FFA3AC&idseason=00000001,098B68C2,60131266,ΛΑΡΙΣΑ,11,22,True
2020-21,97F0888E,ΛΑΓΙΟΣ Αγγελος,ΕΛΛΑΔΑ,0,0.0,0.0,True,ESAKE country,False,https://www.esake.gr/el/action/EsakeStats?mode=2&idchampionship=03FFA3AC&idseason=00000001,2A25C696,607118742,ΠΡΟΜΗΘΕΑΣ ΠΑΤΡΑΣ ΒΙΚΟΣ COLA,3,22,False
2020-21,EC5216FB,ΛΑΪΛ Τζακουάν,ΗΠΑ,2,27.47,54.94,False,ESAKE country,False,https://www.esake.gr/el/action/EsakeStats?mode=2&idchampionship=03FFA3AC&idseason=00000001,0000000A,00000010,ΚΟΛΟΣΣΟΣ H HOTELS COLLECTION,7,22,True
2020-21,40F42CD4,ΛΑΪΟΝΣ Μαρκ,ΗΠΑ,7,29.54,206.78,False,ESAKE country,False,https://www.esake.gr/el/action/EsakeStats?mode=2&idchampionship=03FFA3AC&idseason=00000001,46130127,1075650599,ΜΕΣΟΛΟΓΓΙ BAXI,12,22,True
2020-21,000006C7,ΛΑΝΓΚΦΟΡΝΤ Κέβιν,ΗΠΑ,22,21.18,465.96,False,ESAKE country,False,https://www.esake.gr/el/action/EsakeStats?mode=2&idchampionship=03FFA3AC&idseason=00000001,46130127,1075650599,ΜΕΣΟΛΟΓΓΙ BAXI,12,22,True
2020-21,7A6A1B1D,ΛΑΝΓΚΦΟΡΝΤ Κιθ,ΗΠΑ,19,27.56,523.64,False,ESAKE country,False,https://www.esake.gr/el/action/EsakeStats?mode=2&idchampionship=03FFA3AC&idseason=00000001,00000010,00000016,ΑΕΚ,4,22,False
2020-21,4F22396B,ΛΕΓΚΙΚΑΣ Δημήτρης,ΕΛΛΑΔΑ,3,14.17,42.51,True,ESAKE country,False,https://www.esake.gr/el/action/EsakeStats?mode=2&idchampionship=03FFA3AC&idseason=00000001,F7D46144,37076412,ΛΑΥΡΙΟ DHI,2,22,False
2020-21,000006FD,ΛΙΑΠΗΣ Μιχάλης,ΕΛΛΑΔΑ,14,5.04,70.56,True,ESAKE country,False,https://www.esake.gr/el/action/EsakeStats?mode=2&idchampionship=03FFA3AC&idseason=00000001,0000000A,00000010,ΚΟΛΟΣΣΟΣ H HOTELS COLLECTION,7,22,True
2020-21,777538B2,ΛΙΤΛ Μάριο,ΗΠΑ,22,21.93,482.46,False,ESAKE country,False,https://www.esake.gr/el/action/EsakeStats?mode=2&idchampionship=03FFA3AC&idseason=00000001,00000005,00000005,ΑΡΗΣ,9,22,True
2020-21,D400B3A0,ΛΟΒ Ζερμέιν,ΗΠΑ,22,28.01,616.22,False,ESAKE country,False,https://www.esake.gr/el/action/EsakeStats?mode=2&idchampionship=03FFA3AC&idseason=00000001,0000000C,00000012,ΠΑΟΚ,5,22,False
2020-21,93F24648,ΛΟΡΕΝΣ Γιουτζίν,ΗΠΑ,15,27.76,416.4,False,ESAKE country,False,https://www.esake.gr/el/action/EsakeStats?mode=2&idchampionship=03FFA3AC&idseason=00000001,46130127,1075650599,ΜΕΣΟΛΟΓΓΙ BAXI,12,22,True
2020-21,7E196AB8,ΛΟΤΖΕΣΚΙ Ματ,ΒΕΛΓΙΟ,14,24.63,344.82,False,ESAKE country,False,https://www.esake.gr/el/action/EsakeStats?mode=2&idchampionship=03FFA3AC&idseason=00000001,00000010,00000016,ΑΕΚ,4,22,False
2020-21,2BB1AF1F,ΛΟΥΝΤΖΗΣ Μιχάλης,ΕΛΛΑΔΑ,20,22.3,446.0,True,ESAKE country,False,https://www.esake.gr/el/action/EsakeStats?mode=2&idchampionship=03FFA3AC&idseason=00000001,2A25C696,607118742,ΠΡΟΜΗΘΕΑΣ ΠΑΤΡΑΣ ΒΙΚΟΣ COLA,3,22,False
2020-21,2EA89CE4,ΜΑΘΙΣ Άντονι,ΗΠΑ,5,9.5,47.5,False,ESAKE country,False,https://www.esake.gr/el/action/EsakeStats?mode=2&idchampionship=03FFA3AC&idseason=00000001,46130127,1075650599,ΜΕΣΟΛΟΓΓΙ BAXI,12,22,True
2020-21,AB5A3D83,ΜΑΚ Σέλβιν,ΗΠΑ,18,20.68,372.24,False,ESAKE country,False,https://www.esake.gr/el/action/EsakeStats?mode=2&idchampionship=03FFA3AC&idseason=00000001,00000001,00000001,ΠΑΝΑΘΗΝΑΪΚΟΣ AKTOR,1,22,False
2020-21,CF35F71C,ΜΑΚΛΙΝ Τρε,ΗΠΑ,22,27.97,615.34,False,ESAKE country,False,https://www.esake.gr/el/action/EsakeStats?mode=2&idchampionship=03FFA3AC&idseason=00000001,0000000D,00000013,ΠΕΡΙΣΤΕΡΙ Betsson,6,22,False
2020-21,0000029C,ΜΑΝΤΖΑΡΗΣ Βαγγέλης,ΕΛΛΑΔΑ,13,25.61,332.93,True,ESAKE country,False,https://www.esake.gr/el/action/EsakeStats?mode=2&idchampionship=03FFA3AC&idseason=00000001,0000000D,00000013,ΠΕΡΙΣΤΕΡΙ Betsson,6,22,False
2020-21,24974100,ΜΑΝΤΖΟΥΚΑΣ Λευτέρης,ΕΛΛΑΔΑ,5,9.21,46.05,True,ESAKE country,False,https://www.esake.gr/el/action/EsakeStats?mode=2&idchampionship=03FFA3AC&idseason=00000001,00000001,00000001,ΠΑΝΑΘΗΝΑΪΚΟΣ AKTOR,1,22,False
2020-21,000002A8,ΜΑΡΓΑΡΙΤΗΣ Βαγγέλης,ΕΛΛΑΔΑ,20,14.29,285.8,True,ESAKE country,False,https://www.esake.gr/el/action/EsakeStats?mode=2&idchampionship=03FFA3AC&idseason=00000001,0000000C,00000012,ΠΑΟΚ,5,22,False
2020-21,FB81693B,ΜΑΣΤΡΟΓΙΑΝΝΟΠΟΥΛΟΣ Σαράντης,ΕΛΛΑΔΑ,15,10.65,159.75,True,ESAKE country,False,https://www.esake.gr/el/action/EsakeStats?mode=2&idchampionship=03FFA3AC&idseason=00000001,F7D46144,37076412,ΛΑΥΡΙΟ DHI,2,22,False
2020-21,00000701,ΜΑΤΣΙΟΥΛΙΣ Γιόνας,ΛΙΘΟΥΑΝΙΑ,20,23.78,475.6,False,ESAKE country,False,https://www.esake.gr/el/action/EsakeStats?mode=2&idchampionship=03FFA3AC&idseason=00000001,00000010,00000016,ΑΕΚ,4,22,False
2020-21,000002C6,ΜΑΥΡΟΕΙΔΗΣ Δημήτρης,ΕΛΛΑΔΑ,12,11.58,138.96,True,ESAKE country,False,https://www.esake.gr/el/action/EsakeStats?mode=2&idchampionship=03FFA3AC&idseason=00000001,00000010,00000016,ΑΕΚ,4,22,False
2020-21,000002C7,ΜΑΥΡΟΚΕΦΑΛΙΔΗΣ Λουκάς,ΕΛΛΑΔΑ,19,24.42,463.98,True,ESAKE country,False,https://www.esake.gr/el/action/EsakeStats?mode=2&idchampionship=03FFA3AC&idseason=00000001,4C2C8907,1177987079,ΙΩΝΙΚΟΣ BASKET,8,22,True
2020-21,22136494,ΜΕΪΚΟΝ Ντάριλ,ΗΠΑ,9,25.99,233.91,False,ESAKE country,False,https://www.esake.gr/el/action/EsakeStats?mode=2&idchampionship=03FFA3AC&idseason=00000001,00000010,00000016,ΑΕΚ,4,22,False
2020-21,7F6E6DE3,ΜΗΤΟΓΛΟΥ Κωνσταντίνος,ΕΛΛΑΔΑ,19,18.32,348.08,True,ESAKE country,False,https://www.esake.gr/el/action/EsakeStats?mode=2&idchampionship=03FFA3AC&idseason=00000001,00000001,00000001,ΠΑΝΑΘΗΝΑΪΚΟΣ AKTOR,1,22,False
2020-21,726D6513,ΜΗΤΡΟΥ-ΛΟΝΓΚ Ελάιζα,ΕΛΛΑΔΑ,13,14.35,186.55,True,ESAKE country,False,https://www.esake.gr/el/action/EsakeStats?mode=2&idchampionship=03FFA3AC&idseason=00000001,0000000C,00000012,ΠΑΟΚ,5,22,False
2020-21,62B50AD7,ΜΙΛΕΡ Ίαν,ΗΠΑ,12,23.71,284.52,False,ESAKE country,False,https://www.esake.gr/el/action/EsakeStats?mode=2&idchampionship=03FFA3AC&idseason=00000001,2A25C696,607118742,ΠΡΟΜΗΘΕΑΣ ΠΑΤΡΑΣ ΒΙΚΟΣ COLA,3,22,False
2020-21,9198D674,ΜΙΛΟΣΕΒΙΤΣ Μίλαν,ΒΟΣΝΙΑ,16,20.03,320.48,False,ESAKE country,False,https://www.esake.gr/el/action/EsakeStats?mode=2&idchampionship=03FFA3AC&idseason=00000001,00000005,00000005,ΑΡΗΣ,9,22,True
2020-21,FCBD1D31,ΜΟΟΥΖΕΣ Κίνγκσλεϊ,ΝΙΓΗΡΙΑ,17,16.74,284.58,False,ESAKE country,False,https://www.esake.gr/el/action/EsakeStats?mode=2&idchampionship=03FFA3AC&idseason=00000001,00000010,00000016,ΑΕΚ,4,22,False
2020-21,045020C4,ΜΟΡΕΪΡΑ Γιανίκ,ΑΝΓΚΟΛΑ,17,22.35,379.95,False,ESAKE country,False,https://www.esake.gr/el/action/EsakeStats?mode=2&idchampionship=03FFA3AC&idseason=00000001,00000010,00000016,ΑΕΚ,4,22,False
2020-21,9F1A538D,ΜΟΣΙΑΛΟΣ Γιώργος,ΕΛΛΑΔΑ,3,1.41,4.23,True,ESAKE country,False,https://www.esake.gr/el/action/EsakeStats?mode=2&idchampionship=03FFA3AC&idseason=00000001,098B68C2,60131266,ΛΑΡΙΣΑ,11,22,True
2020-21,00000305,ΜΟΤΣΕΝΙΓΟΣ Σπύρος,ΕΛΛΑΔΑ,22,13.13,288.86,True,ESAKE country,False,https://www.esake.gr/el/action/EsakeStats?mode=2&idchampionship=03FFA3AC&idseason=00000001,46130127,1075650599,ΜΕΣΟΛΟΓΓΙ BAXI,12,22,True
2020-21,5A39545C,ΜΟΥΡ Μάικλ,ΗΠΑ,12,19.25,231.0,False,ESAKE country,False,https://www.esake.gr/el/action/EsakeStats?mode=2&idchampionship=03FFA3AC&idseason=00000001,00000011,00000017,ΗΡΑΚΛΗΣ,10,22,True
2020-21,FED5F313,ΜΟΥΡΑΤΟΣ Βασίλης,ΕΛΛΑΔΑ,22,27.29,600.38,True,ESAKE country,False,https://www.esake.gr/el/action/EsakeStats?mode=2&idchampionship=03FFA3AC&idseason=00000001,F7D46144,37076412,ΛΑΥΡΙΟ DHI,2,22,False
2020-21,0000030E,ΜΟΥΡΤΟΣ Σπύρος,ΕΛΛΑΔΑ,22,19.36,425.92,True,ESAKE country,False,https://www.esake.gr/el/action/EsakeStats?mode=2&idchampionship=03FFA3AC&idseason=00000001,098B68C2,60131266,ΛΑΡΙΣΑ,11,22,True
2020-21,C190739A,ΜΟΥΣΤΑΦΑ Μουχαϊμίν,ΣΟΥΔΑΝ,17,17.38,295.46,False,ESAKE country,False,https://www.esake.gr/el/action/EsakeStats?mode=2&idchampionship=03FFA3AC&idseason=00000001,4C2C8907,1177987079,ΙΩΝΙΚΟΣ BASKET,8,22,True
2020-21,448AF744,ΜΠΑΖΙΝΑΣ Θανάσης,ΕΛΛΑΔΑ,5,6.62,33.1,True,ESAKE country,False,https://www.esake.gr/el/action/EsakeStats?mode=2&idchampionship=03FFA3AC&idseason=00000001,2A25C696,607118742,ΠΡΟΜΗΘΕΑΣ ΠΑΤΡΑΣ ΒΙΚΟΣ COLA,3,22,False
2020-21,0D317FC6,ΜΠΕΛ Ντέιβ,ΗΠΑ,0,0.0,0.0,False,ESAKE country,False,https://www.esake.gr/el/action/EsakeStats?mode=2&idchampionship=03FFA3AC&idseason=00000001,F7D46144,37076412,ΛΑΥΡΙΟ DHI,2,22,False
2020-21,5089F2DE,ΜΠΕΝΤΙΛ Μπεν,ΓΚΑΝΑ,20,15.76,315.2,False,ESAKE country,False,https://www.esake.gr/el/action/EsakeStats?mode=2&idchampionship=03FFA3AC&idseason=00000001,00000001,00000001,ΠΑΝΑΘΗΝΑΪΚΟΣ AKTOR,1,22,False
2020-21,651D664B,ΜΠΕΡΙ Ντέβιον,Η.Π.Α.,4,16.36,65.44,False,ESAKE country,False,https://www.esake.gr/el/action/EsakeStats?mode=2&idchampionship=03FFA3AC&idseason=00000001,098B68C2,60131266,ΛΑΡΙΣΑ,11,22,True
2020-21,ED874474,ΜΠΙΛΛΗΣ Σωτήρης,ΕΛΛΑΔΑ,19,9.95,189.05,True,ESAKE country,False,https://www.esake.gr/el/action/EsakeStats?mode=2&idchampionship=03FFA3AC&idseason=00000001,0000000A,00000010,ΚΟΛΟΣΣΟΣ H HOTELS COLLECTION,7,22,True
2020-21,38AEB056,ΜΠΙΤΣ Μπο,ΗΠΑ,22,19.22,422.84,False,ESAKE country,False,https://www.esake.gr/el/action/EsakeStats?mode=2&idchampionship=03FFA3AC&idseason=00000001,0000000C,00000012,ΠΑΟΚ,5,22,False
2020-21,4A072DDB,ΜΠΟΟΥΛΙΝ Σκάιλερ,ΗΠΑ,13,23.23,301.99,False,ESAKE country,False,https://www.esake.gr/el/action/EsakeStats?mode=2&idchampionship=03FFA3AC&idseason=00000001,00000011,00000017,ΗΡΑΚΛΗΣ,10,22,True
2020-21,00000379,ΜΠΟΥΡΟΥΣΗΣ Γιάννης,ΕΛΛΑΔΑ,9,14.08,126.72,True,ESAKE country,False,https://www.esake.gr/el/action/EsakeStats?mode=2&idchampionship=03FFA3AC&idseason=00000001,0000000D,00000013,ΠΕΡΙΣΤΕΡΙ Betsson,6,22,False
2020-21,0000037E,ΜΠΟΧΩΡΙΔΗΣ Ελευθέριος,ΕΛΛΑΔΑ,21,17.79,373.59,True,ESAKE country,False,https://www.esake.gr/el/action/EsakeStats?mode=2&idchampionship=03FFA3AC&idseason=00000001,00000001,00000001,ΠΑΝΑΘΗΝΑΪΚΟΣ AKTOR,1,22,False
2020-21,78FE322E,ΜΠΡΑΟΥΝ Κεν,ΗΠΑ,18,27.54,495.72,False,ESAKE country,False,https://www.esake.gr/el/action/EsakeStats?mode=2&idchampionship=03FFA3AC&idseason=00000001,098B68C2,60131266,ΛΑΡΙΣΑ,11,22,True
2020-21,B1496F92,ΜΠΡΑΟΥΝ Τσαντ,ΗΠΑ,10,27.86,278.6,False,ESAKE country,False,https://www.esake.gr/el/action/EsakeStats?mode=2&idchampionship=03FFA3AC&idseason=00000001,46130127,1075650599,ΜΕΣΟΛΟΓΓΙ BAXI,12,22,True
2020-21,9D30516E,ΜΠΡΕΪ Τι Τζέι,ΗΠΑ,3,29.54,88.62,False,ESAKE country,False,https://www.esake.gr/el/action/EsakeStats?mode=2&idchampionship=03FFA3AC&idseason=00000001,00000001,00000001,ΠΑΝΑΘΗΝΑΪΚΟΣ AKTOR,1,22,False
2020-21,E79B2944,ΜΩΡΑΪΤΗΣ Δημήτρης,ΕΛΛΑΔΑ,16,14.35,229.6,True,ESAKE country,False,https://www.esake.gr/el/action/EsakeStats?mode=2&idchampionship=03FFA3AC&idseason=00000001,00000010,00000016,ΑΕΚ,4,22,False
2020-21,6DE637C4,ΝΑΟΥΜΗΣ Σωκράτης,ΕΛΛΑΔΑ,19,5.27,100.13,True,ESAKE country,False,https://www.esake.gr/el/action/EsakeStats?mode=2&idchampionship=03FFA3AC&idseason=00000001,46130127,1075650599,ΜΕΣΟΛΟΓΓΙ BAXI,12,22,True
2020-21,73A58900,ΝΕΝΤΟΒΙΤΣ Νεμάνια,ΣΕΡΒΙΑ,10,21.16,211.6,False,ESAKE country,False,https://www.esake.gr/el/action/EsakeStats?mode=2&idchampionship=03FFA3AC&idseason=00000001,00000001,00000001,ΠΑΝΑΘΗΝΑΪΚΟΣ AKTOR,1,22,False
2020-21,14F5D6AF,ΝΕΤΖΗΠΟΓΛΟΥ Όμηρος,ΕΛΛΑΔΑ,3,19.17,57.51,True,ESAKE country,False,https://www.esake.gr/el/action/EsakeStats?mode=2&idchampionship=03FFA3AC&idseason=00000001,00000005,00000005,ΑΡΗΣ,9,22,True
2020-21,7F565FF0,ΝΤΑΝΙΕΛ Εντουαρντ,ΗΠΑ,11,13.19,145.09,False,ESAKE country,False,https://www.esake.gr/el/action/EsakeStats?mode=2&idchampionship=03FFA3AC&idseason=00000001,00000011,00000017,ΗΡΑΚΛΗΣ,10,22,True
2020-21,A62D33AE,ΝΤΕΪΒΙΣ Εϊ Τζέι,ΗΠΑ,9,13.16,118.44,False,ESAKE country,False,https://www.esake.gr/el/action/EsakeStats?mode=2&idchampionship=03FFA3AC&idseason=00000001,46130127,1075650599,ΜΕΣΟΛΟΓΓΙ BAXI,12,22,True
2020-21,BCAE1788,ΝΤΕΪΒΙΣ Ντέβιν,ΗΠΑ,22,22.91,504.02,False,ESAKE country,False,https://www.esake.gr/el/action/EsakeStats?mode=2&idchampionship=03FFA3AC&idseason=00000001,F7D46144,37076412,ΛΑΥΡΙΟ DHI,2,22,False
2020-21,3B43DE28,ΝΤΕΚΟΖΙ Κουέντον,ΗΠΑ,20,24.02,480.4,False,ESAKE country,False,https://www.esake.gr/el/action/EsakeStats?mode=2&idchampionship=03FFA3AC&idseason=00000001,00000005,00000005,ΑΡΗΣ,9,22,True
2020-21,D1C028C2,ΝΤΙΑΛΟ Άλφα,ΗΠΑ,22,28.57,628.54,False,ESAKE country,False,https://www.esake.gr/el/action/EsakeStats?mode=2&idchampionship=03FFA3AC&idseason=00000001,F7D46144,37076412,ΛΑΥΡΙΟ DHI,2,22,False
2020-21,D0124272,ΝΤΡΑΓΚΙΣΕΒΙΤΣ Βλάντιμιρ,ΜΑΥΡΟΒΟΥΝΙΟ,16,20.55,328.8,False,ESAKE country,False,https://www.esake.gr/el/action/EsakeStats?mode=2&idchampionship=03FFA3AC&idseason=00000001,00000005,00000005,ΑΡΗΣ,9,22,True
2020-21,EC02D637,ΝΤΡΑΓΚΟΒΙΤΣ Νικόλα,ΣΕΡΒΙΑ,1,13.08,13.08,False,ESAKE country,False,https://www.esake.gr/el/action/EsakeStats?mode=2&idchampionship=03FFA3AC&idseason=00000001,0000000A,00000010,ΚΟΛΟΣΣΟΣ H HOTELS COLLECTION,7,22,True
2020-21,000003F5,ΞΑΝΘΟΠΟΥΛΟΣ Βασίλης,ΕΛΛΑΔΑ,22,27.48,604.56,True,ESAKE country,False,https://www.esake.gr/el/action/EsakeStats?mode=2&idchampionship=03FFA3AC&idseason=00000001,0000000A,00000010,ΚΟΛΟΣΣΟΣ H HOTELS COLLECTION,7,22,True
2020-21,2744317D,ΟΓΚΑΣΤ Ζακ,ΕΛΛΑΔΑ,16,11.65,186.4,True,ESAKE country,False,https://www.esake.gr/el/action/EsakeStats?mode=2&idchampionship=03FFA3AC&idseason=00000001,00000001,00000001,ΠΑΝΑΘΗΝΑΪΚΟΣ AKTOR,1,22,False
2020-21,709CDBEB,ΟΣΤΟΪΤΣ Ντανίλο,ΣΕΡΒΙΑ,3,10.68,32.04,False,ESAKE country,False,https://www.esake.gr/el/action/EsakeStats?mode=2&idchampionship=03FFA3AC&idseason=00000001,46130127,1075650599,ΜΕΣΟΛΟΓΓΙ BAXI,12,22,True
2020-21,D98A0DB4,ΟΥΑΣΙΝΓΚΤΟΝ Ντεβόν,ΗΠΑ,9,23.54,211.86,False,ESAKE country,False,https://www.esake.gr/el/action/EsakeStats?mode=2&idchampionship=03FFA3AC&idseason=00000001,098B68C2,60131266,ΛΑΡΙΣΑ,11,22,True
2020-21,00000451,ΠΑΠΑΓΙΑΝΝΗΣ Γιώργος,ΕΛΛΑΔΑ,21,20.37,427.77,True,ESAKE country,False,https://www.esake.gr/el/action/EsakeStats?mode=2&idchampionship=03FFA3AC&idseason=00000001,00000001,00000001,ΠΑΝΑΘΗΝΑΪΚΟΣ AKTOR,1,22,False
2020-21,41010DDA,ΠΑΠΑΔΑΚΗΣ Κώστας,ΕΛΛΑΔΑ,22,17.33,381.26,True,ESAKE country,False,https://www.esake.gr/el/action/EsakeStats?mode=2&idchampionship=03FFA3AC&idseason=00000001,098B68C2,60131266,ΛΑΡΙΣΑ,11,22,True
2020-21,73E1D924,ΠΑΠΑΝΔΡΕΟΥ Γιώργος,ΕΛΛΑΔΑ,4,3.89,15.56,True,ESAKE country,False,https://www.esake.gr/el/action/EsakeStats?mode=2&idchampionship=03FFA3AC&idseason=00000001,F7D46144,37076412,ΛΑΥΡΙΟ DHI,2,22,False
2020-21,0000046F,ΠΑΠΑΝΤΩΝΙΟΥ Νώντας,ΕΛΛΑΔΑ,20,14.74,294.8,True,ESAKE country,False,https://www.esake.gr/el/action/EsakeStats?mode=2&idchampionship=03FFA3AC&idseason=00000001,0000000C,00000012,ΠΑΟΚ,5,22,False
2020-21,8E3AD877,ΠΑΠΑΠΕΤΡΟΥ Ιωάννης,ΕΛΛΑΔΑ,18,22.68,408.24,True,ESAKE country,False,https://www.esake.gr/el/action/EsakeStats?mode=2&idchampionship=03FFA3AC&idseason=00000001,00000001,00000001,ΠΑΝΑΘΗΝΑΪΚΟΣ AKTOR,1,22,False
2020-21,65C7EB2D,ΠΑΠΑΣΑΒΟΓΛΟΥ Αναγνώστης,ΕΛΛΑΔΑ,0,0.0,0.0,True,ESAKE country,False,https://www.esake.gr/el/action/EsakeStats?mode=2&idchampionship=03FFA3AC&idseason=00000001,0000000C,00000012,ΠΑΟΚ,5,22,False
2020-21,49574E22,ΠΕΡΣΙΔΗΣ Νικόλαος,ΕΛΛΑΔΑ,16,9.64,154.24,True,ESAKE country,False,https://www.esake.gr/el/action/EsakeStats?mode=2&idchampionship=03FFA3AC&idseason=00000001,00000001,00000001,ΠΑΝΑΘΗΝΑΪΚΟΣ AKTOR,1,22,False
2020-21,66365C38,ΠΕΤΑΝΙΔΗΣ Γιώργος,ΕΛΛΑΔΑ,2,6.54,13.08,True,ESAKE country,False,https://www.esake.gr/el/action/EsakeStats?mode=2&idchampionship=03FFA3AC&idseason=00000001,00000011,00000017,ΗΡΑΚΛΗΣ,10,22,True
2020-21,D953EB46,ΠΕΤΑΝΙΔΗΣ Κυριάκος,ΕΛΛΑΔΑ,3,2.87,8.61,True,ESAKE country,False,https://www.esake.gr/el/action/EsakeStats?mode=2&idchampionship=03FFA3AC&idseason=00000001,00000005,00000005,ΑΡΗΣ,9,22,True
2020-21,7C6B30BF,ΠΕΤΕΓΟΥΕΪ Τεράν,ΗΠΑ,21,25.26,530.46,False,ESAKE country,False,https://www.esake.gr/el/action/EsakeStats?mode=2&idchampionship=03FFA3AC&idseason=00000001,0000000D,00000013,ΠΕΡΙΣΤΕΡΙ Betsson,6,22,False
2020-21,2FDD0350,ΠΕΤΡΟΠΟΥΛΟΣ Ανδρέας,ΕΛΛΑΔΑ,21,15.98,335.58,True,ESAKE country,False,https://www.esake.gr/el/action/EsakeStats?mode=2&idchampionship=03FFA3AC&idseason=00000001,4C2C8907,1177987079,ΙΩΝΙΚΟΣ BASKET,8,22,True
2020-21,8A20EF38,ΠΛΩΤΑΣ Νίκος,ΕΛΛΑΔΑ,0,0.0,0.0,True,ESAKE country,False,https://www.esake.gr/el/action/EsakeStats?mode=2&idchampionship=03FFA3AC&idseason=00000001,2A25C696,607118742,ΠΡΟΜΗΘΕΑΣ ΠΑΤΡΑΣ ΒΙΚΟΣ COLA,3,22,False
2020-21,70A822B0,ΠΟΥΑΡΙΕ Ντάρελ,ΓΑΛΛΙΑ,7,22.52,157.64,False,ESAKE country,False,https://www.esake.gr/el/action/EsakeStats?mode=2&idchampionship=03FFA3AC&idseason=00000001,46130127,1075650599,ΜΕΣΟΛΟΓΓΙ BAXI,12,22,True
2020-21,A2F4559F,ΠΡΙΤΖΕΤ Σαΐντ,ΗΠΑ,22,26.65,586.3,False,ESAKE country,False,https://www.esake.gr/el/action/EsakeStats?mode=2&idchampionship=03FFA3AC&idseason=00000001,4C2C8907,1177987079,ΙΩΝΙΚΟΣ BASKET,8,22,True
2020-21,000004D0,ΡΑΪΣ Ταϊρίς,ΗΠΑ,0,0.0,0.0,False,ESAKE country,False,https://www.esake.gr/el/action/EsakeStats?mode=2&idchampionship=03FFA3AC&idseason=00000001,00000010,00000016,ΑΕΚ,4,22,False
2020-21,E52C1C84,ΡΑΝΤΙΣΕΒΙΤΣ Νικολά,ΣΕΡΒΙΑ,4,13.87,55.48,False,ESAKE country,False,https://www.esake.gr/el/action/EsakeStats?mode=2&idchampionship=03FFA3AC&idseason=00000001,2A25C696,607118742,ΠΡΟΜΗΘΕΑΣ ΠΑΤΡΑΣ ΒΙΚΟΣ COLA,3,22,False
2020-21,000056E7,ΡΑΣ Μπράντον,ΗΠΑ,22,27.65,608.3,False,ESAKE country,False,https://www.esake.gr/el/action/EsakeStats?mode=2&idchampionship=03FFA3AC&idseason=00000001,098B68C2,60131266,ΛΑΡΙΣΑ,11,22,True
2020-21,2C26B404,ΡΟΓΚΑΒΟΠΟΥΛΟΣ Νίκος,ΕΛΛΑΔΑ,17,14.02,238.34,True,ESAKE country,False,https://www.esake.gr/el/action/EsakeStats?mode=2&idchampionship=03FFA3AC&idseason=00000001,00000010,00000016,ΑΕΚ,4,22,False
2020-21,D502EA88,ΡΟΥΜΟΓΛΟΥ Απόστολος,ΕΛΛΑΔΑ,2,9.22,18.44,True,ESAKE country,False,https://www.esake.gr/el/action/EsakeStats?mode=2&idchampionship=03FFA3AC&idseason=00000001,0000000C,00000012,ΠΑΟΚ,5,22,False
2020-21,B2A00564,ΣΑΒΑΤΖ Τζάρεντ,ΗΠΑ,22,17.3,380.6,False,ESAKE country,False,https://www.esake.gr/el/action/EsakeStats?mode=2&idchampionship=03FFA3AC&idseason=00000001,F7D46144,37076412,ΛΑΥΡΙΟ DHI,2,22,False
2020-21,EEACDAE7,ΣΑΓΚΣ Σκοτ,ΗΠΑ,21,25.06,526.26,False,ESAKE country,False,https://www.esake.gr/el/action/EsakeStats?mode=2&idchampionship=03FFA3AC&idseason=00000001,00000011,00000017,ΗΡΑΚΛΗΣ,10,22,True
2020-21,3D733714,ΣΑΪΚΣ Κίφερ,ΗΠΑ,1,19.87,19.87,False,ESAKE country,False,https://www.esake.gr/el/action/EsakeStats?mode=2&idchampionship=03FFA3AC&idseason=00000001,00000001,00000001,ΠΑΝΑΘΗΝΑΪΚΟΣ AKTOR,1,22,False
2020-21,D4498240,ΣΑΛΟΥΣΤΡΟΣ Χρήστος,ΕΛΛΑΔΑ,15,14.0,210.0,True,ESAKE country,False,https://www.esake.gr/el/action/EsakeStats?mode=2&idchampionship=03FFA3AC&idseason=00000001,0000000D,00000013,ΠΕΡΙΣΤΕΡΙ Betsson,6,22,False
2020-21,C510FEF8,ΣΑΝΤ-ΡΟΣ Χάουαρντ,ΚΟΥΒΑ,18,21.3,383.4,False,ESAKE country,False,https://www.esake.gr/el/action/EsakeStats?mode=2&idchampionship=03FFA3AC&idseason=00000001,00000001,00000001,ΠΑΝΑΘΗΝΑΪΚΟΣ AKTOR,1,22,False
2020-21,00000522,ΣΑΡΙΚΟΠΟΥΛΟΣ Ζήσης,ΕΛΛΑΔΑ,2,7.81,15.62,True,ESAKE country,False,https://www.esake.gr/el/action/EsakeStats?mode=2&idchampionship=03FFA3AC&idseason=00000001,00000011,00000017,ΗΡΑΚΛΗΣ,10,22,True
2020-21,163A0BF8,ΣΑΧΠΑΤΖΙΔΗΣ Γιάννης,ΕΛΛΑΔΑ,18,16.74,301.32,True,ESAKE country,False,https://www.esake.gr/el/action/EsakeStats?mode=2&idchampionship=03FFA3AC&idseason=00000001,46130127,1075650599,ΜΕΣΟΛΟΓΓΙ BAXI,12,22,True
2020-21,306A4360,ΣΙΔΗΡΟΗΛΙΑΣ Γιάννης,ΕΛΛΑΔΑ,9,7.04,63.36,True,ESAKE country,False,https://www.esake.gr/el/action/EsakeStats?mode=2&idchampionship=03FFA3AC&idseason=00000001,00000005,00000005,ΑΡΗΣ,9,22,True
2020-21,00000554,ΣΚΟΡΔΙΛΗΣ Γάιος,ΕΛΛΑΔΑ,18,7.25,130.5,True,ESAKE country,False,https://www.esake.gr/el/action/EsakeStats?mode=2&idchampionship=03FFA3AC&idseason=00000001,0000000D,00000013,ΠΕΡΙΣΤΕΡΙ Betsson,6,22,False
2020-21,000006F2,ΣΛΑΦΤΣΑΚΗΣ Διαμαντής,ΕΛΛΑΔΑ,21,14.4,302.4,True,ESAKE country,False,https://www.esake.gr/el/action/EsakeStats?mode=2&idchampionship=03FFA3AC&idseason=00000001,00000005,00000005,ΑΡΗΣ,9,22,True
2020-21,1278150E,ΣΛΟΤΕΡ Μάρκους,ΗΠΑ,9,15.7,141.3,False,ESAKE country,False,https://www.esake.gr/el/action/EsakeStats?mode=2&idchampionship=03FFA3AC&idseason=00000001,00000010,00000016,ΑΕΚ,4,22,False
2020-21,27BA8959,ΣΜΙΘ Άνταμ,ΗΠΑ,14,32.4,453.6,False,ESAKE country,False,https://www.esake.gr/el/action/EsakeStats?mode=2&idchampionship=03FFA3AC&idseason=00000001,4C2C8907,1177987079,ΙΩΝΙΚΟΣ BASKET,8,22,True
2020-21,10B67913,ΣΜΙΘ Τζέρι,ΗΠΑ,16,25.78,412.48,False,ESAKE country,False,https://www.esake.gr/el/action/EsakeStats?mode=2&idchampionship=03FFA3AC&idseason=00000001,098B68C2,60131266,ΛΑΡΙΣΑ,11,22,True
2020-21,2B9277F6,ΣΟΪΛΕΜΤΖΙΔΗΣ Νικόλαος,ΕΛΛΑΔΑ,0,0.0,0.0,True,ESAKE country,False,https://www.esake.gr/el/action/EsakeStats?mode=2&idchampionship=03FFA3AC&idseason=00000001,2A25C696,607118742,ΠΡΟΜΗΘΕΑΣ ΠΑΤΡΑΣ ΒΙΚΟΣ COLA,3,22,False
2020-21,F9154245,ΣΟΥΛΕΡ Τζαμάλ,ΗΠΑ,13,22.04,286.52,False,ESAKE country,False,https://www.esake.gr/el/action/EsakeStats?mode=2&idchampionship=03FFA3AC&idseason=00000001,00000005,00000005,ΑΡΗΣ,9,22,True
2020-21,30CE7C54,ΣΠΑΪΣΕΡ Καλίκ,ΗΠΑ,10,13.23,132.3,False,ESAKE country,False,https://www.esake.gr/el/action/EsakeStats?mode=2&idchampionship=03FFA3AC&idseason=00000001,0000000A,00000010,ΚΟΛΟΣΣΟΣ H HOTELS COLLECTION,7,22,True
2020-21,0000057B,ΣΠΥΡΟΠΟΥΛΟΣ Αναστάσιος,ΕΛΛΑΔΑ,19,8.24,156.56,True,ESAKE country,False,https://www.esake.gr/el/action/EsakeStats?mode=2&idchampionship=03FFA3AC&idseason=00000001,098B68C2,60131266,ΛΑΡΙΣΑ,11,22,True
2020-21,98CA314B,ΣΤΑΜΑΤΗΣ Δημήτρης,ΕΛΛΑΔΑ,20,15.75,315.0,True,ESAKE country,False,https://www.esake.gr/el/action/EsakeStats?mode=2&idchampionship=03FFA3AC&idseason=00000001,00000005,00000005,ΑΡΗΣ,9,22,True
2020-21,AB1AD7EF,ΣΤΑΜΑΤΟΓΙΑΝΝΗΣ Αλέξανδρος,ΕΛΛΑΔΑ,14,2.99,41.86,True,ESAKE country,False,https://www.esake.gr/el/action/EsakeStats?mode=2&idchampionship=03FFA3AC&idseason=00000001,F7D46144,37076412,ΛΑΥΡΙΟ DHI,2,22,False
2020-21,BCB78E4A,ΣΧΙΖΑΣ Σταύρος,ΕΛΛΑΔΑ,22,10.53,231.66,True,ESAKE country,False,https://www.esake.gr/el/action/EsakeStats?mode=2&idchampionship=03FFA3AC&idseason=00000001,00000011,00000017,ΗΡΑΚΛΗΣ,10,22,True
2020-21,96FC6D4D,ΤΑΝΟΥΛΗΣ Γιώργος,ΕΛΛΑΔΑ,4,2.03,8.12,True,ESAKE country,False,https://www.esake.gr/el/action/EsakeStats?mode=2&idchampionship=03FFA3AC&idseason=00000001,2A25C696,607118742,ΠΡΟΜΗΘΕΑΣ ΠΑΤΡΑΣ ΒΙΚΟΣ COLA,3,22,False
2020-21,C32C63BA,ΤΕΡΝΕΡ Έλστον,ΗΠΑ,22,23.25,511.5,False,ESAKE country,False,https://www.esake.gr/el/action/EsakeStats?mode=2&idchampionship=03FFA3AC&idseason=00000001,0000000C,00000012,ΠΑΟΚ,5,22,False
2020-21,10F19E3F,ΤΖΕΪΜΣ Ντέλροϊ,ΗΠΑ,2,11.16,22.32,False,ESAKE country,False,https://www.esake.gr/el/action/EsakeStats?mode=2&idchampionship=03FFA3AC&idseason=00000001,2A25C696,607118742,ΠΡΟΜΗΘΕΑΣ ΠΑΤΡΑΣ ΒΙΚΟΣ COLA,3,22,False
2020-21,2140EC6A,ΤΖΟΟΥΝΣ Μάρβιν,ΗΠΑ,22,24.88,547.36,False,ESAKE country,False,https://www.esake.gr/el/action/EsakeStats?mode=2&idchampionship=03FFA3AC&idseason=00000001,0000000D,00000013,ΠΕΡΙΣΤΕΡΙ Betsson,6,22,False
2020-21,57D75B19,ΤΟΛΑ Τζουλιάνο,ΕΛΛΑΔΑ,5,2.08,10.4,True,ESAKE country,False,https://www.esake.gr/el/action/EsakeStats?mode=2&idchampionship=03FFA3AC&idseason=00000001,0000000D,00000013,ΠΕΡΙΣΤΕΡΙ Betsson,6,22,False
2020-21,D8361DB3,ΤΟΛΙΟΠΟΥΛΟΣ Βασίλης,ΕΛΛΑΔΑ,16,26.84,429.44,True,ESAKE country,False,https://www.esake.gr/el/action/EsakeStats?mode=2&idchampionship=03FFA3AC&idseason=00000001,4C2C8907,1177987079,ΙΩΝΙΚΟΣ BASKET,8,22,True
2020-21,0AA2AD3E,ΤΟΥΜΠΑ Κέβιν,ΒΕΛΓΙΟ,11,18.81,206.91,False,ESAKE country,False,https://www.esake.gr/el/action/EsakeStats?mode=2&idchampionship=03FFA3AC&idseason=00000001,0000000A,00000010,ΚΟΛΟΣΣΟΣ H HOTELS COLLECTION,7,22,True
2020-21,00000605,ΤΟΥΤΖΙΑΡΑΚΗΣ Σταύρος,ΕΛΛΑΔΑ,5,5.56,27.8,True,ESAKE country,False,https://www.esake.gr/el/action/EsakeStats?mode=2&idchampionship=03FFA3AC&idseason=00000001,4C2C8907,1177987079,ΙΩΝΙΚΟΣ BASKET,8,22,True
2020-21,0000060F,ΤΣΑΪΡΕΛΗΣ Μιχάλης,ΕΛΛΑΔΑ,23,18.21,418.83,True,ESAKE country,False,https://www.esake.gr/el/action/EsakeStats?mode=2&idchampionship=03FFA3AC&idseason=00000001,00000011,00000017,ΗΡΑΚΛΗΣ,10,22,True
2020-21,F10A2AA6,ΤΣΑΛΜΕΡΣ Μάριο,ΗΠΑ,22,22.21,488.62,False,ESAKE country,False,https://www.esake.gr/el/action/EsakeStats?mode=2&idchampionship=03FFA3AC&idseason=00000001,00000005,00000005,ΑΡΗΣ,9,22,True
2020-21,1F2A8343,ΤΣΑΛΜΠΟΥΡΗΣ Γιώργος,ΕΛΛΑΔΑ,18,14.6,262.8,True,ESAKE country,False,https://www.esake.gr/el/action/EsakeStats?mode=2&idchampionship=03FFA3AC&idseason=00000001,0000000C,00000012,ΠΑΟΚ,5,22,False
2020-21,CABF4228,ΤΣΙΛΝΤΡΕΣ Μπράντον,ΗΠΑ,5,11.9,59.5,False,ESAKE country,False,https://www.esake.gr/el/action/EsakeStats?mode=2&idchampionship=03FFA3AC&idseason=00000001,00000011,00000017,ΗΡΑΚΛΗΣ,10,22,True
2020-21,16F72225,ΤΣΙΟΥΛΚΑΣ Γιάννης,ΕΛΛΑΔΑ,4,0.75,3.0,True,ESAKE country,False,https://www.esake.gr/el/action/EsakeStats?mode=2&idchampionship=03FFA3AC&idseason=00000001,098B68C2,60131266,ΛΑΡΙΣΑ,11,22,True
2020-21,884A7F43,ΤΣΙΡΟΓΙΑΝΝΗΣ Κώστας,ΕΛΛΑΔΑ,0,0.0,0.0,True,ESAKE country,False,https://www.esake.gr/el/action/EsakeStats?mode=2&idchampionship=03FFA3AC&idseason=00000001,00000005,00000005,ΑΡΗΣ,9,22,True
2020-21,00000707,ΦΑΓΙΕ Μουχάμεντ,ΣΕΝΕΓΑΛΗ,2,20.52,41.04,False,ESAKE country,False,https://www.esake.gr/el/action/EsakeStats?mode=2&idchampionship=03FFA3AC&idseason=00000001,2A25C696,607118742,ΠΡΟΜΗΘΕΑΣ ΠΑΤΡΑΣ ΒΙΚΟΣ COLA,3,22,False
2020-21,56B069A9,ΦΕΡΓΚΙΟΥΣΟΝ Τζαζμάρ,ΗΠΑ,8,27.65,221.2,False,ESAKE country,False,https://www.esake.gr/el/action/EsakeStats?mode=2&idchampionship=03FFA3AC&idseason=00000001,46130127,1075650599,ΜΕΣΟΛΟΓΓΙ BAXI,12,22,True
2020-21,F5C9A62B,ΦΙΛΛΙΟΣ Γιώργος,ΕΛΛΑΔΑ,13,6.89,89.57,True,ESAKE country,False,https://www.esake.gr/el/action/EsakeStats?mode=2&idchampionship=03FFA3AC&idseason=00000001,00000011,00000017,ΗΡΑΚΛΗΣ,10,22,True
2020-21,10A2C583,ΦΙΤΖΠΑΤΡΙΚ Τόρλιν,ΗΠΑ,11,22.63,248.93,False,ESAKE country,False,https://www.esake.gr/el/action/EsakeStats?mode=2&idchampionship=03FFA3AC&idseason=00000001,4C2C8907,1177987079,ΙΩΝΙΚΟΣ BASKET,8,22,True
2020-21,B2A97905,ΦΛΙΩΝΗΣ Δημήτρης,ΕΛΛΑΔΑ,21,21.65,454.65,True,ESAKE country,False,https://www.esake.gr/el/action/EsakeStats?mode=2&idchampionship=03FFA3AC&idseason=00000001,00000005,00000005,ΑΡΗΣ,9,22,True
2020-21,BBF5198B,ΦΟΡΝΤ Κουίνσι,ΗΠΑ,9,12.61,113.49,False,ESAKE country,False,https://www.esake.gr/el/action/EsakeStats?mode=2&idchampionship=03FFA3AC&idseason=00000001,2A25C696,607118742,ΠΡΟΜΗΘΕΑΣ ΠΑΤΡΑΣ ΒΙΚΟΣ COLA,3,22,False
2020-21,D470BDA0,ΦΟΡΝΤ Τζόρνταν,ΗΠΑ,4,18.79,75.16,False,ESAKE country,False,https://www.esake.gr/el/action/EsakeStats?mode=2&idchampionship=03FFA3AC&idseason=00000001,0000000D,00000013,ΠΕΡΙΣΤΕΡΙ Betsson,6,22,False
2020-21,B76F35F2,ΦΟΣΤΕΡ Μάρκους,ΗΠΑ,10,17.55,175.5,False,ESAKE country,False,https://www.esake.gr/el/action/EsakeStats?mode=2&idchampionship=03FFA3AC&idseason=00000001,00000001,00000001,ΠΑΝΑΘΗΝΑΪΚΟΣ AKTOR,1,22,False
2020-21,F622EC37,ΧΑΓΚΙΝΣ Μπράξτον,ΗΠΑ,4,10.82,43.28,False,ESAKE country,False,https://www.esake.gr/el/action/EsakeStats?mode=2&idchampionship=03FFA3AC&idseason=00000001,098B68C2,60131266,ΛΑΡΙΣΑ,11,22,True
2020-21,CC01859A,ΧΑΓΚΙΝΣ Τζος,ΗΠΑ,9,29.1,261.9,False,ESAKE country,False,https://www.esake.gr/el/action/EsakeStats?mode=2&idchampionship=03FFA3AC&idseason=00000001,00000011,00000017,ΗΡΑΚΛΗΣ,10,22,True
2020-21,00000672,ΧΑΜΟΝΤΣ Κλιφ,ΗΠΑ,4,19.1,76.4,False,ESAKE country,False,https://www.esake.gr/el/action/EsakeStats?mode=2&idchampionship=03FFA3AC&idseason=00000001,4C2C8907,1177987079,ΙΩΝΙΚΟΣ BASKET,8,22,True
2020-21,AB0106F2,ΧΑΝΑΣ Ντάστι,ΗΠΑ,3,11.24,33.72,False,ESAKE country,False,https://www.esake.gr/el/action/EsakeStats?mode=2&idchampionship=03FFA3AC&idseason=00000001,0000000A,00000010,ΚΟΛΟΣΣΟΣ H HOTELS COLLECTION,7,22,True
2020-21,ED24597B,ΧΑΝΛΑΝ Ολιβιέ,ΚΑΝΑΔΑΣ,22,29.17,641.74,False,ESAKE country,False,https://www.esake.gr/el/action/EsakeStats?mode=2&idchampionship=03FFA3AC&idseason=00000001,00000011,00000017,ΗΡΑΚΛΗΣ,10,22,True
2020-21,00000685,ΧΑΡΙΤΟΠΟΥΛΟΣ Δημήτρης,ΕΛΛΑΔΑ,21,10.58,222.18,True,ESAKE country,False,https://www.esake.gr/el/action/EsakeStats?mode=2&idchampionship=03FFA3AC&idseason=00000001,00000005,00000005,ΑΡΗΣ,9,22,True
2020-21,41CC56A5,ΧΑΡΟΟΥ Ράιαν,ΗΠΑ,5,14.96,74.8,False,ESAKE country,False,https://www.esake.gr/el/action/EsakeStats?mode=2&idchampionship=03FFA3AC&idseason=00000001,0000000D,00000013,ΠΕΡΙΣΤΕΡΙ Betsson,6,22,False
2020-21,19474713,ΧΑΤΖΗΚΥΡΙΑΚΟΣ Γιώργος,ΕΛΛΑΔΑ,8,0.87,6.96,True,ESAKE country,False,https://www.esake.gr/el/action/EsakeStats?mode=2&idchampionship=03FFA3AC&idseason=00000001,4C2C8907,1177987079,ΙΩΝΙΚΟΣ BASKET,8,22,True
2020-21,1B250824,ΧΑΤΖΗΝΙΚΟΛΑΣ Γιάννης,ΕΛΛΑΔΑ,22,18.89,415.58,True,ESAKE country,False,https://www.esake.gr/el/action/EsakeStats?mode=2&idchampionship=03FFA3AC&idseason=00000001,46130127,1075650599,ΜΕΣΟΛΟΓΓΙ BAXI,12,22,True
2020-21,000006FC,ΧΑΤΣΕΡ Γουίλιαμ,ΗΠΑ,17,19.44,330.48,False,ESAKE country,False,https://www.esake.gr/el/action/EsakeStats?mode=2&idchampionship=03FFA3AC&idseason=00000001,00000011,00000017,ΗΡΑΚΛΗΣ,10,22,True
2020-21,3E2262D0,ΧΕΖΟΝΙΑ Μάριο,ΚΡΟΑΤΗΣ,8,18.66,149.28,False,ESAKE country,False,https://www.esake.gr/el/action/EsakeStats?mode=2&idchampionship=03FFA3AC&idseason=00000001,00000001,00000001,ΠΑΝΑΘΗΝΑΪΚΟΣ AKTOR,1,22,False
2020-21,2A09A38A,ΧΕΡΝΤΟΝ Άλαν,ΗΠΑ,2,12.68,25.36,False,ESAKE country,False,https://www.esake.gr/el/action/EsakeStats?mode=2&idchampionship=03FFA3AC&idseason=00000001,0000000C,00000012,ΠΑΟΚ,5,22,False
2020-21,3ABEB4B8,ΧΟΛΙΦΙΛΝΤ Μάικλ,ΗΠΑ,10,11.66,116.6,False,ESAKE country,False,https://www.esake.gr/el/action/EsakeStats?mode=2&idchampionship=03FFA3AC&idseason=00000001,4C2C8907,1177987079,ΙΩΝΙΚΟΣ BASKET,8,22,True
2020-21,DB78C21A,ΧΟΛΟΓΟΥΕΛ Τζέρεμι,ΗΠΑ,22,27.68,608.96,False,ESAKE country,False,https://www.esake.gr/el/action/EsakeStats?mode=2&idchampionship=03FFA3AC&idseason=00000001,4C2C8907,1177987079,ΙΩΝΙΚΟΣ BASKET,8,22,True
2020-21,20E9BC3F,ΧΟΝΔΡΟΓΙΑΝΝΗΣ Θανάσης,ΕΛΛΑΔΑ,8,3.71,29.68,True,ESAKE country,False,https://www.esake.gr/el/action/EsakeStats?mode=2&idchampionship=03FFA3AC&idseason=00000001,46130127,1075650599,ΜΕΣΟΛΟΓΓΙ BAXI,12,22,True
2020-21,27F22948,ΧΟΥΓΚΑΖ Νίκος,ΕΛΛΑΔΑ,22,25.26,555.72,True,ESAKE country,False,https://www.esake.gr/el/action/EsakeStats?mode=2&idchampionship=03FFA3AC&idseason=00000001,4C2C8907,1177987079,ΙΩΝΙΚΟΣ BASKET,8,22,True
2020-21,BBF3312A,ΧΡΙΣΤΟΔΟΥΛΟΥ Ανδρέας,ΕΛΛΑΔΑ,20,9.38,187.6,True,ESAKE country,False,https://www.esake.gr/el/action/EsakeStats?mode=2&idchampionship=03FFA3AC&idseason=00000001,2A25C696,607118742,ΠΡΟΜΗΘΕΑΣ ΠΑΤΡΑΣ ΒΙΚΟΣ COLA,3,22,False
2020-21,000006BD,ΧΡΥΣΙΚΟΠΟΥΛΟΣ Λίνος,ΕΛΛΑΔΑ,19,19.89,377.91,True,ESAKE country,False,https://www.esake.gr/el/action/EsakeStats?mode=2&idchampionship=03FFA3AC&idseason=00000001,00000010,00000016,ΑΕΚ,4,22,False
2021-22,1B17C51B,ΑΒΔΑΛΑΣ Ιωάννης,ΕΛΛΑΔΑ,0,0.0,0.0,True,ESAKE country,False,https://www.esake.gr/el/action/EsakeStats?mode=2&idchampionship=8C367D67&idseason=00000001,00000001,00000001,ΠΑΝΑΘΗΝΑΪΚΟΣ AKTOR,2,24,False
2021-22,F8A288FB,ΑΒΔΑΛΑΣ Νεοκλής,ΕΛΛΑΔΑ,10,4.76,47.6,True,ESAKE country,False,https://www.esake.gr/el/action/EsakeStats?mode=2&idchampionship=8C367D67&idseason=00000001,00000001,00000001,ΠΑΝΑΘΗΝΑΪΚΟΣ AKTOR,2,24,False
2021-22,E80EE1C7,ΑΓΚΜΠΕΛΙΣ Ντάνι,ΗΠΑ,9,14.51,130.59,False,ESAKE country,False,https://www.esake.gr/el/action/EsakeStats?mode=2&idchampionship=8C367D67&idseason=00000001,0000000D,00000013,ΠΕΡΙΣΤΕΡΙ bwin,8,24,True
2021-22,2BBFE416,ΑΓΡΑΒΑΝΗΣ Γιάννης,ΕΛΛΑΔΑ,19,27.02,513.38,True,ESAKE country,False,https://www.esake.gr/el/action/EsakeStats?mode=2&idchampionship=8C367D67&idseason=00000001,2A25C696,607118742,ΠΡΟΜΗΘΕΑΣ ΠΑΤΡΑΣ ΒΙΚΟΣ COLA,5,24,False
2021-22,0000000F,ΑΓΡΑΒΑΝΗΣ Δημήτρης,ΕΛΛΑΔΑ,19,23.95,455.05,True,ESAKE country,False,https://www.esake.gr/el/action/EsakeStats?mode=2&idchampionship=8C367D67&idseason=00000001,2A25C696,607118742,ΠΡΟΜΗΘΕΑΣ ΠΑΤΡΑΣ ΒΙΚΟΣ COLA,5,24,False
2021-22,00000013,ΑΘΗΝΑΙΟΥ Γιάννης,ΕΛΛΑΔΑ,18,24.77,445.86,True,ESAKE country,False,https://www.esake.gr/el/action/EsakeStats?mode=2&idchampionship=8C367D67&idseason=00000001,4C2C8907,1177987079,ΙΩΝΙΚΟΣ BASKET,12,24,True
2021-22,31D28464,ΑΜΙΝΟΥ Αλ Ουαζίντ,ΗΠΑ,24,14.66,351.84,False,ESAKE country,False,https://www.esake.gr/el/action/EsakeStats?mode=2&idchampionship=8C367D67&idseason=00000001,F7D46144,37076412,ΛΑΥΡΙΟ DHI,10,24,True
2021-22,C4797F8E,ΑΝΓΚΟΛΑ Μπράιαν,ΚΟΛΟΜΒΙΑ,11,23.72,260.92,False,ESAKE country,False,https://www.esake.gr/el/action/EsakeStats?mode=2&idchampionship=8C367D67&idseason=00000001,00000010,00000016,ΑΕΚ,4,24,False
2021-22,3A1547E4,ΑΝΤΡΙΤΣ Μιχάιλο,ΣΕΡΒΙΑ,13,23.99,311.87,False,ESAKE country,False,https://www.esake.gr/el/action/EsakeStats?mode=2&idchampionship=8C367D67&idseason=00000001,2A25C696,607118742,ΠΡΟΜΗΘΕΑΣ ΠΑΤΡΑΣ ΒΙΚΟΣ COLA,5,24,False
2021-22,8A229107,ΑΡΓΥΡΟΥΛΗΣ Παναγιώτης,ΕΛΛΑΔΑ,3,7.36,22.08,True,ESAKE country,False,https://www.esake.gr/el/action/EsakeStats?mode=2&idchampionship=8C367D67&idseason=00000001,00000011,00000017,ΗΡΑΚΛΗΣ,13,24,True
2021-22,6BC4B84C,ΑΡΣΕΝΟΠΟΥΛΟΣ Νίκος,ΕΛΛΑΔΑ,19,18.36,348.84,True,ESAKE country,False,https://www.esake.gr/el/action/EsakeStats?mode=2&idchampionship=8C367D67&idseason=00000001,4C2C8907,1177987079,ΙΩΝΙΚΟΣ BASKET,12,24,True
2021-22,1BACFA6A,ΑΡΤΙΣ Τζαμέλ,ΗΠΑ,4,23.04,92.16,False,ESAKE country,False,https://www.esake.gr/el/action/EsakeStats?mode=2&idchampionship=8C367D67&idseason=00000001,4C2C8907,1177987079,ΙΩΝΙΚΟΣ BASKET,12,24,True
2021-22,286804B7,ΑΣΤΕΡΙΑΔΗΣ Αστέριος,ΕΛΛΑΔΑ,1,0.98,0.98,True,ESAKE country,False,https://www.esake.gr/el/action/EsakeStats?mode=2&idchampionship=8C367D67&idseason=00000001,098B68C2,60131266,ΛΑΡΙΣΑ,6,24,False
2021-22,33977C52,ΒΑΟΥΛΕΤ Χουάν,ΠΟΛΩΝΙΑ,10,16.39,163.9,False,ESAKE country,False,https://www.esake.gr/el/action/EsakeStats?mode=2&idchampionship=8C367D67&idseason=00000001,00000010,00000016,ΑΕΚ,4,24,False
2021-22,40618341,ΒΑΣΙΛΕΙΟΥ Νίκος,ΕΛΛΑΔΑ,7,3.29,23.03,True,ESAKE country,False,https://www.esake.gr/el/action/EsakeStats?mode=2&idchampionship=8C367D67&idseason=00000001,2A25C696,607118742,ΠΡΟΜΗΘΕΑΣ ΠΑΤΡΑΣ ΒΙΚΟΣ COLA,5,24,False
2021-22,00000069,ΒΕΖΕΝΚΟΦ Αλέξανδρος,ΚΥΠΡΟΣ,21,22.93,481.53,False,ESAKE country,False,https://www.esake.gr/el/action/EsakeStats?mode=2&idchampionship=8C367D67&idseason=00000001,00000002,00000002,ΟΛΥΜΠΙΑΚΟΣ,1,24,False
2021-22,542556D0,ΒΗΣΣΑΡΙΟΥ Τηλέμαχος,ΕΛΛΑΔΑ,9,0.97,8.73,True,ESAKE country,False,https://www.esake.gr/el/action/EsakeStats?mode=2&idchampionship=8C367D67&idseason=00000001,098B68C2,60131266,ΛΑΡΙΣΑ,6,24,False
2021-22,42D5ACB8,ΒΟΓΙΑΤΖΗΣ Χρήστος,ΕΛΛΑΔΑ,0,0.0,0.0,True,ESAKE country,False,https://www.esake.gr/el/action/EsakeStats?mode=2&idchampionship=8C367D67&idseason=00000001,00000010,00000016,ΑΕΚ,4,24,False
2021-22,F06E1579,ΒΟΝ Ρασάντ,ΗΠΑ,12,25.06,300.72,False,ESAKE country,False,https://www.esake.gr/el/action/EsakeStats?mode=2&idchampionship=8C367D67&idseason=00000001,F7D46144,37076412,ΛΑΥΡΙΟ DHI,10,24,True
2021-22,F0A66983,ΒΟΥΛΓΑΡΟΠΟΥΛΟΣ Στράτος,ΕΛΛΑΔΑ,18,6.38,114.84,True,ESAKE country,False,https://www.esake.gr/el/action/EsakeStats?mode=2&idchampionship=8C367D67&idseason=00000001,F7D46144,37076412,ΛΑΥΡΙΟ DHI,10,24,True
2021-22,3F477F31,ΓΕΛΟΒΑΤΣ Στέφαν,ΣΕΡΒΙΑ,5,19.54,97.7,False,ESAKE country,False,https://www.esake.gr/el/action/EsakeStats?mode=2&idchampionship=8C367D67&idseason=00000001,00000010,00000016,ΑΕΚ,4,24,False
2021-22,2C788FF9,ΓΕΡΟΚΩΣΤΑΣ Νικόλαος,ΕΛΛΑΔΑ,1,1.28,1.28,True,ESAKE country,False,https://www.esake.gr/el/action/EsakeStats?mode=2&idchampionship=8C367D67&idseason=00000001,00000005,00000005,ΑΡΗΣ,7,24,False
2021-22,00000738,ΓΕΡΟΜΙΧΑΛΟΣ Πέτρος,ΕΛΛΑΔΑ,22,18.69,411.18,True,ESAKE country,False,https://www.esake.gr/el/action/EsakeStats?mode=2&idchampionship=8C367D67&idseason=00000001,F7D46144,37076412,ΛΑΥΡΙΟ DHI,10,24,True
2021-22,0000009B,ΓΙΑΝΚΟΒΙΤΣ Βλαδίμηρος,ΕΛΛΑΔΑ,23,24.98,574.54,True,ESAKE country,False,https://www.esake.gr/el/action/EsakeStats?mode=2&idchampionship=8C367D67&idseason=00000001,0000000C,00000012,ΠΑΟΚ,9,24,True
2021-22,000000A4,ΓΙΑΝΝΟΠΟΥΛΟΣ Χάρης,ΕΛΛΑΔΑ,11,16.53,181.83,True,ESAKE country,False,https://www.esake.gr/el/action/EsakeStats?mode=2&idchampionship=8C367D67&idseason=00000001,2A25C696,607118742,ΠΡΟΜΗΘΕΑΣ ΠΑΤΡΑΣ ΒΙΚΟΣ COLA,5,24,False
2021-22,EBF0CF05,ΓΙΟΒΙΤΣ Στέφαν,ΣΕΡΒΙΑ,5,13.43,67.15,False,ESAKE country,False,https://www.esake.gr/el/action/EsakeStats?mode=2&idchampionship=8C367D67&idseason=00000001,00000001,00000001,ΠΑΝΑΘΗΝΑΪΚΟΣ AKTOR,2,24,False
2021-22,1DC69124,ΓΚΑΝΤΙ Αμπντούλ,ΗΠΑ,21,21.81,458.01,False,ESAKE country,False,https://www.esake.gr/el/action/EsakeStats?mode=2&idchampionship=8C367D67&idseason=00000001,2A25C696,607118742,ΠΡΟΜΗΘΕΑΣ ΠΑΤΡΑΣ ΒΙΚΟΣ COLA,5,24,False
2021-22,97D803C0,ΓΚΑΡΕΤ Μπράντον,ΗΠΑ,18,26.93,484.74,False,ESAKE country,False,https://www.esake.gr/el/action/EsakeStats?mode=2&idchampionship=8C367D67&idseason=00000001,00000011,00000017,ΗΡΑΚΛΗΣ,13,24,True
2021-22,8F9C150B,ΓΚΙΕΛΟ Τόμας,ΠΟΛΩΝΙΑ,14,27.69,387.66,False,ESAKE country,False,https://www.esake.gr/el/action/EsakeStats?mode=2&idchampionship=8C367D67&idseason=00000001,0000000D,00000013,ΠΕΡΙΣΤΕΡΙ bwin,8,24,True
2021-22,CC57C559,ΓΚΙΚΑΣ Νίκος,ΕΛΛΑΔΑ,12,21.02,252.24,True,ESAKE country,False,https://www.esake.gr/el/action/EsakeStats?mode=2&idchampionship=8C367D67&idseason=00000001,2A25C696,607118742,ΠΡΟΜΗΘΕΑΣ ΠΑΤΡΑΣ ΒΙΚΟΣ COLA,5,24,False
2021-22,E223062A,ΓΚΙΟΥΖΕΛΗΣ Γιώργος,ΕΛΛΑΔΑ,23,18.56,426.88,True,ESAKE country,False,https://www.esake.gr/el/action/EsakeStats?mode=2&idchampionship=8C367D67&idseason=00000001,4C2C8907,1177987079,ΙΩΝΙΚΟΣ BASKET,12,24,True
2021-22,15ABEE83,ΓΚΟΪΝΣ Κένι,ΗΠΑ,8,19.6,156.8,False,ESAKE country,False,https://www.esake.gr/el/action/EsakeStats?mode=2&idchampionship=8C367D67&idseason=00000001,F7D46144,37076412,ΛΑΥΡΙΟ DHI,10,24,True
2021-22,C08B90D8,ΓΚΡΑΝΤ Τζεράι,ΗΠΑ,24,22.19,532.56,False,ESAKE country,False,https://www.esake.gr/el/action/EsakeStats?mode=2&idchampionship=8C367D67&idseason=00000001,2A25C696,607118742,ΠΡΟΜΗΘΕΑΣ ΠΑΤΡΑΣ ΒΙΚΟΣ COLA,5,24,False
2021-22,673606D7,ΓΚΡΕΪ Στίβεν,ΗΠΑ,15,23.44,351.6,False,ESAKE country,False,https://www.esake.gr/el/action/EsakeStats?mode=2&idchampionship=8C367D67&idseason=00000001,0000000D,00000013,ΠΕΡΙΣΤΕΡΙ bwin,8,24,True
2021-22,2FFDB911,ΓΚΡΙΝ Ντεβόντε,ΗΠΑ,13,22.22,288.86,False,ESAKE country,False,https://www.esake.gr/el/action/EsakeStats?mode=2&idchampionship=8C367D67&idseason=00000001,098B68C2,60131266,ΛΑΡΙΣΑ,6,24,False
2021-22,5B64A1B6,ΓΚΡΙΝ Φιλ,ΗΠΑ,12,21.18,254.16,False,ESAKE country,False,https://www.esake.gr/el/action/EsakeStats?mode=2&idchampionship=8C367D67&idseason=00000001,0000000C,00000012,ΠΑΟΚ,9,24,True
2021-22,D64BF927,ΓΚΡΙΦΙΝ Έρικ,ΗΠΑ,14,28.58,400.12,False,ESAKE country,False,https://www.esake.gr/el/action/EsakeStats?mode=2&idchampionship=8C367D67&idseason=00000001,00000010,00000016,ΑΕΚ,4,24,False
2021-22,8AEBB15C,ΓΚΡΙΦΙΝ Μάλκολμ,ΗΠΑ,8,22.97,183.76,False,ESAKE country,False,https://www.esake.gr/el/action/EsakeStats?mode=2&idchampionship=8C367D67&idseason=00000001,0000000C,00000012,ΠΑΟΚ,9,24,True
2021-22,DF1FFF02,ΓΚΡΙΦΙΝ Ντεγιόν,ΗΠΑ,6,14.12,84.72,False,ESAKE country,False,https://www.esake.gr/el/action/EsakeStats?mode=2&idchampionship=8C367D67&idseason=00000001,00000004,00000004,ΑΠΟΛΛΩΝ Π. CARNA,11,24,True
2021-22,429CFA97,ΓΟΓΟΛΟΣ Σωτήρης,ΕΛΛΑΔΑ,0,0.0,0.0,True,ESAKE country,False,https://www.esake.gr/el/action/EsakeStats?mode=2&idchampionship=8C367D67&idseason=00000001,00000010,00000016,ΑΕΚ,4,24,False
2021-22,E02706AA,ΓΟΝΤΙΚΑΣ Κωνσταντίνος,ΕΛΛΑΔΑ,15,26.85,402.75,True,ESAKE country,False,https://www.esake.gr/el/action/EsakeStats?mode=2&idchampionship=8C367D67&idseason=00000001,4C2C8907,1177987079,ΙΩΝΙΚΟΣ BASKET,12,24,True
2021-22,FC6A957C,ΓΟΥΛΡΙΤΖ Ράιαν,ΗΠΑ,9,17.7,159.3,False,ESAKE country,False,https://www.esake.gr/el/action/EsakeStats?mode=2&idchampionship=8C367D67&idseason=00000001,00000011,00000017,ΗΡΑΚΛΗΣ,13,24,True
2021-22,45855451,ΓΟΥΝΤΣ Κεϊσόν,ΗΠΑ,5,30.69,153.45,False,ESAKE country,False,https://www.esake.gr/el/action/EsakeStats?mode=2&idchampionship=8C367D67&idseason=00000001,00000011,00000017,ΗΡΑΚΛΗΣ,13,24,True
2021-22,6C630C6A,ΓΟΥΟΚΑΠ Τόμας,ΕΛΛΑΔΑ,23,18.89,434.47,True,ESAKE country,False,https://www.esake.gr/el/action/EsakeStats?mode=2&idchampionship=8C367D67&idseason=00000001,00000002,00000002,ΟΛΥΜΠΙΑΚΟΣ,1,24,False
2021-22,638965F8,ΔΕΪΜΕΖΗΣ Δημήτριος,ΕΛΛΑΔΑ,0,0.0,0.0,True,ESAKE country,False,https://www.esake.gr/el/action/EsakeStats?mode=2&idchampionship=8C367D67&idseason=00000001,00000001,00000001,ΠΑΝΑΘΗΝΑΪΚΟΣ AKTOR,2,24,False
2021-22,1097977E,ΔΗΜΑΛΗΣ Νίκος,ΕΛΛΑΔΑ,0,0.0,0.0,True,ESAKE country,False,https://www.esake.gr/el/action/EsakeStats?mode=2&idchampionship=8C367D67&idseason=00000001,00000011,00000017,ΗΡΑΚΛΗΣ,13,24,True
2021-22,A6D24B4F,ΔΗΜΟΥ Εμμανουήλ,ΕΛΛΑΔΑ,1,1.93,1.93,True,ESAKE country,False,https://www.esake.gr/el/action/EsakeStats?mode=2&idchampionship=8C367D67&idseason=00000001,00000001,00000001,ΠΑΝΑΘΗΝΑΪΚΟΣ AKTOR,2,24,False
2021-22,00000728,ΔΙΑΜΑΝΤΑΚΟΣ Γιώργος,ΕΛΛΑΔΑ,16,12.33,197.28,True,ESAKE country,False,https://www.esake.gr/el/action/EsakeStats?mode=2&idchampionship=8C367D67&idseason=00000001,00000004,00000004,ΑΠΟΛΛΩΝ Π. CARNA,11,24,True
2021-22,647ACEAC,ΔΙΠΛΑΡΟΣ Νίκος,ΕΛΛΑΔΑ,24,27.18,652.32,True,ESAKE country,False,https://www.esake.gr/el/action/EsakeStats?mode=2&idchampionship=8C367D67&idseason=00000001,00000004,00000004,ΑΠΟΛΛΩΝ Π. CARNA,11,24,True
2021-22,0BBCFBD3,ΕΒΑΝΣ Τζέρεμι,ΗΠΑ,18,17.34,312.12,False,ESAKE country,False,https://www.esake.gr/el/action/EsakeStats?mode=2&idchampionship=8C367D67&idseason=00000001,00000001,00000001,ΠΑΝΑΘΗΝΑΪΚΟΣ AKTOR,2,24,False
2021-22,93898BE2,ΕΪΜΠΡΑΜΣ Τζαμάρ,ΗΠΑ,10,32.1,321.0,False,ESAKE country,False,https://www.esake.gr/el/action/EsakeStats?mode=2&idchampionship=8C367D67&idseason=00000001,00000011,00000017,ΗΡΑΚΛΗΣ,13,24,True
2021-22,FB41797F,ΕΪΣΙ Κουίνσι,ΗΠΑ,14,10.34,144.76,False,ESAKE country,False,https://www.esake.gr/el/action/EsakeStats?mode=2&idchampionship=8C367D67&idseason=00000001,00000002,00000002,ΟΛΥΜΠΙΑΚΟΣ,1,24,False
2021-22,93EF2B87,ΕΡΤΣΕΓΚ Βασίλιε,ΣΕΡΒΙΑ,0,0.0,0.0,False,ESAKE country,False,https://www.esake.gr/el/action/EsakeStats?mode=2&idchampionship=8C367D67&idseason=00000001,4C2C8907,1177987079,ΙΩΝΙΚΟΣ BASKET,12,24,True
2021-22,79510360,ΕΥΣΤΑΘΙΑΔΗΣ Γιάννης,ΕΛΛΑΔΑ,3,3.26,9.78,True,ESAKE country,False,https://www.esake.gr/el/action/EsakeStats?mode=2&idchampionship=8C367D67&idseason=00000001,0000000D,00000013,ΠΕΡΙΣΤΕΡΙ bwin,8,24,True
2021-22,C96B7031,ΕΥΣΤΑΘΙΟΥ Συμεών,ΕΛΛΑΔΑ,0,0.0,0.0,True,ESAKE country,False,https://www.esake.gr/el/action/EsakeStats?mode=2&idchampionship=8C367D67&idseason=00000001,00000001,00000001,ΠΑΝΑΘΗΝΑΪΚΟΣ AKTOR,2,24,False
2021-22,B2363A1D,ΖΑΝ-ΣΑΡΛ Λιβιό,ΓΑΛΛΙΑ,20,17.77,355.4,False,ESAKE country,False,https://www.esake.gr/el/action/EsakeStats?mode=2&idchampionship=8C367D67&idseason=00000001,00000002,00000002,ΟΛΥΜΠΙΑΚΟΣ,1,24,False
2021-22,00000140,ΖΑΡΑΣ Θοδωρής,ΕΛΛΑΔΑ,21,23.16,486.36,True,ESAKE country,False,https://www.esake.gr/el/action/EsakeStats?mode=2&idchampionship=8C367D67&idseason=00000001,098B68C2,60131266,ΛΑΡΙΣΑ,6,24,False
2021-22,CB903EBB,ΖΟΥΓΡΗΣ Βαγγέλης,ΕΛΛΑΔΑ,7,6.1,42.7,True,ESAKE country,False,https://www.esake.gr/el/action/EsakeStats?mode=2&idchampionship=8C367D67&idseason=00000001,0000000D,00000013,ΠΕΡΙΣΤΕΡΙ bwin,8,24,True
2021-22,0000014D,ΖΟΥΜΠΟΣ Φώτης,ΕΛΛΑΔΑ,18,11.12,200.16,True,ESAKE country,False,https://www.esake.gr/el/action/EsakeStats?mode=2&idchampionship=8C367D67&idseason=00000001,00000004,00000004,ΑΠΟΛΛΩΝ Π. CARNA,11,24,True
2021-22,25B454A0,ΘΡΙΤ Τζέι,ΗΠΑ,4,23.07,92.28,False,ESAKE country,False,https://www.esake.gr/el/action/EsakeStats?mode=2&idchampionship=8C367D67&idseason=00000001,098B68C2,60131266,ΛΑΡΙΣΑ,6,24,False
2021-22,00000167,ΚΑΒΒΑΔΑΣ Βασίλης,ΕΛΛΑΔΑ,20,6.79,135.8,True,ESAKE country,False,https://www.esake.gr/el/action/EsakeStats?mode=2&idchampionship=8C367D67&idseason=00000001,00000001,00000001,ΠΑΝΑΘΗΝΑΪΚΟΣ AKTOR,2,24,False
2021-22,16AE30FC,ΚΑΚΛΑΜΑΝΑΚΗΣ Δημήτρης,ΕΛΛΑΔΑ,23,22.61,520.03,True,ESAKE country,False,https://www.esake.gr/el/action/EsakeStats?mode=2&idchampionship=8C367D67&idseason=00000001,F7D46144,37076412,ΛΑΥΡΙΟ DHI,10,24,True
2021-22,437FE11C,ΚΑΛΛΙΟΝΤΖΗΣ Στράτος,ΕΛΛΑΔΑ,0,0.0,0.0,True,ESAKE country,False,https://www.esake.gr/el/action/EsakeStats?mode=2&idchampionship=8C367D67&idseason=00000001,0000000C,00000012,ΠΑΟΚ,9,24,True
2021-22,7AE4574C,ΚΑΜΑΡΑΣ Νίκος,ΕΛΛΑΔΑ,18,6.27,112.86,True,ESAKE country,False,https://www.esake.gr/el/action/EsakeStats?mode=2&idchampionship=8C367D67&idseason=00000001,00000005,00000005,ΑΡΗΣ,7,24,False
2021-22,3F8AE0E4,ΚΑΜΑΡΙΑΝΟΣ Νικόλαος,ΕΛΛΑΔΑ,18,10.4,187.2,True,ESAKE country,False,https://www.esake.gr/el/action/EsakeStats?mode=2&idchampionship=8C367D67&idseason=00000001,0000000C,00000012,ΠΑΟΚ,9,24,True
2021-22,5099E231,ΚΑΜΠΕΡΙΔΗΣ Γιώργος,ΕΛΛΑΔΑ,20,9.73,194.6,True,ESAKE country,False,https://www.esake.gr/el/action/EsakeStats?mode=2&idchampionship=8C367D67&idseason=00000001,0000000C,00000012,ΠΑΟΚ,9,24,True
2021-22,E42E0A16,ΚΑΜΠΕΡΙΔΗΣ Μιχάλης,ΕΛΛΑΔΑ,7,4.53,31.71,True,ESAKE country,False,https://www.esake.gr/el/action/EsakeStats?mode=2&idchampionship=8C367D67&idseason=00000001,0000000C,00000012,ΠΑΟΚ,9,24,True
2021-22,611CA890,ΚΑΜΠΟΥΡΗΣ Νίκος,ΕΛΛΑΔΑ,9,1.56,14.04,True,ESAKE country,False,https://www.esake.gr/el/action/EsakeStats?mode=2&idchampionship=8C367D67&idseason=00000001,0000000A,00000010,ΚΟΛΟΣΣΟΣ H HOTELS COLLECTION,3,24,False
2021-22,C3F5F3E7,ΚΑΟΥΑΝ Άντονι,ΗΠΑ,24,33.43,802.32,False,ESAKE country,False,https://www.esake.gr/el/action/EsakeStats?mode=2&idchampionship=8C367D67&idseason=00000001,00000005,00000005,ΑΡΗΣ,7,24,False
2021-22,A501F5A4,ΚΑΡΑΓΙΑΝΝΗΣ Κωνσταντίνος,ΕΛΛΑΔΑ,0,0.0,0.0,True,ESAKE country,False,https://www.esake.gr/el/action/EsakeStats?mode=2&idchampionship=8C367D67&idseason=00000001,00000005,00000005,ΑΡΗΣ,7,24,False
2021-22,B91AE9D3,ΚΑΡΑΜΠΕΛΑΣ Ζώης,ΕΛΛΑΔΑ,23,16.44,378.12,True,ESAKE country,False,https://www.esake.gr/el/action/EsakeStats?mode=2&idchampionship=8C367D67&idseason=00000001,098B68C2,60131266,ΛΑΡΙΣΑ,6,24,False
2021-22,F004625B,ΚΑΡΛΗΣ Μανώλης,ΕΛΛΑΔΑ,1,0.42,0.42,True,ESAKE country,False,https://www.esake.gr/el/action/EsakeStats?mode=2&idchampionship=8C367D67&idseason=00000001,00000010,00000016,ΑΕΚ,4,24,False
2021-22,5EE3B9DF,ΚΑΡΛΗΣ Μιχάλης,ΕΛΛΑΔΑ,7,3.87,27.09,True,ESAKE country,False,https://www.esake.gr/el/action/EsakeStats?mode=2&idchampionship=8C367D67&idseason=00000001,00000010,00000016,ΑΕΚ,4,24,False
2021-22,6CE8EC18,ΚΑΡΤΕΡ Τάισον,ΗΠΑ,11,28.64,315.04,False,ESAKE country,False,https://www.esake.gr/el/action/EsakeStats?mode=2&idchampionship=8C367D67&idseason=00000001,F7D46144,37076412,ΛΑΥΡΙΟ DHI,10,24,True
2021-22,885A0BA0,ΚΑΡΤΕΡ Τζος,ΗΠΑ,5,19.07,95.35,False,ESAKE country,False,https://www.esake.gr/el/action/EsakeStats?mode=2&idchampionship=8C367D67&idseason=00000001,0000000C,00000012,ΠΑΟΚ,9,24,True
2021-22,000001AD,ΚΑΣΕΛΑΚΗΣ Λεωνίδας,ΕΛΛΑΔΑ,23,19.52,448.96,True,ESAKE country,False,https://www.esake.gr/el/action/EsakeStats?mode=2&idchampionship=8C367D67&idseason=00000001,00000001,00000001,ΠΑΝΑΘΗΝΑΪΚΟΣ AKTOR,2,24,False
2021-22,000001BC,ΚΑΤΣΙΒΕΛΗΣ Δημήτρης,ΕΛΛΑΔΑ,17,21.33,362.61,True,ESAKE country,False,https://www.esake.gr/el/action/EsakeStats?mode=2&idchampionship=8C367D67&idseason=00000001,0000000D,00000013,ΠΕΡΙΣΤΕΡΙ bwin,8,24,True
2021-22,81068992,ΚΕΛΙ Τζέιμς,ΗΠΑ,12,28.41,340.92,False,ESAKE country,False,https://www.esake.gr/el/action/EsakeStats?mode=2&idchampionship=8C367D67&idseason=00000001,00000005,00000005,ΑΡΗΣ,7,24,False
2021-22,138ABA23,ΚΛΙΒΕΛΑΝΤ Τόμας,ΗΠΑ,13,24.93,324.09,False,ESAKE country,False,https://www.esake.gr/el/action/EsakeStats?mode=2&idchampionship=8C367D67&idseason=00000001,00000004,00000004,ΑΠΟΛΛΩΝ Π. CARNA,11,24,True
2021-22,AFD9BB74,ΚΛΟΜΠΟΥΤΣΑΡ Γιάκα,ΣΛΟΒΕΝΙΑ,2,24.08,48.16,False,ESAKE country,False,https://www.esake.gr/el/action/EsakeStats?mode=2&idchampionship=8C367D67&idseason=00000001,00000005,00000005,ΑΡΗΣ,7,24,False
2021-22,4F830DA1,ΚΟΓΙΩΝΗΣ Γιώργος,ΕΛΛΑΔΑ,4,3.92,15.68,True,ESAKE country,False,https://www.esake.gr/el/action/EsakeStats?mode=2&idchampionship=8C367D67&idseason=00000001,00000004,00000004,ΑΠΟΛΛΩΝ Π. CARNA,11,24,True
2021-22,363F8335,ΚΟΖΙ Γκλεν,ΗΠΑ,15,22.75,341.25,False,ESAKE country,False,https://www.esake.gr/el/action/EsakeStats?mode=2&idchampionship=8C367D67&idseason=00000001,0000000D,00000013,ΠΕΡΙΣΤΕΡΙ bwin,8,24,True
2021-22,5330373D,ΚΟΛΟΒΕΡΟΣ Ιωσήφ,ΕΛΛΑΔΑ,20,25.56,511.2,True,ESAKE country,False,https://www.esake.gr/el/action/EsakeStats?mode=2&idchampionship=8C367D67&idseason=00000001,4C2C8907,1177987079,ΙΩΝΙΚΟΣ BASKET,12,24,True
2021-22,F00C2D88,ΚΟΛΟΜ Κίνο,ΙΣΠΑΝΙΑ,24,30.97,743.28,False,ESAKE country,False,https://www.esake.gr/el/action/EsakeStats?mode=2&idchampionship=8C367D67&idseason=00000001,00000010,00000016,ΑΕΚ,4,24,False
2021-22,0622C301,ΚΟΜΝΙΑΝΙΔΗΣ Ιωάννης,ΕΛΛΑΔΑ,1,8.23,8.23,True,ESAKE country,False,https://www.esake.gr/el/action/EsakeStats?mode=2&idchampionship=8C367D67&idseason=00000001,00000011,00000017,ΗΡΑΚΛΗΣ,13,24,True
2021-22,CF580EB7,ΚΟΝΙΑΡΗΣ Αντώνης,ΕΛΛΑΔΑ,6,10.34,62.04,True,ESAKE country,False,https://www.esake.gr/el/action/EsakeStats?mode=2&idchampionship=8C367D67&idseason=00000001,00000010,00000016,ΑΕΚ,4,24,False
2021-22,A8CDDD9F,ΚΟΟΥΛΜΑΝ Ορλάντο,ΗΠΑ,9,30.96,278.64,False,ESAKE country,False,https://www.esake.gr/el/action/EsakeStats?mode=2&idchampionship=8C367D67&idseason=00000001,00000004,00000004,ΑΠΟΛΛΩΝ Π. CARNA,11,24,True
2021-22,4C0E5F4B,ΚΟΥΖΕΛΟΓΛΟΥ Γιάννης,ΕΛΛΑΔΑ,24,23.76,570.24,True,ESAKE country,False,https://www.esake.gr/el/action/EsakeStats?mode=2&idchampionship=8C367D67&idseason=00000001,00000010,00000016,ΑΕΚ,4,24,False
2021-22,C1EB5AD0,ΚΡΟΥΜΠΑΛΙ Ουσμάν,ΗΠΑ,23,28.67,659.41,False,ESAKE country,False,https://www.esake.gr/el/action/EsakeStats?mode=2&idchampionship=8C367D67&idseason=00000001,098B68C2,60131266,ΛΑΡΙΣΑ,6,24,False
2021-22,A611774B,ΚΩΝΣΤΑΝΤΙΝΙΔΗΣ Θεόδωρος,ΕΛΛΑΔΑ,0,0.0,0.0,True,ESAKE country,False,https://www.esake.gr/el/action/EsakeStats?mode=2&idchampionship=8C367D67&idseason=00000001,0000000C,00000012,ΠΑΟΚ,9,24,True
2021-22,0000073F,ΚΩΤΤΑΣ Θωμάς,ΕΛΛΑΔΑ,22,9.87,217.14,True,ESAKE country,False,https://www.esake.gr/el/action/EsakeStats?mode=2&idchampionship=8C367D67&idseason=00000001,00000005,00000005,ΑΡΗΣ,7,24,False
2021-22,97F0888E,ΛΑΓΙΟΣ Αγγελος,ΕΛΛΑΔΑ,10,9.15,91.5,True,ESAKE country,False,https://www.esake.gr/el/action/EsakeStats?mode=2&idchampionship=8C367D67&idseason=00000001,2A25C696,607118742,ΠΡΟΜΗΘΕΑΣ ΠΑΤΡΑΣ ΒΙΚΟΣ COLA,5,24,False
2021-22,A6F93229,ΛΑΜΠΡΟΠΟΥΛΟΣ Κωνσταντίνος,ΕΛΛΑΔΑ,0,0.0,0.0,True,ESAKE country,False,https://www.esake.gr/el/action/EsakeStats?mode=2&idchampionship=8C367D67&idseason=00000001,00000005,00000005,ΑΡΗΣ,7,24,False
2021-22,000006C7,ΛΑΝΓΚΦΟΡΝΤ Κέβιν,ΗΠΑ,6,16.72,100.32,False,ESAKE country,False,https://www.esake.gr/el/action/EsakeStats?mode=2&idchampionship=8C367D67&idseason=00000001,4C2C8907,1177987079,ΙΩΝΙΚΟΣ BASKET,12,24,True
2021-22,7A6A1B1D,ΛΑΝΓΚΦΟΡΝΤ Κιθ,ΗΠΑ,4,12.3,49.2,False,ESAKE country,False,https://www.esake.gr/el/action/EsakeStats?mode=2&idchampionship=8C367D67&idseason=00000001,00000010,00000016,ΑΕΚ,4,24,False
2021-22,00000245,ΛΑΡΕΝΤΖΑΚΗΣ Γιαννούλης,ΕΛΛΑΔΑ,24,16.41,393.84,True,ESAKE country,False,https://www.esake.gr/el/action/EsakeStats?mode=2&idchampionship=8C367D67&idseason=00000001,00000002,00000002,ΟΛΥΜΠΙΑΚΟΣ,1,24,False
2021-22,17ECFD81,ΛΑΤΟΣ Ηλίας,ΕΛΛΑΔΑ,0,0.0,0.0,True,ESAKE country,False,https://www.esake.gr/el/action/EsakeStats?mode=2&idchampionship=8C367D67&idseason=00000001,00000011,00000017,ΗΡΑΚΛΗΣ,13,24,True
2021-22,DAE822EB,ΛΙ Άντονι,ΗΠΑ,14,10.38,145.32,False,ESAKE country,False,https://www.esake.gr/el/action/EsakeStats?mode=2&idchampionship=8C367D67&idseason=00000001,0000000C,00000012,ΠΑΟΚ,9,24,True
2021-22,589F308C,ΛΙΝΤΣ Ρέτζι,ΗΠΑ,6,26.71,160.26,False,ESAKE country,False,https://www.esake.gr/el/action/EsakeStats?mode=2&idchampionship=8C367D67&idseason=00000001,00000011,00000017,ΗΡΑΚΛΗΣ,13,24,True
2021-22,63A16274,ΛΙΟΥΙΣ Μάρκους,ΗΠΑ,8,20.55,164.4,False,ESAKE country,False,https://www.esake.gr/el/action/EsakeStats?mode=2&idchampionship=8C367D67&idseason=00000001,F7D46144,37076412,ΛΑΥΡΙΟ DHI,10,24,True
2021-22,D400B3A0,ΛΟΒ Ζερμέιν,ΗΠΑ,22,27.38,602.36,False,ESAKE country,False,https://www.esake.gr/el/action/EsakeStats?mode=2&idchampionship=8C367D67&idseason=00000001,0000000C,00000012,ΠΑΟΚ,9,24,True
2021-22,AD2F506D,ΛΟΚΕΤ Έρικ,ΗΠΑ,24,22.71,545.04,False,ESAKE country,False,https://www.esake.gr/el/action/EsakeStats?mode=2&idchampionship=8C367D67&idseason=00000001,00000005,00000005,ΑΡΗΣ,7,24,False
2021-22,2BB1AF1F,ΛΟΥΝΤΖΗΣ Μιχάλης,ΕΛΛΑΔΑ,21,13.48,283.08,True,ESAKE country,False,https://www.esake.gr/el/action/EsakeStats?mode=2&idchampionship=8C367D67&idseason=00000001,00000002,00000002,ΟΛΥΜΠΙΑΚΟΣ,1,24,False
2021-22,859FCF83,ΜΑΪΛΣ Αϊζάια,ΗΠΑ,10,19.03,190.3,False,ESAKE country,False,https://www.esake.gr/el/action/EsakeStats?mode=2&idchampionship=8C367D67&idseason=00000001,2A25C696,607118742,ΠΡΟΜΗΘΕΑΣ ΠΑΤΡΑΣ ΒΙΚΟΣ COLA,5,24,False
2021-22,FC26E3ED,ΜΑΚ ΚΙΣΙΚ Σακίλ,ΗΠΑ,19,19.42,368.98,False,ESAKE country,False,https://www.esake.gr/el/action/EsakeStats?mode=2&idchampionship=8C367D67&idseason=00000001,00000002,00000002,ΟΛΥΜΠΙΑΚΟΣ,1,24,False
2021-22,1640A77F,ΜΑΚ ΚΡΙ Έρικ,ΗΠΑ,10,25.82,258.2,False,ESAKE country,False,https://www.esake.gr/el/action/EsakeStats?mode=2&idchampionship=8C367D67&idseason=00000001,0000000D,00000013,ΠΕΡΙΣΤΕΡΙ bwin,8,24,True
2021-22,AD5E0CE0,ΜΑΚ ΛΑΦΙΝ Τζέρεμι,ΗΠΑ,13,7.26,94.38,False,ESAKE country,False,https://www.esake.gr/el/action/EsakeStats?mode=2&idchampionship=8C367D67&idseason=00000001,00000004,00000004,ΑΠΟΛΛΩΝ Π. CARNA,11,24,True
2021-22,CF35F71C,ΜΑΚΛΙΝ Τρε,ΗΠΑ,13,31.1,404.3,False,ESAKE country,False,https://www.esake.gr/el/action/EsakeStats?mode=2&idchampionship=8C367D67&idseason=00000001,00000004,00000004,ΑΠΟΛΛΩΝ Π. CARNA,11,24,True
2021-22,B701038F,ΜΑΝΙΑΣ Ηλίας,ΕΛΛΑΔΑ,4,2.28,9.12,True,ESAKE country,False,https://www.esake.gr/el/action/EsakeStats?mode=2&idchampionship=8C367D67&idseason=00000001,0000000D,00000013,ΠΕΡΙΣΤΕΡΙ bwin,8,24,True
2021-22,0000029C,ΜΑΝΤΖΑΡΗΣ Βαγγέλης,ΕΛΛΑΔΑ,18,22.54,405.72,True,ESAKE country,False,https://www.esake.gr/el/action/EsakeStats?mode=2&idchampionship=8C367D67&idseason=00000001,0000000C,00000012,ΠΑΟΚ,9,24,True
2021-22,24974100,ΜΑΝΤΖΟΥΚΑΣ Λευτέρης,ΕΛΛΑΔΑ,18,8.75,157.5,True,ESAKE country,False,https://www.esake.gr/el/action/EsakeStats?mode=2&idchampionship=8C367D67&idseason=00000001,00000001,00000001,ΠΑΝΑΘΗΝΑΪΚΟΣ AKTOR,2,24,False
2021-22,000002A8,ΜΑΡΓΑΡΙΤΗΣ Βαγγέλης,ΕΛΛΑΔΑ,24,18.82,451.68,True,ESAKE country,False,https://www.esake.gr/el/action/EsakeStats?mode=2&idchampionship=8C367D67&idseason=00000001,0000000A,00000010,ΚΟΛΟΣΣΟΣ H HOTELS COLLECTION,3,24,False
2021-22,A4433812,ΜΑΡΙΤΣ Μαρίν,ΚΡΟΑΤΙΑ,13,23.55,306.15,False,ESAKE country,False,https://www.esake.gr/el/action/EsakeStats?mode=2&idchampionship=8C367D67&idseason=00000001,098B68C2,60131266,ΛΑΡΙΣΑ,6,24,False
2021-22,BED303AC,ΜΑΡΤΙΝ Χασάν,ΗΠΑ,23,13.96,321.08,False,ESAKE country,False,https://www.esake.gr/el/action/EsakeStats?mode=2&idchampionship=8C367D67&idseason=00000001,00000002,00000002,ΟΛΥΜΠΙΑΚΟΣ,1,24,False
2021-22,000002C6,ΜΑΥΡΟΕΙΔΗΣ Δημήτρης,ΕΛΛΑΔΑ,19,14.91,283.29,True,ESAKE country,False,https://www.esake.gr/el/action/EsakeStats?mode=2&idchampionship=8C367D67&idseason=00000001,00000010,00000016,ΑΕΚ,4,24,False
2021-22,000002C7,ΜΑΥΡΟΚΕΦΑΛΙΔΗΣ Λουκάς,ΕΛΛΑΔΑ,6,30.41,182.46,True,ESAKE country,False,https://www.esake.gr/el/action/EsakeStats?mode=2&idchampionship=8C367D67&idseason=00000001,4C2C8907,1177987079,ΙΩΝΙΚΟΣ BASKET,12,24,True
2021-22,22136494,ΜΕΪΚΟΝ Ντάριλ,ΗΠΑ,21,24.7,518.7,False,ESAKE country,False,https://www.esake.gr/el/action/EsakeStats?mode=2&idchampionship=8C367D67&idseason=00000001,00000001,00000001,ΠΑΝΑΘΗΝΑΪΚΟΣ AKTOR,2,24,False
2021-22,FDAA52B6,ΜΕΣΙΤΣΕΚ Μπλαζ,ΣΛΟΒΕΝΙΑ,3,19.93,59.79,False,ESAKE country,False,https://www.esake.gr/el/action/EsakeStats?mode=2&idchampionship=8C367D67&idseason=00000001,0000000A,00000010,ΚΟΛΟΣΣΟΣ H HOTELS COLLECTION,3,24,False
2021-22,726D6513,ΜΗΤΡΟΥ-ΛΟΝΓΚ Ελάιζα,ΕΛΛΑΔΑ,13,25.04,325.52,True,ESAKE country,False,https://www.esake.gr/el/action/EsakeStats?mode=2&idchampionship=8C367D67&idseason=00000001,00000004,00000004,ΑΠΟΛΛΩΝ Π. CARNA,11,24,True
2021-22,62B50AD7,ΜΙΛΕΡ Ίαν,ΗΠΑ,10,22.36,223.6,False,ESAKE country,False,https://www.esake.gr/el/action/EsakeStats?mode=2&idchampionship=8C367D67&idseason=00000001,0000000D,00000013,ΠΕΡΙΣΤΕΡΙ bwin,8,24,True
2021-22,A0A4AC5B,ΜΙΛΕΡ Σον,ΗΠΑ,19,25.48,484.12,False,ESAKE country,False,https://www.esake.gr/el/action/EsakeStats?mode=2&idchampionship=8C367D67&idseason=00000001,0000000A,00000010,ΚΟΛΟΣΣΟΣ H HOTELS COLLECTION,3,24,False
2021-22,A7EA2098,ΜΙΡΟΣΑΒΙΤΣ Αγγελος,ΕΛΛΑΔΑ,0,0.0,0.0,True,ESAKE country,False,https://www.esake.gr/el/action/EsakeStats?mode=2&idchampionship=8C367D67&idseason=00000001,0000000A,00000010,ΚΟΛΟΣΣΟΣ H HOTELS COLLECTION,3,24,False
2021-22,00000713,ΜΟΛΦΕΤΑΣ Γιάννης,ΕΛΛΑΔΑ,10,11.15,111.5,True,ESAKE country,False,https://www.esake.gr/el/action/EsakeStats?mode=2&idchampionship=8C367D67&idseason=00000001,00000004,00000004,ΑΠΟΛΛΩΝ Π. CARNA,11,24,True
2021-22,22A70E15,ΜΟΜΙΡΟΦ Στεφάν,ΣΕΡΒΙΑ,24,26.47,635.28,False,ESAKE country,False,https://www.esake.gr/el/action/EsakeStats?mode=2&idchampionship=8C367D67&idseason=00000001,0000000A,00000010,ΚΟΛΟΣΣΟΣ H HOTELS COLLECTION,3,24,False
2021-22,DF0C4F07,ΜΟΝΤΓΚΟΜΕΡΙ Ρόμπερτ,ΗΠΑ,1,18.7,18.7,False,ESAKE country,False,https://www.esake.gr/el/action/EsakeStats?mode=2&idchampionship=8C367D67&idseason=00000001,00000004,00000004,ΑΠΟΛΛΩΝ Π. CARNA,11,24,True
2021-22,FCBD1D31,ΜΟΟΥΖΕΣ Κίνγκσλεϊ,ΝΙΓΗΡΙΑ,10,15.91,159.1,False,ESAKE country,False,https://www.esake.gr/el/action/EsakeStats?mode=2&idchampionship=8C367D67&idseason=00000001,4C2C8907,1177987079,ΙΩΝΙΚΟΣ BASKET,12,24,True
2021-22,045020C4,ΜΟΡΕΪΡΑ Γιανίκ,ΑΝΓΚΟΛΑ,9,15.39,138.51,False,ESAKE country,False,https://www.esake.gr/el/action/EsakeStats?mode=2&idchampionship=8C367D67&idseason=00000001,0000000D,00000013,ΠΕΡΙΣΤΕΡΙ bwin,8,24,True
2021-22,DE940DF1,ΜΟΥΖΟΥΡΑΚΗΣ Οδυσσέας,ΕΛΛΑΔΑ,0,0.0,0.0,True,ESAKE country,False,https://www.esake.gr/el/action/EsakeStats?mode=2&idchampionship=8C367D67&idseason=00000001,00000010,00000016,ΑΕΚ,4,24,False
2021-22,95096618,ΜΟΥΝΤΙ Στέφαν,ΗΠΑ,16,32.01,512.16,False,ESAKE country,False,https://www.esake.gr/el/action/EsakeStats?mode=2&idchampionship=8C367D67&idseason=00000001,098B68C2,60131266,ΛΑΡΙΣΑ,6,24,False
2021-22,FED5F313,ΜΟΥΡΑΤΟΣ Βασίλης,ΕΛΛΑΔΑ,24,27.35,656.4,True,ESAKE country,False,https://www.esake.gr/el/action/EsakeStats?mode=2&idchampionship=8C367D67&idseason=00000001,F7D46144,37076412,ΛΑΥΡΙΟ DHI,10,24,True
2021-22,0000030E,ΜΟΥΡΤΟΣ Σπύρος,ΕΛΛΑΔΑ,5,7.89,39.45,True,ESAKE country,False,https://www.esake.gr/el/action/EsakeStats?mode=2&idchampionship=8C367D67&idseason=00000001,4C2C8907,1177987079,ΙΩΝΙΚΟΣ BASKET,12,24,True
2021-22,C190739A,ΜΟΥΣΤΑΦΑ Μουχαϊμίν,ΣΟΥΔΑΝ,20,24.16,483.2,False,ESAKE country,False,https://www.esake.gr/el/action/EsakeStats?mode=2&idchampionship=8C367D67&idseason=00000001,4C2C8907,1177987079,ΙΩΝΙΚΟΣ BASKET,12,24,True
2021-22,448AF744,ΜΠΑΖΙΝΑΣ Θανάσης,ΕΛΛΑΔΑ,18,7.81,140.58,True,ESAKE country,False,https://www.esake.gr/el/action/EsakeStats?mode=2&idchampionship=8C367D67&idseason=00000001,2A25C696,607118742,ΠΡΟΜΗΘΕΑΣ ΠΑΤΡΑΣ ΒΙΚΟΣ COLA,5,24,False
2021-22,6437DA66,ΜΠΑΖΙΝΑΣ Περικλής,ΕΛΛΑΔΑ,2,5.54,11.08,True,ESAKE country,False,https://www.esake.gr/el/action/EsakeStats?mode=2&idchampionship=8C367D67&idseason=00000001,00000004,00000004,ΑΠΟΛΛΩΝ Π. CARNA,11,24,True
2021-22,997515B8,ΜΠΑΡΦΙΛΝΤ Σέντρικ,ΗΠΑ,3,12.58,37.74,False,ESAKE country,False,https://www.esake.gr/el/action/EsakeStats?mode=2&idchampionship=8C367D67&idseason=00000001,00000004,00000004,ΑΠΟΛΛΩΝ Π. CARNA,11,24,True
2021-22,FD2FCD35,ΜΠΕΡΖΙΝΣ Γιάνις,ΛΕΤΟΝΙΑ,13,16.11,209.43,False,ESAKE country,False,https://www.esake.gr/el/action/EsakeStats?mode=2&idchampionship=8C367D67&idseason=00000001,098B68C2,60131266,ΛΑΡΙΣΑ,6,24,False
2021-22,481F0638,ΜΠΙΛΑΛΗΣ Κωνσταντίνος,ΕΛΛΑΔΑ,3,20.48,61.44,True,ESAKE country,False,https://www.esake.gr/el/action/EsakeStats?mode=2&idchampionship=8C367D67&idseason=00000001,0000000D,00000013,ΠΕΡΙΣΤΕΡΙ bwin,8,24,True
2021-22,ED874474,ΜΠΙΛΛΗΣ Σωτήρης,ΕΛΛΑΔΑ,16,6.52,104.32,True,ESAKE country,False,https://www.esake.gr/el/action/EsakeStats?mode=2&idchampionship=8C367D67&idseason=00000001,0000000A,00000010,ΚΟΛΟΣΣΟΣ H HOTELS COLLECTION,3,24,False
2021-22,9D8F258F,ΜΠΛΕΡ Τζαβόν,ΚΑΝΑΔΑΣ,1,9.28,9.28,False,ESAKE country,False,https://www.esake.gr/el/action/EsakeStats?mode=2&idchampionship=8C367D67&idseason=00000001,F7D46144,37076412,ΛΑΥΡΙΟ DHI,10,24,True
2021-22,00000366,ΜΠΟΓΡΗΣ Γιώργος,ΕΛΛΑΔΑ,12,22.28,267.36,True,ESAKE country,False,https://www.esake.gr/el/action/EsakeStats?mode=2&idchampionship=8C367D67&idseason=00000001,00000004,00000004,ΑΠΟΛΛΩΝ Π. CARNA,11,24,True
2021-22,0000037E,ΜΠΟΧΩΡΙΔΗΣ Ελευθέριος,ΕΛΛΑΔΑ,20,15.36,307.2,True,ESAKE country,False,https://www.esake.gr/el/action/EsakeStats?mode=2&idchampionship=8C367D67&idseason=00000001,00000001,00000001,ΠΑΝΑΘΗΝΑΪΚΟΣ AKTOR,2,24,False
2021-22,B1496F92,ΜΠΡΑΟΥΝ Τσαντ,ΗΠΑ,22,18.88,415.36,False,ESAKE country,False,https://www.esake.gr/el/action/EsakeStats?mode=2&idchampionship=8C367D67&idseason=00000001,0000000D,00000013,ΠΕΡΙΣΤΕΡΙ bwin,8,24,True
2021-22,E79B2944,ΜΩΡΑΪΤΗΣ Δημήτρης,ΕΛΛΑΔΑ,19,22.8,433.2,True,ESAKE country,False,https://www.esake.gr/el/action/EsakeStats?mode=2&idchampionship=8C367D67&idseason=00000001,0000000D,00000013,ΠΕΡΙΣΤΕΡΙ bwin,8,24,True
2021-22,73A58900,ΝΕΝΤΟΒΙΤΣ Νεμάνια,ΣΕΡΒΙΑ,16,23.39,374.24,False,ESAKE country,False,https://www.esake.gr/el/action/EsakeStats?mode=2&idchampionship=8C367D67&idseason=00000001,00000001,00000001,ΠΑΝΑΘΗΝΑΪΚΟΣ AKTOR,2,24,False
2021-22,190306E5,ΝΕΟΦΥΤΟΣ Γεώργιος,ΕΛΛΑΔΑ,0,0.0,0.0,True,ESAKE country,False,https://www.esake.gr/el/action/EsakeStats?mode=2&idchampionship=8C367D67&idseason=00000001,2A25C696,607118742,ΠΡΟΜΗΘΕΑΣ ΠΑΤΡΑΣ ΒΙΚΟΣ COLA,5,24,False
2021-22,14F5D6AF,ΝΕΤΖΗΠΟΓΛΟΥ Όμηρος,ΕΛΛΑΔΑ,23,22.12,508.76,True,ESAKE country,False,https://www.esake.gr/el/action/EsakeStats?mode=2&idchampionship=8C367D67&idseason=00000001,00000005,00000005,ΑΡΗΣ,7,24,False
2021-22,6547DF27,ΝΙΚΟΛΑΪΔΗΣ Αλέξανδρος,ΕΛΛΑΔΑ,21,19.5,409.5,True,ESAKE country,False,https://www.esake.gr/el/action/EsakeStats?mode=2&idchampionship=8C367D67&idseason=00000001,F7D46144,37076412,ΛΑΥΡΙΟ DHI,10,24,True
2021-22,679BD548,ΝΤΑΓΚΛΑΣ Τόνι,ΗΠΑ,11,33.99,373.89,False,ESAKE country,False,https://www.esake.gr/el/action/EsakeStats?mode=2&idchampionship=8C367D67&idseason=00000001,00000011,00000017,ΗΡΑΚΛΗΣ,13,24,True
2021-22,BB72FA72,ΝΤΑΝΙΕΛΣ Τράβις,ΗΠΑ,5,11.8,59.0,False,ESAKE country,False,https://www.esake.gr/el/action/EsakeStats?mode=2&idchampionship=8C367D67&idseason=00000001,00000011,00000017,ΗΡΑΚΛΗΣ,13,24,True
2021-22,DD1C58F5,ΝΤΕΪΒΙΣ Μάικ,ΗΠΑ,2,16.02,32.04,False,ESAKE country,False,https://www.esake.gr/el/action/EsakeStats?mode=2&idchampionship=8C367D67&idseason=00000001,4C2C8907,1177987079,ΙΩΝΙΚΟΣ BASKET,12,24,True
2021-22,F2D87F7B,ΝΤΕΪΒΙΣ Ντεζόν,ΗΠΑ,23,25.58,588.34,False,ESAKE country,False,https://www.esake.gr/el/action/EsakeStats?mode=2&idchampionship=8C367D67&idseason=00000001,00000004,00000004,ΑΠΟΛΛΩΝ Π. CARNA,11,24,True
2021-22,3AEC29CF,ΝΤΙ ΛΕΟ Ντέιβιντ,ΗΠΑ,24,21.32,511.68,False,ESAKE country,False,https://www.esake.gr/el/action/EsakeStats?mode=2&idchampionship=8C367D67&idseason=00000001,0000000C,00000012,ΠΑΟΚ,9,24,True
2021-22,EE50053B,ΝΤΟΛΕΖΑΙ Μάρεκ,ΣΛΟΒΕΝΙΑ,13,23.18,301.34,False,ESAKE country,False,https://www.esake.gr/el/action/EsakeStats?mode=2&idchampionship=8C367D67&idseason=00000001,00000011,00000017,ΗΡΑΚΛΗΣ,13,24,True
2021-22,12208166,ΝΤΟΡΣΕΪ Τάιλερ,ΕΛΛΑΔΑ,24,19.96,479.04,True,ESAKE country,False,https://www.esake.gr/el/action/EsakeStats?mode=2&idchampionship=8C367D67&idseason=00000001,00000002,00000002,ΟΛΥΜΠΙΑΚΟΣ,1,24,False
2021-22,000003F5,ΞΑΝΘΟΠΟΥΛΟΣ Βασίλης,ΕΛΛΑΔΑ,17,20.18,343.06,True,ESAKE country,False,https://www.esake.gr/el/action/EsakeStats?mode=2&idchampionship=8C367D67&idseason=00000001,0000000A,00000010,ΚΟΛΟΣΣΟΣ H HOTELS COLLECTION,3,24,False
2021-22,4C7A360C,ΟΓΚΜΠΕΪΝΤΕ Ντέρεκ,ΗΠΑ,8,13.04,104.32,False,ESAKE country,False,https://www.esake.gr/el/action/EsakeStats?mode=2&idchampionship=8C367D67&idseason=00000001,0000000C,00000012,ΠΑΟΚ,9,24,True
2021-22,6CE7C23C,ΟΙΚΟΝΟΜΟΠΟΥΛΟΣ Κωνσταντίνος,ΕΛΛΑΔΑ,1,5.95,5.95,True,ESAKE country,False,https://www.esake.gr/el/action/EsakeStats?mode=2&idchampionship=8C367D67&idseason=00000001,0000000A,00000010,ΚΟΛΟΣΣΟΣ H HOTELS COLLECTION,3,24,False
2021-22,628DA4EE,ΟΙΚΟΝΟΜΟΠΟΥΛΟΣ Σωτήρης,ΕΛΛΑΔΑ,2,2.28,4.56,True,ESAKE country,False,https://www.esake.gr/el/action/EsakeStats?mode=2&idchampionship=8C367D67&idseason=00000001,00000002,00000002,ΟΛΥΜΠΙΑΚΟΣ,1,24,False
2021-22,5A87273F,ΟΟΥΕΝΣ Τζος,Η.Π.Α.,4,21.67,86.68,False,ESAKE country,False,https://www.esake.gr/el/action/EsakeStats?mode=2&idchampionship=8C367D67&idseason=00000001,4C2C8907,1177987079,ΙΩΝΙΚΟΣ BASKET,12,24,True
2021-22,68F03044,ΟΥΑΪΤ Οκάρο,ΗΠΑ,22,23.85,524.7,False,ESAKE country,False,https://www.esake.gr/el/action/EsakeStats?mode=2&idchampionship=8C367D67&idseason=00000001,00000001,00000001,ΠΑΝΑΘΗΝΑΪΚΟΣ AKTOR,2,24,False
2021-22,D98A0DB4,ΟΥΑΣΙΝΓΚΤΟΝ Ντεβόν,ΗΠΑ,7,19.32,135.24,False,ESAKE country,False,https://www.esake.gr/el/action/EsakeStats?mode=2&idchampionship=8C367D67&idseason=00000001,098B68C2,60131266,ΛΑΡΙΣΑ,6,24,False
2021-22,C3E4FC57,ΟΥΙΛΙΑΜΣ Ζίριους,ΗΠΑ,22,30.02,660.44,False,ESAKE country,False,https://www.esake.gr/el/action/EsakeStats?mode=2&idchampionship=8C367D67&idseason=00000001,00000005,00000005,ΑΡΗΣ,7,24,False
2021-22,24D310BE,ΟΥΙΛΙΑΜΣ Κένι,ΗΠΑ,23,31.97,735.31,False,ESAKE country,False,https://www.esake.gr/el/action/EsakeStats?mode=2&idchampionship=8C367D67&idseason=00000001,0000000A,00000010,ΚΟΛΟΣΣΟΣ H HOTELS COLLECTION,3,24,False
2021-22,74FDF355,ΟΥΙΛΙΑΜΣ Ματ Τζούνιορ,ΗΠΑ,14,18.63,260.82,False,ESAKE country,False,https://www.esake.gr/el/action/EsakeStats?mode=2&idchampionship=8C367D67&idseason=00000001,F7D46144,37076412,ΛΑΥΡΙΟ DHI,10,24,True
2021-22,00000451,ΠΑΠΑΓΙΑΝΝΗΣ Γιώργος,ΕΛΛΑΔΑ,21,27.26,572.46,True,ESAKE country,False,https://www.esake.gr/el/action/EsakeStats?mode=2&idchampionship=8C367D67&idseason=00000001,00000001,00000001,ΠΑΝΑΘΗΝΑΪΚΟΣ AKTOR,2,24,False
2021-22,41010DDA,ΠΑΠΑΔΑΚΗΣ Κώστας,ΕΛΛΑΔΑ,23,22.77,523.71,True,ESAKE country,False,https://www.esake.gr/el/action/EsakeStats?mode=2&idchampionship=8C367D67&idseason=00000001,00000011,00000017,ΗΡΑΚΛΗΣ,13,24,True
2021-22,00000468,ΠΑΠΑΝΙΚΟΛΑΟΥ Κώστας,ΕΛΛΑΔΑ,21,20.75,435.75,True,ESAKE country,False,https://www.esake.gr/el/action/EsakeStats?mode=2&idchampionship=8C367D67&idseason=00000001,00000002,00000002,ΟΛΥΜΠΙΑΚΟΣ,1,24,False
2021-22,0000046F,ΠΑΠΑΝΤΩΝΙΟΥ Νώντας,ΕΛΛΑΔΑ,19,13.68,259.92,True,ESAKE country,False,https://www.esake.gr/el/action/EsakeStats?mode=2&idchampionship=8C367D67&idseason=00000001,098B68C2,60131266,ΛΑΡΙΣΑ,6,24,False
2021-22,8E3AD877,ΠΑΠΑΠΕΤΡΟΥ Ιωάννης,ΕΛΛΑΔΑ,15,24.86,372.9,True,ESAKE country,False,https://www.esake.gr/el/action/EsakeStats?mode=2&idchampionship=8C367D67&idseason=00000001,00000001,00000001,ΠΑΝΑΘΗΝΑΪΚΟΣ AKTOR,2,24,False
2021-22,EE35C247,ΠΑΠΑΦΩΤΙΟΥ Φώτης,ΕΛΛΑΔΑ,3,4.17,12.51,True,ESAKE country,False,https://www.esake.gr/el/action/EsakeStats?mode=2&idchampionship=8C367D67&idseason=00000001,00000004,00000004,ΑΠΟΛΛΩΝ Π. CARNA,11,24,True
2021-22,0000047A,ΠΑΠΠΑΣ Νίκος,ΕΛΛΑΔΑ,12,26.91,322.92,True,ESAKE country,False,https://www.esake.gr/el/action/EsakeStats?mode=2&idchampionship=8C367D67&idseason=00000001,00000010,00000016,ΑΕΚ,4,24,False
2021-22,3742055C,ΠΑΡΚΕΡ Τζος,ΗΠΑ,6,19.49,116.94,False,ESAKE country,False,https://www.esake.gr/el/action/EsakeStats?mode=2&idchampionship=8C367D67&idseason=00000001,4C2C8907,1177987079,ΙΩΝΙΚΟΣ BASKET,12,24,True
2021-22,FE91A972,ΠΕΡΙ Κέντρικ,ΗΠΑ,10,17.61,176.1,False,ESAKE country,False,https://www.esake.gr/el/action/EsakeStats?mode=2&idchampionship=8C367D67&idseason=00000001,00000001,00000001,ΠΑΝΑΘΗΝΑΪΚΟΣ AKTOR,2,24,False
2021-22,49574E22,ΠΕΡΣΙΔΗΣ Νικόλαος,ΕΛΛΑΔΑ,23,15.1,347.3,True,ESAKE country,False,https://www.esake.gr/el/action/EsakeStats?mode=2&idchampionship=8C367D67&idseason=00000001,F7D46144,37076412,ΛΑΥΡΙΟ DHI,10,24,True
2021-22,66365C38,ΠΕΤΑΝΙΔΗΣ Γιώργος,ΕΛΛΑΔΑ,7,8.16,57.12,True,ESAKE country,False,https://www.esake.gr/el/action/EsakeStats?mode=2&idchampionship=8C367D67&idseason=00000001,00000011,00000017,ΗΡΑΚΛΗΣ,13,24,True
2021-22,D953EB46,ΠΕΤΑΝΙΔΗΣ Κυριάκος,ΕΛΛΑΔΑ,9,1.67,15.03,True,ESAKE country,False,https://www.esake.gr/el/action/EsakeStats?mode=2&idchampionship=8C367D67&idseason=00000001,00000005,00000005,ΑΡΗΣ,7,24,False
2021-22,7C6B30BF,ΠΕΤΕΓΟΥΕΪ Τεράν,ΗΠΑ,24,26.49,635.76,False,ESAKE country,False,https://www.esake.gr/el/action/EsakeStats?mode=2&idchampionship=8C367D67&idseason=00000001,0000000D,00000013,ΠΕΡΙΣΤΕΡΙ bwin,8,24,True
2021-22,2FDD0350,ΠΕΤΡΟΠΟΥΛΟΣ Ανδρέας,ΕΛΛΑΔΑ,21,17.75,372.75,True,ESAKE country,False,https://www.esake.gr/el/action/EsakeStats?mode=2&idchampionship=8C367D67&idseason=00000001,00000010,00000016,ΑΕΚ,4,24,False
2021-22,6C30ED4B,ΠΙΛΑΒΙΟΣ Άλφης,ΕΛΛΑΔΑ,16,7.58,121.28,True,ESAKE country,False,https://www.esake.gr/el/action/EsakeStats?mode=2&idchampionship=8C367D67&idseason=00000001,F7D46144,37076412,ΛΑΥΡΙΟ DHI,10,24,True
2021-22,437F9136,ΠΙΠΕΝ Ντάνι,ΗΠΑ,3,10.88,32.64,False,ESAKE country,False,https://www.esake.gr/el/action/EsakeStats?mode=2&idchampionship=8C367D67&idseason=00000001,F7D46144,37076412,ΛΑΥΡΙΟ DHI,10,24,True
2021-22,8A20EF38,ΠΛΩΤΑΣ Νίκος,ΕΛΛΑΔΑ,0,0.0,0.0,True,ESAKE country,False,https://www.esake.gr/el/action/EsakeStats?mode=2&idchampionship=8C367D67&idseason=00000001,2A25C696,607118742,ΠΡΟΜΗΘΕΑΣ ΠΑΤΡΑΣ ΒΙΚΟΣ COLA,5,24,False
2021-22,912B1D4B,ΠΟΤ Στέφαν,ΚΡΟΑΤΙΑ,24,23.86,572.64,False,ESAKE country,False,https://www.esake.gr/el/action/EsakeStats?mode=2&idchampionship=8C367D67&idseason=00000001,0000000A,00000010,ΚΟΛΟΣΣΟΣ H HOTELS COLLECTION,3,24,False
2021-22,F42B3D2C,ΠΟΥΛΙΑΝΙΤΗΣ Στέλιος,ΕΛΛΑΔΑ,21,18.51,388.71,True,ESAKE country,False,https://www.esake.gr/el/action/EsakeStats?mode=2&idchampionship=8C367D67&idseason=00000001,00000005,00000005,ΑΡΗΣ,7,24,False
2021-22,ED9C88DB,ΠΡΑΠΑΣ Στέργιος,ΕΛΛΑΔΑ,8,2.12,16.96,True,ESAKE country,False,https://www.esake.gr/el/action/EsakeStats?mode=2&idchampionship=8C367D67&idseason=00000001,0000000A,00000010,ΚΟΛΟΣΣΟΣ H HOTELS COLLECTION,3,24,False
2021-22,000004C7,ΠΡΙΝΤΕΖΗΣ Γιώργος,ΕΛΛΑΔΑ,23,12.72,292.56,True,ESAKE country,False,https://www.esake.gr/el/action/EsakeStats?mode=2&idchampionship=8C367D67&idseason=00000001,00000002,00000002,ΟΛΥΜΠΙΑΚΟΣ,1,24,False
2021-22,F05F5DF4,ΡΑΪΣ Ρεϊβόντε,ΗΠΑ,2,21.13,42.26,False,ESAKE country,False,https://www.esake.gr/el/action/EsakeStats?mode=2&idchampionship=8C367D67&idseason=00000001,4C2C8907,1177987079,ΙΩΝΙΚΟΣ BASKET,12,24,True
2021-22,9CF62E68,ΡΑΟΥΤΙΝΣ Άντι,ΚΑΝΑΔΑΣ,13,27.63,359.19,False,ESAKE country,False,https://www.esake.gr/el/action/EsakeStats?mode=2&idchampionship=8C367D67&idseason=00000001,00000010,00000016,ΑΕΚ,4,24,False
2021-22,0B4BA1C7,ΡΕΪ Κέντρικ,ΗΠΑ,15,28.61,429.15,False,ESAKE country,False,https://www.esake.gr/el/action/EsakeStats?mode=2&idchampionship=8C367D67&idseason=00000001,2A25C696,607118742,ΠΡΟΜΗΘΕΑΣ ΠΑΤΡΑΣ ΒΙΚΟΣ COLA,5,24,False
2021-22,872EC9A9,ΡΕΝΦΡΟ Νέιτ,ΗΠΑ,7,20.71,144.97,False,ESAKE country,False,https://www.esake.gr/el/action/EsakeStats?mode=2&idchampionship=8C367D67&idseason=00000001,0000000C,00000012,ΠΑΟΚ,9,24,True
2021-22,C5F4C6D7,ΡΙΒΕΡΣ Ντιμίτρι,ΗΠΑ,15,20.05,300.75,False,ESAKE country,False,https://www.esake.gr/el/action/EsakeStats?mode=2&idchampionship=8C367D67&idseason=00000001,0000000C,00000012,ΠΑΟΚ,9,24,True
2021-22,2C26B404,ΡΟΓΚΑΒΟΠΟΥΛΟΣ Νίκος,ΕΛΛΑΔΑ,16,20.0,320.0,True,ESAKE country,False,https://www.esake.gr/el/action/EsakeStats?mode=2&idchampionship=8C367D67&idseason=00000001,2A25C696,607118742,ΠΡΟΜΗΘΕΑΣ ΠΑΤΡΑΣ ΒΙΚΟΣ COLA,5,24,False
2021-22,3B5214F5,ΡΟΤΕΝ Τόνι,ΗΠΑ,3,27.05,81.15,False,ESAKE country,False,https://www.esake.gr/el/action/EsakeStats?mode=2&idchampionship=8C367D67&idseason=00000001,00000011,00000017,ΗΡΑΚΛΗΣ,13,24,True
2021-22,D502EA88,ΡΟΥΜΟΓΛΟΥ Απόστολος,ΕΛΛΑΔΑ,5,2.81,14.05,True,ESAKE country,False,https://www.esake.gr/el/action/EsakeStats?mode=2&idchampionship=8C367D67&idseason=00000001,0000000C,00000012,ΠΑΟΚ,9,24,True
2021-22,B2A00564,ΣΑΒΑΤΖ Τζάρεντ,ΗΠΑ,10,25.12,251.2,False,ESAKE country,False,https://www.esake.gr/el/action/EsakeStats?mode=2&idchampionship=8C367D67&idseason=00000001,F7D46144,37076412,ΛΑΥΡΙΟ DHI,10,24,True
2021-22,D4498240,ΣΑΛΟΥΣΤΡΟΣ Χρήστος,ΕΛΛΑΔΑ,20,16.25,325.0,True,ESAKE country,False,https://www.esake.gr/el/action/EsakeStats?mode=2&idchampionship=8C367D67&idseason=00000001,0000000D,00000013,ΠΕΡΙΣΤΕΡΙ bwin,8,24,True
2021-22,C510FEF8,ΣΑΝΤ-ΡΟΣ Χάουαρντ,ΚΟΥΒΑ,23,25.93,596.39,False,ESAKE country,False,https://www.esake.gr/el/action/EsakeStats?mode=2&idchampionship=8C367D67&idseason=00000001,00000001,00000001,ΠΑΝΑΘΗΝΑΪΚΟΣ AKTOR,2,24,False
2021-22,1088FDE4,ΣΑΝΤΕΡΣ Κόρεϊ,ΗΠΑ,6,18.02,108.12,False,ESAKE country,False,https://www.esake.gr/el/action/EsakeStats?mode=2&idchampionship=8C367D67&idseason=00000001,F7D46144,37076412,ΛΑΥΡΙΟ DHI,10,24,True
2021-22,58FA73EB,ΣΑΞΙΩΝΗΣ Κωνσταντίνος,ΕΛΛΑΔΑ,2,1.8,3.6,True,ESAKE country,False,https://www.esake.gr/el/action/EsakeStats?mode=2&idchampionship=8C367D67&idseason=00000001,00000010,00000016,ΑΕΚ,4,24,False
2021-22,163A0BF8,ΣΑΧΠΑΤΖΙΔΗΣ Γιάννης,ΕΛΛΑΔΑ,8,6.97,55.76,True,ESAKE country,False,https://www.esake.gr/el/action/EsakeStats?mode=2&idchampionship=8C367D67&idseason=00000001,098B68C2,60131266,ΛΑΡΙΣΑ,6,24,False
2021-22,1D78C84E,ΣΒΑΡΝΤΖ Λόικ,ΗΠΑ,10,15.9,159.0,False,ESAKE country,False,https://www.esake.gr/el/action/EsakeStats?mode=2&idchampionship=8C367D67&idseason=00000001,2A25C696,607118742,ΠΡΟΜΗΘΕΑΣ ΠΑΤΡΑΣ ΒΙΚΟΣ COLA,5,24,False
2021-22,C6753A18,ΣΙΒΑ Πέιτον,ΗΠΑ,2,16.13,32.26,False,ESAKE country,False,https://www.esake.gr/el/action/EsakeStats?mode=2&idchampionship=8C367D67&idseason=00000001,00000001,00000001,ΠΑΝΑΘΗΝΑΪΚΟΣ AKTOR,2,24,False
2021-22,306A4360,ΣΙΔΗΡΟΗΛΙΑΣ Γιάννης,ΕΛΛΑΔΑ,5,9.97,49.85,True,ESAKE country,False,https://www.esake.gr/el/action/EsakeStats?mode=2&idchampionship=8C367D67&idseason=00000001,00000005,00000005,ΑΡΗΣ,7,24,False
2021-22,7CDB9CA8,ΣΙΜΟΝΣ Τζέρελ,ΗΠΑ,10,29.35,293.5,False,ESAKE country,False,https://www.esake.gr/el/action/EsakeStats?mode=2&idchampionship=8C367D67&idseason=00000001,00000004,00000004,ΑΠΟΛΛΩΝ Π. CARNA,11,24,True
2021-22,22C260EE,ΣΙΜΠΣΟΝ Τρέβις,ΗΠΑ,13,29.11,378.43,False,ESAKE country,False,https://www.esake.gr/el/action/EsakeStats?mode=2&idchampionship=8C367D67&idseason=00000001,2A25C696,607118742,ΠΡΟΜΗΘΕΑΣ ΠΑΤΡΑΣ ΒΙΚΟΣ COLA,5,24,False
2021-22,00000554,ΣΚΟΡΔΙΛΗΣ Γάιος,ΕΛΛΑΔΑ,16,17.86,285.76,True,ESAKE country,False,https://www.esake.gr/el/action/EsakeStats?mode=2&idchampionship=8C367D67&idseason=00000001,00000011,00000017,ΗΡΑΚΛΗΣ,13,24,True
2021-22,000006F2,ΣΛΑΦΤΣΑΚΗΣ Διαμαντής,ΕΛΛΑΔΑ,23,10.93,251.39,True,ESAKE country,False,https://www.esake.gr/el/action/EsakeStats?mode=2&idchampionship=8C367D67&idseason=00000001,0000000A,00000010,ΚΟΛΟΣΣΟΣ H HOTELS COLLECTION,3,24,False
2021-22,0000055C,ΣΛΟΥΚΑΣ Κώστας,ΕΛΛΑΔΑ,21,22.01,462.21,True,ESAKE country,False,https://www.esake.gr/el/action/EsakeStats?mode=2&idchampionship=8C367D67&idseason=00000001,00000002,00000002,ΟΛΥΜΠΙΑΚΟΣ,1,24,False
2021-22,10B67913,ΣΜΙΘ Τζέρι,ΗΠΑ,13,17.42,226.46,False,ESAKE country,False,https://www.esake.gr/el/action/EsakeStats?mode=2&idchampionship=8C367D67&idseason=00000001,F7D46144,37076412,ΛΑΥΡΙΟ DHI,10,24,True
2021-22,3124FB5A,ΣΠΑΝ Γιαν,ΣΛΟΒΕΝΙΑ,7,23.41,163.87,False,ESAKE country,False,https://www.esake.gr/el/action/EsakeStats?mode=2&idchampionship=8C367D67&idseason=00000001,098B68C2,60131266,ΛΑΡΙΣΑ,6,24,False
2021-22,AF82CE42,ΣΠΡΙΝΤΖΙΟΣ Μιχάλης,ΕΛΛΑΔΑ,2,4.67,9.34,True,ESAKE country,False,https://www.esake.gr/el/action/EsakeStats?mode=2&idchampionship=8C367D67&idseason=00000001,F7D46144,37076412,ΛΑΥΡΙΟ DHI,10,24,True
2021-22,0000057B,ΣΠΥΡΟΠΟΥΛΟΣ Αναστάσιος,ΕΛΛΑΔΑ,12,7.14,85.68,True,ESAKE country,False,https://www.esake.gr/el/action/EsakeStats?mode=2&idchampionship=8C367D67&idseason=00000001,098B68C2,60131266,ΛΑΡΙΣΑ,6,24,False
2021-22,98CA314B,ΣΤΑΜΑΤΗΣ Δημήτρης,ΕΛΛΑΔΑ,18,24.2,435.6,True,ESAKE country,False,https://www.esake.gr/el/action/EsakeStats?mode=2&idchampionship=8C367D67&idseason=00000001,00000011,00000017,ΗΡΑΚΛΗΣ,13,24,True
2021-22,9A1EDD91,ΣΤΑΥΡΑΚΟΠΟΥΛΟΣ Σωτήρης,ΕΛΛΑΔΑ,4,3.28,13.12,True,ESAKE country,False,https://www.esake.gr/el/action/EsakeStats?mode=2&idchampionship=8C367D67&idseason=00000001,0000000D,00000013,ΠΕΡΙΣΤΕΡΙ bwin,8,24,True
2021-22,BCB78E4A,ΣΧΙΖΑΣ Σταύρος,ΕΛΛΑΔΑ,8,8.48,67.84,True,ESAKE country,False,https://www.esake.gr/el/action/EsakeStats?mode=2&idchampionship=8C367D67&idseason=00000001,00000005,00000005,ΑΡΗΣ,7,24,False
2021-22,96FC6D4D,ΤΑΝΟΥΛΗΣ Γιώργος,ΕΛΛΑΔΑ,15,8.99,134.85,True,ESAKE country,False,https://www.esake.gr/el/action/EsakeStats?mode=2&idchampionship=8C367D67&idseason=00000001,2A25C696,607118742,ΠΡΟΜΗΘΕΑΣ ΠΑΤΡΑΣ ΒΙΚΟΣ COLA,5,24,False
2021-22,47EADC46,ΤΑΧΥΡΙΔΗΣ Πρόδρομος,ΕΛΛΑΔΑ,0,0.0,0.0,True,ESAKE country,False,https://www.esake.gr/el/action/EsakeStats?mode=2&idchampionship=8C367D67&idseason=00000001,0000000C,00000012,ΠΑΟΚ,9,24,True
2021-22,00047A7D,ΤΕΪΛΟΡ Ράιαν,ΗΠΑ,9,15.49,139.41,False,ESAKE country,False,https://www.esake.gr/el/action/EsakeStats?mode=2&idchampionship=8C367D67&idseason=00000001,00000011,00000017,ΗΡΑΚΛΗΣ,13,24,True
2021-22,C32C63BA,ΤΕΡΝΕΡ Έλστον,ΗΠΑ,3,19.1,57.3,False,ESAKE country,False,https://www.esake.gr/el/action/EsakeStats?mode=2&idchampionship=8C367D67&idseason=00000001,00000011,00000017,ΗΡΑΚΛΗΣ,13,24,True
2021-22,06832387,ΤΖΕΡΜΑΝ Γιουτζίν,ΗΠΑ,13,31.48,409.24,False,ESAKE country,False,https://www.esake.gr/el/action/EsakeStats?mode=2&idchampionship=8C367D67&idseason=00000001,4C2C8907,1177987079,ΙΩΝΙΚΟΣ BASKET,12,24,True
2021-22,000005D2,ΤΖΟΛΟΣ Βαγγέλης,ΕΛΛΑΔΑ,14,13.59,190.26,True,ESAKE country,False,https://www.esake.gr/el/action/EsakeStats?mode=2&idchampionship=8C367D67&idseason=00000001,4C2C8907,1177987079,ΙΩΝΙΚΟΣ BASKET,12,24,True
2021-22,2140EC6A,ΤΖΟΟΥΝΣ Μάρβιν,ΗΠΑ,13,29.82,387.66,False,ESAKE country,False,https://www.esake.gr/el/action/EsakeStats?mode=2&idchampionship=8C367D67&idseason=00000001,0000000C,00000012,ΠΑΟΚ,9,24,True
2021-22,B3D545F0,ΤΖΟΥΣΤΟΝ Σακούρ,ΗΠΑ,23,24.16,555.68,False,ESAKE country,False,https://www.esake.gr/el/action/EsakeStats?mode=2&idchampionship=8C367D67&idseason=00000001,00000005,00000005,ΑΡΗΣ,7,24,False
2021-22,B8AD6D6F,ΤΙΛΙ Κιμ,ΓΑΛΛΙΑ,20,23.96,479.2,False,ESAKE country,False,https://www.esake.gr/el/action/EsakeStats?mode=2&idchampionship=8C367D67&idseason=00000001,0000000A,00000010,ΚΟΛΟΣΣΟΣ H HOTELS COLLECTION,3,24,False
2021-22,D8361DB3,ΤΟΛΙΟΠΟΥΛΟΣ Βασίλης,ΕΛΛΑΔΑ,23,15.47,355.81,True,ESAKE country,False,https://www.esake.gr/el/action/EsakeStats?mode=2&idchampionship=8C367D67&idseason=00000001,0000000C,00000012,ΠΑΟΚ,9,24,True
2021-22,0AA2AD3E,ΤΟΥΜΠΑ Κέβιν,ΒΕΛΓΙΟ,4,15.68,62.72,False,ESAKE country,False,https://www.esake.gr/el/action/EsakeStats?mode=2&idchampionship=8C367D67&idseason=00000001,4C2C8907,1177987079,ΙΩΝΙΚΟΣ BASKET,12,24,True
2021-22,0000060F,ΤΣΑΪΡΕΛΗΣ Μιχάλης,ΕΛΛΑΔΑ,23,20.2,464.6,True,ESAKE country,False,https://www.esake.gr/el/action/EsakeStats?mode=2&idchampionship=8C367D67&idseason=00000001,098B68C2,60131266,ΛΑΡΙΣΑ,6,24,False
2021-22,1F2A8343,ΤΣΑΛΜΠΟΥΡΗΣ Γιώργος,ΕΛΛΑΔΑ,24,32.65,783.6,True,ESAKE country,False,https://www.esake.gr/el/action/EsakeStats?mode=2&idchampionship=8C367D67&idseason=00000001,00000004,00000004,ΑΠΟΛΛΩΝ Π. CARNA,11,24,True
2021-22,040DD22E,ΤΣΑΧΤΣΙΡΑΣ Φίλιππος,ΕΛΛΑΔΑ,0,0.0,0.0,True,ESAKE country,False,https://www.esake.gr/el/action/EsakeStats?mode=2&idchampionship=8C367D67&idseason=00000001,00000005,00000005,ΑΡΗΣ,7,24,False
2021-22,AB6D75D6,ΤΣΙΑΚΜΑΣ Νίκος,ΕΛΛΑΔΑ,19,9.25,175.75,True,ESAKE country,False,https://www.esake.gr/el/action/EsakeStats?mode=2&idchampionship=8C367D67&idseason=00000001,00000004,00000004,ΑΠΟΛΛΩΝ Π. CARNA,11,24,True
2021-22,9484425D,ΦΑΛ Μουστάφα,ΓΑΛΛΙΑ,19,19.09,362.71,False,ESAKE country,False,https://www.esake.gr/el/action/EsakeStats?mode=2&idchampionship=8C367D67&idseason=00000001,00000002,00000002,ΟΛΥΜΠΙΑΚΟΣ,1,24,False
2021-22,3447574D,ΦΕΡΓΚΙΟΥΣΟΝ Τέρανς,ΗΠΑ,1,10.23,10.23,False,ESAKE country,False,https://www.esake.gr/el/action/EsakeStats?mode=2&idchampionship=8C367D67&idseason=00000001,F7D46144,37076412,ΛΑΥΡΙΟ DHI,10,24,True
2021-22,27E7BB49,ΦΙΛΙΠΠΑΚΟΣ Παναγιώτης,ΕΛΛΑΔΑ,22,8.85,194.7,True,ESAKE country,False,https://www.esake.gr/el/action/EsakeStats?mode=2&idchampionship=8C367D67&idseason=00000001,00000010,00000016,ΑΕΚ,4,24,False
2021-22,85405F06,ΦΙΛΙΠΠΑΣ Νίκος,ΕΛΛΑΔΑ,3,0.57,1.71,True,ESAKE country,False,https://www.esake.gr/el/action/EsakeStats?mode=2&idchampionship=8C367D67&idseason=00000001,0000000D,00000013,ΠΕΡΙΣΤΕΡΙ bwin,8,24,True
2021-22,F5C9A62B,ΦΙΛΛΙΟΣ Γιώργος,ΕΛΛΑΔΑ,16,14.49,231.84,True,ESAKE country,False,https://www.esake.gr/el/action/EsakeStats?mode=2&idchampionship=8C367D67&idseason=00000001,00000011,00000017,ΗΡΑΚΛΗΣ,13,24,True
2021-22,F4C03812,ΦΙΛΟΞΕΝΙΔΗΣ Κώστας,ΕΛΛΑΔΑ,6,3.38,20.28,True,ESAKE country,False,https://www.esake.gr/el/action/EsakeStats?mode=2&idchampionship=8C367D67&idseason=00000001,F7D46144,37076412,ΛΑΥΡΙΟ DHI,10,24,True
2021-22,E73349CE,ΦΙΝΚΕ Μάικλ,ΗΠΑ,4,7.96,31.84,False,ESAKE country,False,https://www.esake.gr/el/action/EsakeStats?mode=2&idchampionship=8C367D67&idseason=00000001,00000005,00000005,ΑΡΗΣ,7,24,False
2021-22,B2A97905,ΦΛΙΩΝΗΣ Δημήτρης,ΕΛΛΑΔΑ,21,24.62,517.02,True,ESAKE country,False,https://www.esake.gr/el/action/EsakeStats?mode=2&idchampionship=8C367D67&idseason=00000001,00000010,00000016,ΑΕΚ,4,24,False
2021-22,FE010EF5,ΦΛΟΪΝΤ Τζεχάιβ,ΗΠΑ,4,13.1,52.4,False,ESAKE country,False,https://www.esake.gr/el/action/EsakeStats?mode=2&idchampionship=8C367D67&idseason=00000001,00000001,00000001,ΠΑΝΑΘΗΝΑΪΚΟΣ AKTOR,2,24,False
2021-22,F687D874,ΦΛΟΪΝΤ Τζόρνταν,ΗΠΑ,21,21.86,459.06,False,ESAKE country,False,https://www.esake.gr/el/action/EsakeStats?mode=2&idchampionship=8C367D67&idseason=00000001,0000000A,00000010,ΚΟΛΟΣΣΟΣ H HOTELS COLLECTION,3,24,False
2021-22,27B3F2CC,ΦΟΡΤΣΟΥΝ Τζος,ΗΠΑ,2,16.48,32.96,False,ESAKE country,False,https://www.esake.gr/el/action/EsakeStats?mode=2&idchampionship=8C367D67&idseason=00000001,098B68C2,60131266,ΛΑΡΙΣΑ,6,24,False
2021-22,1EAFFECF,ΦΡΑΝΚΑΜΠ Κόνερ,ΗΠΑ,8,27.34,218.72,False,ESAKE country,False,https://www.esake.gr/el/action/EsakeStats?mode=2&idchampionship=8C367D67&idseason=00000001,2A25C696,607118742,ΠΡΟΜΗΘΕΑΣ ΠΑΤΡΑΣ ΒΙΚΟΣ COLA,5,24,False
2021-22,1AD06F8B,ΦΡΥΔΑΣ Λάμπρος,ΕΛΛΑΔΑ,0,0.0,0.0,True,ESAKE country,False,https://www.esake.gr/el/action/EsakeStats?mode=2&idchampionship=8C367D67&idseason=00000001,00000005,00000005,ΑΡΗΣ,7,24,False
2021-22,C2E87EF6,ΦΥΤΡΟΣ Ιωάννης,ΕΛΛΑΔΑ,5,1.7,8.5,True,ESAKE country,False,https://www.esake.gr/el/action/EsakeStats?mode=2&idchampionship=8C367D67&idseason=00000001,0000000D,00000013,ΠΕΡΙΣΤΕΡΙ bwin,8,24,True
2021-22,E1BA9B0D,ΧΑΒΑΛΕΣ Στέλιος,ΕΛΛΑΔΑ,1,1.28,1.28,True,ESAKE country,False,https://www.esake.gr/el/action/EsakeStats?mode=2&idchampionship=8C367D67&idseason=00000001,00000005,00000005,ΑΡΗΣ,7,24,False
2021-22,CC01859A,ΧΑΓΚΙΝΣ Τζος,ΗΠΑ,6,20.29,121.74,False,ESAKE country,False,https://www.esake.gr/el/action/EsakeStats?mode=2&idchampionship=8C367D67&idseason=00000001,0000000D,00000013,ΠΕΡΙΣΤΕΡΙ bwin,8,24,True
2021-22,B4F1B8D7,ΧΑΜΕΡ Ίαν,ΗΠΑ,20,28.99,579.8,False,ESAKE country,False,https://www.esake.gr/el/action/EsakeStats?mode=2&idchampionship=8C367D67&idseason=00000001,00000010,00000016,ΑΕΚ,4,24,False
2021-22,D158C741,ΧΑΜΙΛΤΟΝ Ντάνιελ,ΗΠΑ,9,37.04,333.36,False,ESAKE country,False,https://www.esake.gr/el/action/EsakeStats?mode=2&idchampionship=8C367D67&idseason=00000001,4C2C8907,1177987079,ΙΩΝΙΚΟΣ BASKET,12,24,True
2021-22,ED24597B,ΧΑΝΛΑΝ Ολιβιέ,ΚΑΝΑΔΑΣ,15,33.56,503.4,False,ESAKE country,False,https://www.esake.gr/el/action/EsakeStats?mode=2&idchampionship=8C367D67&idseason=00000001,00000005,00000005,ΑΡΗΣ,7,24,False
2021-22,48B79789,ΧΑΝΤ Ντάριο,ΗΠΑ,19,18.91,359.29,False,ESAKE country,False,https://www.esake.gr/el/action/EsakeStats?mode=2&idchampionship=8C367D67&idseason=00000001,2A25C696,607118742,ΠΡΟΜΗΘΕΑΣ ΠΑΤΡΑΣ ΒΙΚΟΣ COLA,5,24,False
2021-22,23957AF3,ΧΑΝΤΣΟΝ Τζέιλεν,ΗΠΑ,23,29.78,684.94,False,ESAKE country,False,https://www.esake.gr/el/action/EsakeStats?mode=2&idchampionship=8C367D67&idseason=00000001,098B68C2,60131266,ΛΑΡΙΣΑ,6,24,False
2021-22,FE038A26,ΧΑΡΙΣ Μάνι,ΗΠΑ,0,0.0,0.0,False,ESAKE country,False,https://www.esake.gr/el/action/EsakeStats?mode=2&idchampionship=8C367D67&idseason=00000001,00000010,00000016,ΑΕΚ,4,24,False
2021-22,00000685,ΧΑΡΙΤΟΠΟΥΛΟΣ Δημήτρης,ΕΛΛΑΔΑ,13,10.26,133.38,True,ESAKE country,False,https://www.esake.gr/el/action/EsakeStats?mode=2&idchampionship=8C367D67&idseason=00000001,00000011,00000017,ΗΡΑΚΛΗΣ,13,24,True
2021-22,D45D0C59,ΧΑΤΖΗΔΑΚΗΣ Μανόλης,ΕΛΛΑΔΑ,23,9.24,212.52,True,ESAKE country,False,https://www.esake.gr/el/action/EsakeStats?mode=2&idchampionship=8C367D67&idseason=00000001,0000000A,00000010,ΚΟΛΟΣΣΟΣ H HOTELS COLLECTION,3,24,False
2021-22,19474713,ΧΑΤΖΗΚΥΡΙΑΚΟΣ Γιώργος,ΕΛΛΑΔΑ,18,1.61,28.98,True,ESAKE country,False,https://www.esake.gr/el/action/EsakeStats?mode=2&idchampionship=8C367D67&idseason=00000001,4C2C8907,1177987079,ΙΩΝΙΚΟΣ BASKET,12,24,True
2021-22,D2E6F4D0,ΧΕΝΡΙ Μάικ,ΗΠΑ,12,27.15,325.8,False,ESAKE country,False,https://www.esake.gr/el/action/EsakeStats?mode=2&idchampionship=8C367D67&idseason=00000001,00000011,00000017,ΗΡΑΚΛΗΣ,13,24,True
2021-22,27F22948,ΧΟΥΓΚΑΖ Νίκος,ΕΛΛΑΔΑ,21,20.54,431.34,True,ESAKE country,False,https://www.esake.gr/el/action/EsakeStats?mode=2&idchampionship=8C367D67&idseason=00000001,4C2C8907,1177987079,ΙΩΝΙΚΟΣ BASKET,12,24,True
2021-22,948D3EC2,ΧΡΗΣΤΙΔΗΣ Βασίλης,ΕΛΛΑΔΑ,14,16.8,235.2,True,ESAKE country,False,https://www.esake.gr/el/action/EsakeStats?mode=2&idchampionship=8C367D67&idseason=00000001,0000000D,00000013,ΠΕΡΙΣΤΕΡΙ bwin,8,24,True
2021-22,BBF3312A,ΧΡΙΣΤΟΔΟΥΛΟΥ Ανδρέας,ΕΛΛΑΔΑ,21,14.56,305.76,True,ESAKE country,False,https://www.esake.gr/el/action/EsakeStats?mode=2&idchampionship=8C367D67&idseason=00000001,0000000C,00000012,ΠΑΟΚ,9,24,True
2021-22,000006BD,ΧΡΥΣΙΚΟΠΟΥΛΟΣ Λίνος,ΕΛΛΑΔΑ,16,18.34,293.44,True,ESAKE country,False,https://www.esake.gr/el/action/EsakeStats?mode=2&idchampionship=8C367D67&idseason=00000001,0000000D,00000013,ΠΕΡΙΣΤΕΡΙ bwin,8,24,True
2022-23,F8A288FB,ΑΒΔΑΛΑΣ Νεοκλής,ΕΛΛΑΔΑ,2,8.13,16.26,True,ESAKE country,False,https://www.esake.gr/el/action/EsakeStats?mode=2&idchampionship=DC917125&idseason=00000001,00000001,00000001,ΠΑΝΑΘΗΝΑΪΚΟΣ AKTOR,2,22,False
2022-23,0000000B,ΑΓΓΕΛΟΠΟΥΛΟΣ Νίκος,ΕΛΛΑΔΑ,5,11.15,55.75,True,ESAKE country,False,https://www.esake.gr/el/action/EsakeStats?mode=2&idchampionship=DC917125&idseason=00000001,4C2C8907,1177987079,ΙΩΝΙΚΟΣ BASKET,12,22,True
2022-23,2BBFE416,ΑΓΡΑΒΑΝΗΣ Γιάννης,ΕΛΛΑΔΑ,22,25.02,550.44,True,ESAKE country,False,https://www.esake.gr/el/action/EsakeStats?mode=2&idchampionship=DC917125&idseason=00000001,B742845D,1120377507,ΚΑΡΔΙΤΣΑ ΒΙΟΛΟΓΙΚΟ ΧΩΡΙΟ,10,22,True
2022-23,0000000F,ΑΓΡΑΒΑΝΗΣ Δημήτρης,ΕΛΛΑΔΑ,12,22.39,268.68,True,ESAKE country,False,https://www.esake.gr/el/action/EsakeStats?mode=2&idchampionship=DC917125&idseason=00000001,0000000D,00000013,ΠΕΡΙΣΤΕΡΙ bwin,3,22,False
2022-23,A490A708,ΑΘΑΝΑΣΟΠΟΥΛΟΣ Θεόδωρος,ΕΛΛΑΔΑ,0,0.0,0.0,True,ESAKE country,False,https://www.esake.gr/el/action/EsakeStats?mode=2&idchampionship=DC917125&idseason=00000001,00000004,00000004,ΑΠΟΛΛΩΝ Π. CARNA,11,22,True
2022-23,E71ACD7D,ΑΘΑΝΑΣΟΠΟΥΛΟΣ Κωνσταντίνος,ΕΛΛΑΔΑ,0,0.0,0.0,True,ESAKE country,False,https://www.esake.gr/el/action/EsakeStats?mode=2&idchampionship=DC917125&idseason=00000001,00000004,00000004,ΑΠΟΛΛΩΝ Π. CARNA,11,22,True
2022-23,00000013,ΑΘΗΝΑΙΟΥ Γιάννης,ΕΛΛΑΔΑ,21,18.81,395.01,True,ESAKE country,False,https://www.esake.gr/el/action/EsakeStats?mode=2&idchampionship=DC917125&idseason=00000001,B742845D,1120377507,ΚΑΡΔΙΤΣΑ ΒΙΟΛΟΓΙΚΟ ΧΩΡΙΟ,10,22,True
2022-23,7EEAFC34,ΑΪΒΑΖΙΔΗΣ Γιαννίκος,ΕΛΛΑΔΑ,1,10.57,10.57,True,ESAKE country,False,https://www.esake.gr/el/action/EsakeStats?mode=2&idchampionship=DC917125&idseason=00000001,F7D46144,37076412,ΛΑΥΡΙΟ DHI,9,22,True
2022-23,EB5462B2,ΑΛΕΞΑΚΗΣ Αλέξανδρος,ΕΛΛΑΔΑ,0,0.0,0.0,True,ESAKE country,False,https://www.esake.gr/el/action/EsakeStats?mode=2&idchampionship=DC917125&idseason=00000001,0000000D,00000013,ΠΕΡΙΣΤΕΡΙ bwin,3,22,False
2022-23,EF8A73C3,ΑΛΕΞΙΑΔΗΣ Αιμίλιος,ΕΛΛΑΔΑ,2,2.21,4.42,True,ESAKE country,False,https://www.esake.gr/el/action/EsakeStats?mode=2&idchampionship=DC917125&idseason=00000001,B742845D,1120377507,ΚΑΡΔΙΤΣΑ ΒΙΟΛΟΓΙΚΟ ΧΩΡΙΟ,10,22,True
2022-23,5365653F,ΑΜΠΟΣΙ Βενιαμίν,ΕΛΛΑΔΑ,1,0.9,0.9,True,ESAKE country,False,https://www.esake.gr/el/action/EsakeStats?mode=2&idchampionship=DC917125&idseason=00000001,00000002,00000002,ΟΛΥΜΠΙΑΚΟΣ,1,22,False
2022-23,459229A1,ΑΝΤΡΙΟΥΣ Άντριου,ΗΠΑ,2,15.49,30.98,False,ESAKE country,False,https://www.esake.gr/el/action/EsakeStats?mode=2&idchampionship=DC917125&idseason=00000001,00000001,00000001,ΠΑΝΑΘΗΝΑΪΚΟΣ AKTOR,2,22,False
2022-23,6BC4B84C,ΑΡΣΕΝΟΠΟΥΛΟΣ Νίκος,ΕΛΛΑΔΑ,21,23.06,484.26,True,ESAKE country,False,https://www.esake.gr/el/action/EsakeStats?mode=2&idchampionship=DC917125&idseason=00000001,4C2C8907,1177987079,ΙΩΝΙΚΟΣ BASKET,12,22,True
2022-23,40618341,ΒΑΣΙΛΕΙΟΥ Νίκος,ΕΛΛΑΔΑ,0,0.0,0.0,True,ESAKE country,False,https://www.esake.gr/el/action/EsakeStats?mode=2&idchampionship=DC917125&idseason=00000001,2A25C696,607118742,ΠΡΟΜΗΘΕΑΣ ΠΑΤΡΑΣ ΒΙΚΟΣ COLA,5,22,False
2022-23,00000069,ΒΕΖΕΝΚΟΦ Αλέξανδρος,ΚΥΠΡΟΣ,21,24.04,504.84,False,ESAKE country,False,https://www.esake.gr/el/action/EsakeStats?mode=2&idchampionship=DC917125&idseason=00000001,00000002,00000002,ΟΛΥΜΠΙΑΚΟΣ,1,22,False
2022-23,90F8D8C5,ΒΕΡΤΖ Αλόνσο,ΗΠΑ,11,25.07,275.77,False,ESAKE country,False,https://www.esake.gr/el/action/EsakeStats?mode=2&idchampionship=DC917125&idseason=00000001,00000004,00000004,ΑΠΟΛΛΩΝ Π. CARNA,11,22,True
2022-23,542556D0,ΒΗΣΣΑΡΙΟΥ Τηλέμαχος,ΕΛΛΑΔΑ,15,7.18,107.7,True,ESAKE country,False,https://www.esake.gr/el/action/EsakeStats?mode=2&idchampionship=DC917125&idseason=00000001,00000004,00000004,ΑΠΟΛΛΩΝ Π. CARNA,11,22,True
2022-23,C02303DB,ΒΛΑΣΣΗΣ Βασίλειος,ΕΛΛΑΔΑ,0,0.0,0.0,True,ESAKE country,False,https://www.esake.gr/el/action/EsakeStats?mode=2&idchampionship=DC917125&idseason=00000001,2A25C696,607118742,ΠΡΟΜΗΘΕΑΣ ΠΑΤΡΑΣ ΒΙΚΟΣ COLA,5,22,False
2022-23,F0A66983,ΒΟΥΛΓΑΡΟΠΟΥΛΟΣ Στράτος,ΕΛΛΑΔΑ,3,6.37,19.11,True,ESAKE country,False,https://www.esake.gr/el/action/EsakeStats?mode=2&idchampionship=DC917125&idseason=00000001,F7D46144,37076412,ΛΑΥΡΙΟ DHI,9,22,True
2022-23,00000738,ΓΕΡΟΜΙΧΑΛΟΣ Πέτρος,ΕΛΛΑΔΑ,20,20.25,405.0,True,ESAKE country,False,https://www.esake.gr/el/action/EsakeStats?mode=2&idchampionship=DC917125&idseason=00000001,F7D46144,37076412,ΛΑΥΡΙΟ DHI,9,22,True
2022-23,B450AFA2,ΓΙΑΝΓΚ Τζέιμς,ΗΠΑ,8,16.46,131.68,False,ESAKE country,False,https://www.esake.gr/el/action/EsakeStats?mode=2&idchampionship=DC917125&idseason=00000001,0000000A,00000010,ΚΟΛΟΣΣΟΣ H HOTELS COLLECTION,7,22,True
2022-23,5C9DC1D1,ΓΙΑΝΓΚ Τζο,ΗΠΑ,6,23.49,140.94,False,ESAKE country,False,https://www.esake.gr/el/action/EsakeStats?mode=2&idchampionship=DC917125&idseason=00000001,2A25C696,607118742,ΠΡΟΜΗΘΕΑΣ ΠΑΤΡΑΣ ΒΙΚΟΣ COLA,5,22,False
2022-23,0000009B,ΓΙΑΝΚΟΒΙΤΣ Βλαδίμηρος,ΕΛΛΑΔΑ,10,20.21,202.1,True,ESAKE country,False,https://www.esake.gr/el/action/EsakeStats?mode=2&idchampionship=DC917125&idseason=00000001,00000010,00000016,ΑΕΚ,6,22,False
2022-23,000000A4,ΓΙΑΝΝΟΠΟΥΛΟΣ Χάρης,ΕΛΛΑΔΑ,17,27.65,470.05,True,ESAKE country,False,https://www.esake.gr/el/action/EsakeStats?mode=2&idchampionship=DC917125&idseason=00000001,0000000A,00000010,ΚΟΛΟΣΣΟΣ H HOTELS COLLECTION,7,22,True
2022-23,7A36527A,ΓΚΑΛΙΝΑΤ Ρομπέρτο,ΗΠΑ,10,28.5,285.0,False,ESAKE country,False,https://www.esake.gr/el/action/EsakeStats?mode=2&idchampionship=DC917125&idseason=00000001,B742845D,1120377507,ΚΑΡΔΙΤΣΑ ΒΙΟΛΟΓΙΚΟ ΧΩΡΙΟ,10,22,True
2022-23,55A6C5DB,ΓΚΑΜΠΡΟΒΣΕΚ Ντάβιντ,ΣΛΟΒΕΝΙΑ,20,15.65,313.0,False,ESAKE country,False,https://www.esake.gr/el/action/EsakeStats?mode=2&idchampionship=DC917125&idseason=00000001,B742845D,1120377507,ΚΑΡΔΙΤΣΑ ΒΙΟΛΟΓΙΚΟ ΧΩΡΙΟ,10,22,True
2022-23,CC57C559,ΓΚΙΚΑΣ Νίκος,ΕΛΛΑΔΑ,20,19.47,389.4,True,ESAKE country,False,https://www.esake.gr/el/action/EsakeStats?mode=2&idchampionship=DC917125&idseason=00000001,2A25C696,607118742,ΠΡΟΜΗΘΕΑΣ ΠΑΤΡΑΣ ΒΙΚΟΣ COLA,5,22,False
2022-23,E223062A,ΓΚΙΟΥΖΕΛΗΣ Γιώργος,ΕΛΛΑΔΑ,18,16.66,299.88,True,ESAKE country,False,https://www.esake.gr/el/action/EsakeStats?mode=2&idchampionship=DC917125&idseason=00000001,0000000D,00000013,ΠΕΡΙΣΤΕΡΙ bwin,3,22,False
2022-23,4A6B8EB3,ΓΚΟΥΝΤΑΪΤΙΣ Αρτούρας,ΛΙΘΟΥΑΝΙΑ,21,15.65,328.65,False,ESAKE country,False,https://www.esake.gr/el/action/EsakeStats?mode=2&idchampionship=DC917125&idseason=00000001,00000001,00000001,ΠΑΝΑΘΗΝΑΪΚΟΣ AKTOR,2,22,False
2022-23,FFF395A0,ΓΚΟΥΝΤΓΟΥΙΝ Τσέβεζ,ΗΠΑ,20,22.48,449.6,False,ESAKE country,False,https://www.esake.gr/el/action/EsakeStats?mode=2&idchampionship=DC917125&idseason=00000001,00000005,00000005,ΑΡΗΣ,8,22,True
2022-23,10D01024,ΓΚΡΕΪ Τζάστιν,ΗΠΑ,17,22.01,374.17,False,ESAKE country,False,https://www.esake.gr/el/action/EsakeStats?mode=2&idchampionship=DC917125&idseason=00000001,F7D46144,37076412,ΛΑΥΡΙΟ DHI,9,22,True
2022-23,DC12D2F3,ΓΚΡΙΓΚΟΝΙΣ Μάριους,ΛΙΘΟΥΑΝΙΑ,8,24.57,196.56,False,ESAKE country,False,https://www.esake.gr/el/action/EsakeStats?mode=2&idchampionship=DC917125&idseason=00000001,00000001,00000001,ΠΑΝΑΘΗΝΑΪΚΟΣ AKTOR,2,22,False
2022-23,41C2E474,ΓΚΡΙΦΙΝ Νικ,ΗΠΑ,22,22.66,498.52,False,ESAKE country,False,https://www.esake.gr/el/action/EsakeStats?mode=2&idchampionship=DC917125&idseason=00000001,00000004,00000004,ΑΠΟΛΛΩΝ Π. CARNA,11,22,True
2022-23,429CFA97,ΓΟΓΟΛΟΣ Σωτήρης,ΕΛΛΑΔΑ,0,0.0,0.0,True,ESAKE country,False,https://www.esake.gr/el/action/EsakeStats?mode=2&idchampionship=DC917125&idseason=00000001,00000010,00000016,ΑΕΚ,6,22,False
2022-23,E02706AA,ΓΟΝΤΙΚΑΣ Κωνσταντίνος,ΕΛΛΑΔΑ,14,11.21,156.94,True,ESAKE country,False,https://www.esake.gr/el/action/EsakeStats?mode=2&idchampionship=DC917125&idseason=00000001,00000010,00000016,ΑΕΚ,6,22,False
2022-23,4A288CB9,ΓΟΥΙΛΙΑΜΣ Ντέρικ,ΗΠΑ,21,18.02,378.42,False,ESAKE country,False,https://www.esake.gr/el/action/EsakeStats?mode=2&idchampionship=DC917125&idseason=00000001,00000001,00000001,ΠΑΝΑΘΗΝΑΪΚΟΣ AKTOR,2,22,False
2022-23,6C630C6A,ΓΟΥΟΚΑΠ Τόμας,ΕΛΛΑΔΑ,22,20.77,456.94,True,ESAKE country,False,https://www.esake.gr/el/action/EsakeStats?mode=2&idchampionship=DC917125&idseason=00000001,00000002,00000002,ΟΛΥΜΠΙΑΚΟΣ,1,22,False
2022-23,52C8D859,ΓΟΥΟΛΤΕΡΣ Νέιτ,ΗΠΑ,14,16.79,235.06,False,ESAKE country,False,https://www.esake.gr/el/action/EsakeStats?mode=2&idchampionship=DC917125&idseason=00000001,00000001,00000001,ΠΑΝΑΘΗΝΑΪΚΟΣ AKTOR,2,22,False
2022-23,638965F8,ΔΕΪΜΕΖΗΣ Δημήτριος,ΕΛΛΑΔΑ,4,3.38,13.52,True,ESAKE country,False,https://www.esake.gr/el/action/EsakeStats?mode=2&idchampionship=DC917125&idseason=00000001,F7D46144,37076412,ΛΑΥΡΙΟ DHI,9,22,True
2022-23,39526F11,ΕΒΑΝΣ Σον,ΗΠΑ,9,28.68,258.12,False,ESAKE country,False,https://www.esake.gr/el/action/EsakeStats?mode=2&idchampionship=DC917125&idseason=00000001,B742845D,1120377507,ΚΑΡΔΙΤΣΑ ΒΙΟΛΟΓΙΚΟ ΧΩΡΙΟ,10,22,True
2022-23,00000140,ΖΑΡΑΣ Θοδωρής,ΕΛΛΑΔΑ,16,16.83,269.28,True,ESAKE country,False,https://www.esake.gr/el/action/EsakeStats?mode=2&idchampionship=DC917125&idseason=00000001,F7D46144,37076412,ΛΑΥΡΙΟ DHI,9,22,True
2022-23,CB903EBB,ΖΟΥΓΡΗΣ Βαγγέλης,ΕΛΛΑΔΑ,9,5.34,48.06,True,ESAKE country,False,https://www.esake.gr/el/action/EsakeStats?mode=2&idchampionship=DC917125&idseason=00000001,0000000D,00000013,ΠΕΡΙΣΤΕΡΙ bwin,3,22,False
2022-23,C1C46A8E,ΙΝΤΙ Ταζ,ΗΠΑ,4,19.26,77.04,False,ESAKE country,False,https://www.esake.gr/el/action/EsakeStats?mode=2&idchampionship=DC917125&idseason=00000001,F7D46144,37076412,ΛΑΥΡΙΟ DHI,9,22,True
2022-23,5FF950F2,ΙΟΡΔΑΝΟΥ Χρήστος,ΕΛΛΑΔΑ,12,6.66,79.92,True,ESAKE country,False,https://www.esake.gr/el/action/EsakeStats?mode=2&idchampionship=DC917125&idseason=00000001,0000000A,00000010,ΚΟΛΟΣΣΟΣ H HOTELS COLLECTION,7,22,True
2022-23,00000167,ΚΑΒΒΑΔΑΣ Βασίλης,ΕΛΛΑΔΑ,13,9.84,127.92,True,ESAKE country,False,https://www.esake.gr/el/action/EsakeStats?mode=2&idchampionship=DC917125&idseason=00000001,00000005,00000005,ΑΡΗΣ,8,22,True
2022-23,16AE30FC,ΚΑΚΛΑΜΑΝΑΚΗΣ Δημήτρης,ΕΛΛΑΔΑ,19,14.63,277.97,True,ESAKE country,False,https://www.esake.gr/el/action/EsakeStats?mode=2&idchampionship=DC917125&idseason=00000001,2A25C696,607118742,ΠΡΟΜΗΘΕΑΣ ΠΑΤΡΑΣ ΒΙΚΟΣ COLA,5,22,False
2022-23,CAA8D9F2,ΚΑΛΑΪΤΖΑΚΗΣ Αλέξανδρος,ΕΛΛΑΔΑ,7,7.34,51.38,True,ESAKE country,False,https://www.esake.gr/el/action/EsakeStats?mode=2&idchampionship=DC917125&idseason=00000001,B742845D,1120377507,ΚΑΡΔΙΤΣΑ ΒΙΟΛΟΓΙΚΟ ΧΩΡΙΟ,10,22,True
2022-23,B9778770,ΚΑΛΑΪΤΖΑΚΗΣ Γιώργος,ΕΛΛΑΔΑ,21,15.54,326.34,True,ESAKE country,False,https://www.esake.gr/el/action/EsakeStats?mode=2&idchampionship=DC917125&idseason=00000001,00000001,00000001,ΠΑΝΑΘΗΝΑΪΚΟΣ AKTOR,2,22,False
2022-23,9E3DB04D,ΚΑΛΑΪΤΖΑΚΗΣ Παναγιώτης,ΕΛΛΑΔΑ,20,16.58,331.6,True,ESAKE country,False,https://www.esake.gr/el/action/EsakeStats?mode=2&idchampionship=DC917125&idseason=00000001,00000001,00000001,ΠΑΝΑΘΗΝΑΪΚΟΣ AKTOR,2,22,False
2022-23,398E7E70,ΚΑΛΛΙΑΚΟΥΔΑΣ Δημήτρης,ΕΛΛΑΔΑ,0,0.0,0.0,True,ESAKE country,False,https://www.esake.gr/el/action/EsakeStats?mode=2&idchampionship=DC917125&idseason=00000001,2A25C696,607118742,ΠΡΟΜΗΘΕΑΣ ΠΑΤΡΑΣ ΒΙΚΟΣ COLA,5,22,False
2022-23,437FE11C,ΚΑΛΛΙΟΝΤΖΗΣ Στράτος,ΕΛΛΑΔΑ,0,0.0,0.0,True,ESAKE country,False,https://www.esake.gr/el/action/EsakeStats?mode=2&idchampionship=DC917125&idseason=00000001,0000000C,00000012,ΠΑΟΚ mateco,4,22,False
2022-23,6B1B3A0E,ΚΑΛΧΟΥΝ Ομάρ,ΗΠΑ,20,13.82,276.4,False,ESAKE country,False,https://www.esake.gr/el/action/EsakeStats?mode=2&idchampionship=DC917125&idseason=00000001,00000004,00000004,ΑΠΟΛΛΩΝ Π. CARNA,11,22,True
2022-23,5099E231,ΚΑΜΠΕΡΙΔΗΣ Γιώργος,ΕΛΛΑΔΑ,20,10.28,205.6,True,ESAKE country,False,https://www.esake.gr/el/action/EsakeStats?mode=2&idchampionship=DC917125&idseason=00000001,0000000C,00000012,ΠΑΟΚ mateco,4,22,False
2022-23,39BC8F0A,ΚΑΜΦΟΡ Ρόντρικ,ΗΠΑ,2,10.88,21.76,False,ESAKE country,False,https://www.esake.gr/el/action/EsakeStats?mode=2&idchampionship=DC917125&idseason=00000001,B742845D,1120377507,ΚΑΡΔΙΤΣΑ ΒΙΟΛΟΓΙΚΟ ΧΩΡΙΟ,10,22,True
2022-23,0A2307E5,ΚΑΝΑΑΝ Αϊζάια,ΗΠΑ,16,17.67,282.72,False,ESAKE country,False,https://www.esake.gr/el/action/EsakeStats?mode=2&idchampionship=DC917125&idseason=00000001,00000002,00000002,ΟΛΥΜΠΙΑΚΟΣ,1,22,False
2022-23,C78FA124,ΚΑΝΑΒΟΣ Γιάννης,ΕΛΛΑΔΑ,0,0.0,0.0,True,ESAKE country,False,https://www.esake.gr/el/action/EsakeStats?mode=2&idchampionship=DC917125&idseason=00000001,2A25C696,607118742,ΠΡΟΜΗΘΕΑΣ ΠΑΤΡΑΣ ΒΙΚΟΣ COLA,5,22,False
2022-23,C3F5F3E7,ΚΑΟΥΑΝ Άντονι,ΗΠΑ,22,28.13,618.86,False,ESAKE country,False,https://www.esake.gr/el/action/EsakeStats?mode=2&idchampionship=DC917125&idseason=00000001,2A25C696,607118742,ΠΡΟΜΗΘΕΑΣ ΠΑΤΡΑΣ ΒΙΚΟΣ COLA,5,22,False
2022-23,000006C4,ΚΑΠΕΛΑΝ Ντιέγκο,ΒΟΣΝΙΑ,9,23.18,208.62,False,ESAKE country,False,https://www.esake.gr/el/action/EsakeStats?mode=2&idchampionship=DC917125&idseason=00000001,4C2C8907,1177987079,ΙΩΝΙΚΟΣ BASKET,12,22,True
2022-23,A1D217D1,ΚΑΡΑΚΩΣΤΑΣ Γιάννης,ΕΛΛΑΔΑ,3,7.15,21.45,True,ESAKE country,False,https://www.esake.gr/el/action/EsakeStats?mode=2&idchampionship=DC917125&idseason=00000001,F7D46144,37076412,ΛΑΥΡΙΟ DHI,9,22,True
2022-23,B91AE9D3,ΚΑΡΑΜΠΕΛΑΣ Ζώης,ΕΛΛΑΔΑ,22,24.1,530.2,True,ESAKE country,False,https://www.esake.gr/el/action/EsakeStats?mode=2&idchampionship=DC917125&idseason=00000001,00000004,00000004,ΑΠΟΛΛΩΝ Π. CARNA,11,22,True
2022-23,F600BCB8,ΚΑΡΡΑΣ Θεόδωρος,ΕΛΛΑΔΑ,8,5.87,46.96,True,ESAKE country,False,https://www.esake.gr/el/action/EsakeStats?mode=2&idchampionship=DC917125&idseason=00000001,B742845D,1120377507,ΚΑΡΔΙΤΣΑ ΒΙΟΛΟΓΙΚΟ ΧΩΡΙΟ,10,22,True
2022-23,000001AD,ΚΑΣΕΛΑΚΗΣ Λεωνίδας,ΕΛΛΑΔΑ,19,26.27,499.13,True,ESAKE country,False,https://www.esake.gr/el/action/EsakeStats?mode=2&idchampionship=DC917125&idseason=00000001,0000000D,00000013,ΠΕΡΙΣΤΕΡΙ bwin,3,22,False
2022-23,000001BC,ΚΑΤΣΙΒΕΛΗΣ Δημήτρης,ΕΛΛΑΔΑ,21,26.73,561.33,True,ESAKE country,False,https://www.esake.gr/el/action/EsakeStats?mode=2&idchampionship=DC917125&idseason=00000001,0000000A,00000010,ΚΟΛΟΣΣΟΣ H HOTELS COLLECTION,7,22,True
2022-23,2B04199B,ΚΙΟΥΣΗΣ Χαράλαμπος,ΕΛΛΑΔΑ,3,2.08,6.24,True,ESAKE country,False,https://www.esake.gr/el/action/EsakeStats?mode=2&idchampionship=DC917125&idseason=00000001,4C2C8907,1177987079,ΙΩΝΙΚΟΣ BASKET,12,22,True
2022-23,4F830DA1,ΚΟΓΙΩΝΗΣ Γιώργος,ΕΛΛΑΔΑ,17,4.84,82.28,True,ESAKE country,False,https://www.esake.gr/el/action/EsakeStats?mode=2&idchampionship=DC917125&idseason=00000001,00000004,00000004,ΑΠΟΛΛΩΝ Π. CARNA,11,22,True
2022-23,C3EEEAAA,ΚΟΛΕΜΑΝ Ματ,ΗΠΑ,7,10.38,72.66,False,ESAKE country,False,https://www.esake.gr/el/action/EsakeStats?mode=2&idchampionship=DC917125&idseason=00000001,0000000D,00000013,ΠΕΡΙΣΤΕΡΙ bwin,3,22,False
2022-23,5330373D,ΚΟΛΟΒΕΡΟΣ Ιωσήφ,ΕΛΛΑΔΑ,15,20.08,301.2,True,ESAKE country,False,https://www.esake.gr/el/action/EsakeStats?mode=2&idchampionship=DC917125&idseason=00000001,F7D46144,37076412,ΛΑΥΡΙΟ DHI,9,22,True
2022-23,CF580EB7,ΚΟΝΙΑΡΗΣ Αντώνης,ΕΛΛΑΔΑ,15,10.7,160.5,True,ESAKE country,False,https://www.esake.gr/el/action/EsakeStats?mode=2&idchampionship=DC917125&idseason=00000001,00000010,00000016,ΑΕΚ,6,22,False
2022-23,0EA3EA7D,ΚΟΝΤΙΤ Τζορτζ,ΠΟΥΕΡΤΟ ΡΙΚΟ,19,20.35,386.65,False,ESAKE country,False,https://www.esake.gr/el/action/EsakeStats?mode=2&idchampionship=DC917125&idseason=00000001,2A25C696,607118742,ΠΡΟΜΗΘΕΑΣ ΠΑΤΡΑΣ ΒΙΚΟΣ COLA,5,22,False
2022-23,BC705931,ΚΟΟΥΛ Αρ Τζέι,ΗΠΑ,20,30.2,604.0,False,ESAKE country,False,https://www.esake.gr/el/action/EsakeStats?mode=2&idchampionship=DC917125&idseason=00000001,F7D46144,37076412,ΛΑΥΡΙΟ DHI,9,22,True
2022-23,96EA6B26,ΚΟΡΚΟΝΤΖΕΛΟΣ Κωνσταντίνος,ΕΛΛΑΔΑ,12,4.37,52.44,True,ESAKE country,False,https://www.esake.gr/el/action/EsakeStats?mode=2&idchampionship=DC917125&idseason=00000001,4C2C8907,1177987079,ΙΩΝΙΚΟΣ BASKET,12,22,True
2022-23,04C9A104,ΚΟΥΑΘ Κερ,ΗΠΑ,6,13.0,78.0,False,ESAKE country,False,https://www.esake.gr/el/action/EsakeStats?mode=2&idchampionship=DC917125&idseason=00000001,F7D46144,37076412,ΛΑΥΡΙΟ DHI,9,22,True
2022-23,4C0E5F4B,ΚΟΥΖΕΛΟΓΛΟΥ Γιάννης,ΕΛΛΑΔΑ,9,24.02,216.18,True,ESAKE country,False,https://www.esake.gr/el/action/EsakeStats?mode=2&idchampionship=DC917125&idseason=00000001,F7D46144,37076412,ΛΑΥΡΙΟ DHI,9,22,True
2022-23,0760F694,ΚΟΥΛΜΠΟΚΑ Αρνόλντας,ΛΙΘΟΥΑΝΙΑ,22,30.03,660.66,False,ESAKE country,False,https://www.esake.gr/el/action/EsakeStats?mode=2&idchampionship=DC917125&idseason=00000001,2A25C696,607118742,ΠΡΟΜΗΘΕΑΣ ΠΑΤΡΑΣ ΒΙΚΟΣ COLA,5,22,False
2022-23,DA64573D,ΚΟΦI Κρις,ΗΠΑ,17,23.83,405.11,False,ESAKE country,False,https://www.esake.gr/el/action/EsakeStats?mode=2&idchampionship=DC917125&idseason=00000001,0000000A,00000010,ΚΟΛΟΣΣΟΣ H HOTELS COLLECTION,7,22,True
2022-23,A611774B,ΚΩΝΣΤΑΝΤΙΝΙΔΗΣ Θεόδωρος,ΕΛΛΑΔΑ,3,4.66,13.98,True,ESAKE country,False,https://www.esake.gr/el/action/EsakeStats?mode=2&idchampionship=DC917125&idseason=00000001,0000000C,00000012,ΠΑΟΚ mateco,4,22,False
2022-23,0000073F,ΚΩΤΤΑΣ Θωμάς,ΕΛΛΑΔΑ,2,14.22,28.44,True,ESAKE country,False,https://www.esake.gr/el/action/EsakeStats?mode=2&idchampionship=DC917125&idseason=00000001,B742845D,1120377507,ΚΑΡΔΙΤΣΑ ΒΙΟΛΟΓΙΚΟ ΧΩΡΙΟ,10,22,True
2022-23,97F0888E,ΛΑΓΙΟΣ Αγγελος,ΕΛΛΑΔΑ,3,5.58,16.74,True,ESAKE country,False,https://www.esake.gr/el/action/EsakeStats?mode=2&idchampionship=DC917125&idseason=00000001,2A25C696,607118742,ΠΡΟΜΗΘΕΑΣ ΠΑΤΡΑΣ ΒΙΚΟΣ COLA,5,22,False
2022-23,00000245,ΛΑΡΕΝΤΖΑΚΗΣ Γιαννούλης,ΕΛΛΑΔΑ,21,17.74,372.54,True,ESAKE country,False,https://www.esake.gr/el/action/EsakeStats?mode=2&idchampionship=DC917125&idseason=00000001,00000002,00000002,ΟΛΥΜΠΙΑΚΟΣ,1,22,False
2022-23,915AFB05,ΛΑΤΖΕΒΑΪΝ Σίριλ,ΗΠΑ,14,23.72,332.08,False,ESAKE country,False,https://www.esake.gr/el/action/EsakeStats?mode=2&idchampionship=DC917125&idseason=00000001,F7D46144,37076412,ΛΑΥΡΙΟ DHI,9,22,True
2022-23,B2CC17A7,ΛΕΪΣΙ Νταβόντε,ΗΠΑ,22,24.01,528.22,False,ESAKE country,False,https://www.esake.gr/el/action/EsakeStats?mode=2&idchampionship=DC917125&idseason=00000001,4C2C8907,1177987079,ΙΩΝΙΚΟΣ BASKET,12,22,True
2022-23,2039EAA4,ΛΕΜΑΡ Μπρίντον,ΗΠΑ,6,24.12,144.72,False,ESAKE country,False,https://www.esake.gr/el/action/EsakeStats?mode=2&idchampionship=DC917125&idseason=00000001,00000010,00000016,ΑΕΚ,6,22,False
2022-23,8CB4BDEC,ΛΕΝΕΛ Χένρι,ΗΠΑ,5,18.81,94.05,False,ESAKE country,False,https://www.esake.gr/el/action/EsakeStats?mode=2&idchampionship=DC917125&idseason=00000001,4C2C8907,1177987079,ΙΩΝΙΚΟΣ BASKET,12,22,True
2022-23,6C506190,ΛΙ Πάρις,ΗΠΑ,20,24.06,481.2,False,ESAKE country,False,https://www.esake.gr/el/action/EsakeStats?mode=2&idchampionship=DC917125&idseason=00000001,00000001,00000001,ΠΑΝΑΘΗΝΑΪΚΟΣ AKTOR,2,22,False
2022-23,6D628A7D,ΛΟΟΥΤΟΝ Όστιν,ΗΠΑ,5,10.58,52.9,False,ESAKE country,False,https://www.esake.gr/el/action/EsakeStats?mode=2&idchampionship=DC917125&idseason=00000001,4C2C8907,1177987079,ΙΩΝΙΚΟΣ BASKET,12,22,True
2022-23,2BB1AF1F,ΛΟΥΝΤΖΗΣ Μιχάλης,ΕΛΛΑΔΑ,20,14.74,294.8,True,ESAKE country,False,https://www.esake.gr/el/action/EsakeStats?mode=2&idchampionship=DC917125&idseason=00000001,00000002,00000002,ΟΛΥΜΠΙΑΚΟΣ,1,22,False
2022-23,392A21E9,ΜΑΪΕΡΣ Μάικ,ΗΠΑ,1,20.2,20.2,False,ESAKE country,False,https://www.esake.gr/el/action/EsakeStats?mode=2&idchampionship=DC917125&idseason=00000001,4C2C8907,1177987079,ΙΩΝΙΚΟΣ BASKET,12,22,True
2022-23,859FCF83,ΜΑΪΛΣ Αϊζάια,ΗΠΑ,10,27.24,272.4,False,ESAKE country,False,https://www.esake.gr/el/action/EsakeStats?mode=2&idchampionship=DC917125&idseason=00000001,00000010,00000016,ΑΕΚ,6,22,False
2022-23,5BEFB485,ΜΑΚ ΓΚΡΙΦ Κάμερον,ΗΠΑ,16,22.56,360.96,False,ESAKE country,False,https://www.esake.gr/el/action/EsakeStats?mode=2&idchampionship=DC917125&idseason=00000001,00000010,00000016,ΑΕΚ,6,22,False
2022-23,FC26E3ED,ΜΑΚ ΚΙΣΙΚ Σακίλ,ΗΠΑ,15,18.13,271.95,False,ESAKE country,False,https://www.esake.gr/el/action/EsakeStats?mode=2&idchampionship=DC917125&idseason=00000001,00000002,00000002,ΟΛΥΜΠΙΑΚΟΣ,1,22,False
2022-23,BF78543C,ΜΑΚ Τέβιν ΣΤΑΒΟΝΤΕΪ,ΗΠΑ,5,28.91,144.55,False,ESAKE country,False,https://www.esake.gr/el/action/EsakeStats?mode=2&idchampionship=DC917125&idseason=00000001,00000004,00000004,ΑΠΟΛΛΩΝ Π. CARNA,11,22,True
2022-23,0000029C,ΜΑΝΤΖΑΡΗΣ Βαγγέλης,ΕΛΛΑΔΑ,19,28.43,540.17,True,ESAKE country,False,https://www.esake.gr/el/action/EsakeStats?mode=2&idchampionship=DC917125&idseason=00000001,4C2C8907,1177987079,ΙΩΝΙΚΟΣ BASKET,12,22,True
2022-23,24974100,ΜΑΝΤΖΟΥΚΑΣ Λευτέρης,ΕΛΛΑΔΑ,18,18.29,329.22,True,ESAKE country,False,https://www.esake.gr/el/action/EsakeStats?mode=2&idchampionship=DC917125&idseason=00000001,00000001,00000001,ΠΑΝΑΘΗΝΑΪΚΟΣ AKTOR,2,22,False
2022-23,BD97A63B,ΜΑΝΤΣΕΝ Αλεξάντερ,ΦΙΝΛΑΝΔΙΑ,18,14.54,261.72,False,ESAKE country,False,https://www.esake.gr/el/action/EsakeStats?mode=2&idchampionship=DC917125&idseason=00000001,00000010,00000016,ΑΕΚ,6,22,False
2022-23,F0FFC87A,ΜΑΡΑΓΚΟΥΔΑΚΗΣ Ιωάννης,ΕΛΛΑΔΑ,0,0.0,0.0,True,ESAKE country,False,https://www.esake.gr/el/action/EsakeStats?mode=2&idchampionship=DC917125&idseason=00000001,0000000D,00000013,ΠΕΡΙΣΤΕΡΙ bwin,3,22,False
2022-23,000002A8,ΜΑΡΓΑΡΙΤΗΣ Βαγγέλης,ΕΛΛΑΔΑ,21,16.47,345.87,True,ESAKE country,False,https://www.esake.gr/el/action/EsakeStats?mode=2&idchampionship=DC917125&idseason=00000001,0000000C,00000012,ΠΑΟΚ mateco,4,22,False
2022-23,9DE2FD93,ΜΑΡΤΙΝ Ρεμί,ΗΠΑ,12,12.97,155.64,False,ESAKE country,False,https://www.esake.gr/el/action/EsakeStats?mode=2&idchampionship=DC917125&idseason=00000001,F7D46144,37076412,ΛΑΥΡΙΟ DHI,9,22,True
2022-23,FB81693B,ΜΑΣΤΡΟΓΙΑΝΝΟΠΟΥΛΟΣ Σαράντης,ΕΛΛΑΔΑ,21,16.66,349.86,True,ESAKE country,False,https://www.esake.gr/el/action/EsakeStats?mode=2&idchampionship=DC917125&idseason=00000001,00000004,00000004,ΑΠΟΛΛΩΝ Π. CARNA,11,22,True
2022-23,000002C6,ΜΑΥΡΟΕΙΔΗΣ Δημήτρης,ΕΛΛΑΔΑ,1,4.07,4.07,True,ESAKE country,False,https://www.esake.gr/el/action/EsakeStats?mode=2&idchampionship=DC917125&idseason=00000001,00000010,00000016,ΑΕΚ,6,22,False
2022-23,000002C7,ΜΑΥΡΟΚΕΦΑΛΙΔΗΣ Λουκάς,ΕΛΛΑΔΑ,17,33.31,566.27,True,ESAKE country,False,https://www.esake.gr/el/action/EsakeStats?mode=2&idchampionship=DC917125&idseason=00000001,4C2C8907,1177987079,ΙΩΝΙΚΟΣ BASKET,12,22,True
2022-23,963A113D,ΜΗΤΡΕΛΟΣ Μωυσής,ΕΛΛΑΔΑ,1,2.22,2.22,True,ESAKE country,False,https://www.esake.gr/el/action/EsakeStats?mode=2&idchampionship=DC917125&idseason=00000001,00000010,00000016,ΑΕΚ,6,22,False
2022-23,726D6513,ΜΗΤΡΟΥ-ΛΟΝΓΚ Ελάιζα,ΕΛΛΑΔΑ,17,23.25,395.25,True,ESAKE country,False,https://www.esake.gr/el/action/EsakeStats?mode=2&idchampionship=DC917125&idseason=00000001,00000005,00000005,ΑΡΗΣ,8,22,True
2022-23,79086F12,ΜΙΣΚΟΒΙΤΣ Νικολα,ΣΕΡΒΙΑ,0,0.0,0.0,False,ESAKE country,False,https://www.esake.gr/el/action/EsakeStats?mode=2&idchampionship=DC917125&idseason=00000001,00000004,00000004,ΑΠΟΛΛΩΝ Π. CARNA,11,22,True
2022-23,A4AC0998,ΜΙΤΣΕΛ Ακίλ,ΠΑΝΑΜΑΣ,20,26.2,524.0,False,ESAKE country,False,https://www.esake.gr/el/action/EsakeStats?mode=2&idchampionship=DC917125&idseason=00000001,00000010,00000016,ΑΕΚ,6,22,False
2022-23,045020C4,ΜΟΡΕΪΡΑ Γιανίκ,ΑΝΓΚΟΛΑ,22,19.56,430.32,False,ESAKE country,False,https://www.esake.gr/el/action/EsakeStats?mode=2&idchampionship=DC917125&idseason=00000001,0000000A,00000010,ΚΟΛΟΣΣΟΣ H HOTELS COLLECTION,7,22,True
2022-23,FED5F313,ΜΟΥΡΑΤΟΣ Βασίλης,ΕΛΛΑΔΑ,22,19.95,438.9,True,ESAKE country,False,https://www.esake.gr/el/action/EsakeStats?mode=2&idchampionship=DC917125&idseason=00000001,2A25C696,607118742,ΠΡΟΜΗΘΕΑΣ ΠΑΤΡΑΣ ΒΙΚΟΣ COLA,5,22,False
2022-23,BFF2965D,ΜΠΑΡΣΕΛΟ Άλεξ,ΗΠΑ,4,9.56,38.24,False,ESAKE country,False,https://www.esake.gr/el/action/EsakeStats?mode=2&idchampionship=DC917125&idseason=00000001,0000000A,00000010,ΚΟΛΟΣΣΟΣ H HOTELS COLLECTION,7,22,True
2022-23,00000330,ΜΠΑΡΤ Στίβεν Τζ.,ΗΠΑ,1,38.72,38.72,False,ESAKE country,False,https://www.esake.gr/el/action/EsakeStats?mode=2&idchampionship=DC917125&idseason=00000001,4C2C8907,1177987079,ΙΩΝΙΚΟΣ BASKET,12,22,True
2022-23,823ACEB3,ΜΠΕΪΚΟΝ Ντουέιν,ΗΠΑ,16,24.13,386.08,False,ESAKE country,False,https://www.esake.gr/el/action/EsakeStats?mode=2&idchampionship=DC917125&idseason=00000001,00000001,00000001,ΠΑΝΑΘΗΝΑΪΚΟΣ AKTOR,2,22,False
2022-23,5E08FF6E,ΜΠΕΪΤΜΟΝ Τζέιμς,ΗΠΑ,7,33.69,235.83,False,ESAKE country,False,https://www.esake.gr/el/action/EsakeStats?mode=2&idchampionship=DC917125&idseason=00000001,B742845D,1120377507,ΚΑΡΔΙΤΣΑ ΒΙΟΛΟΓΙΚΟ ΧΩΡΙΟ,10,22,True
2022-23,00000345,ΜΠΕΜΠΗΣ Βαγγέλης,ΕΛΛΑΔΑ,18,6.41,115.38,True,ESAKE country,False,https://www.esake.gr/el/action/EsakeStats?mode=2&idchampionship=DC917125&idseason=00000001,4C2C8907,1177987079,ΙΩΝΙΚΟΣ BASKET,12,22,True
2022-23,481F0638,ΜΠΙΛΑΛΗΣ Κωνσταντίνος,ΕΛΛΑΔΑ,0,0.0,0.0,True,ESAKE country,False,https://www.esake.gr/el/action/EsakeStats?mode=2&idchampionship=DC917125&idseason=00000001,0000000D,00000013,ΠΕΡΙΣΤΕΡΙ bwin,3,22,False
2022-23,B44A820B,ΜΠΙΛΑΝ Μίρο,ΚΡΟΑΤΙΑ,22,23.78,523.16,False,ESAKE country,False,https://www.esake.gr/el/action/EsakeStats?mode=2&idchampionship=DC917125&idseason=00000001,0000000D,00000013,ΠΕΡΙΣΤΕΡΙ bwin,3,22,False
2022-23,ED874474,ΜΠΙΛΛΗΣ Σωτήρης,ΕΛΛΑΔΑ,7,7.9,55.3,True,ESAKE country,False,https://www.esake.gr/el/action/EsakeStats?mode=2&idchampionship=DC917125&idseason=00000001,0000000A,00000010,ΚΟΛΟΣΣΟΣ H HOTELS COLLECTION,7,22,True
2022-23,FF9E7127,ΜΠΛΑΚ Ταρίκ,ΗΠΑ,17,16.61,282.37,False,ESAKE country,False,https://www.esake.gr/el/action/EsakeStats?mode=2&idchampionship=DC917125&idseason=00000001,00000002,00000002,ΟΛΥΜΠΙΑΚΟΣ,1,22,False
2022-23,00000366,ΜΠΟΓΡΗΣ Γιώργος,ΕΛΛΑΔΑ,22,22.48,494.56,True,ESAKE country,False,https://www.esake.gr/el/action/EsakeStats?mode=2&idchampionship=DC917125&idseason=00000001,00000004,00000004,ΑΠΟΛΛΩΝ Π. CARNA,11,22,True
2022-23,DB50F24F,ΜΠΟΛΟΜΠΟΪ Τζόελ,ΗΠΑ,21,14.19,297.99,False,ESAKE country,False,https://www.esake.gr/el/action/EsakeStats?mode=2&idchampionship=DC917125&idseason=00000001,00000002,00000002,ΟΛΥΜΠΙΑΚΟΣ,1,22,False
2022-23,5DDA0B7D,ΜΠΟΧΑΪΜ Τζίμ,ΗΠΑ,13,24.32,316.16,False,ESAKE country,False,https://www.esake.gr/el/action/EsakeStats?mode=2&idchampionship=DC917125&idseason=00000001,B742845D,1120377507,ΚΑΡΔΙΤΣΑ ΒΙΟΛΟΓΙΚΟ ΧΩΡΙΟ,10,22,True
2022-23,0000037E,ΜΠΟΧΩΡΙΔΗΣ Ελευθέριος,ΕΛΛΑΔΑ,17,17.57,298.69,True,ESAKE country,False,https://www.esake.gr/el/action/EsakeStats?mode=2&idchampionship=DC917125&idseason=00000001,00000001,00000001,ΠΑΝΑΘΗΝΑΪΚΟΣ AKTOR,2,22,False
2022-23,E79B2944,ΜΩΡΑΪΤΗΣ Δημήτρης,ΕΛΛΑΔΑ,22,18.87,415.14,True,ESAKE country,False,https://www.esake.gr/el/action/EsakeStats?mode=2&idchampionship=DC917125&idseason=00000001,0000000D,00000013,ΠΕΡΙΣΤΕΡΙ bwin,3,22,False
2022-23,14F5D6AF,ΝΕΤΖΗΠΟΓΛΟΥ Όμηρος,ΕΛΛΑΔΑ,22,19.01,418.22,True,ESAKE country,False,https://www.esake.gr/el/action/EsakeStats?mode=2&idchampionship=DC917125&idseason=00000001,00000005,00000005,ΑΡΗΣ,8,22,True
2022-23,6547DF27,ΝΙΚΟΛΑΪΔΗΣ Αλέξανδρος,ΕΛΛΑΔΑ,19,20.72,393.68,True,ESAKE country,False,https://www.esake.gr/el/action/EsakeStats?mode=2&idchampionship=DC917125&idseason=00000001,F7D46144,37076412,ΛΑΥΡΙΟ DHI,9,22,True
2022-23,C22BD6D1,ΝΙΚΟΛΑΪΔΗΣ Απόστολος,ΕΛΛΑΔΑ,7,4.94,34.58,True,ESAKE country,False,https://www.esake.gr/el/action/EsakeStats?mode=2&idchampionship=DC917125&idseason=00000001,F7D46144,37076412,ΛΑΥΡΙΟ DHI,9,22,True
2022-23,7DA773D6,ΝΟΥΝΙΕΖ ΚΑΣΤΙΓΙΟ Άνχελ,ΗΠΑ,14,20.73,290.22,False,ESAKE country,False,https://www.esake.gr/el/action/EsakeStats?mode=2&idchampionship=DC917125&idseason=00000001,4C2C8907,1177987079,ΙΩΝΙΚΟΣ BASKET,12,22,True
2022-23,5F095E96,ΝΤΑΓΚΟΥΜΠΙΤΣ Νεμάνια,ΣΕΡΒΙΑ,16,23.12,369.92,False,ESAKE country,False,https://www.esake.gr/el/action/EsakeStats?mode=2&idchampionship=DC917125&idseason=00000001,2A25C696,607118742,ΠΡΟΜΗΘΕΑΣ ΠΑΤΡΑΣ ΒΙΚΟΣ COLA,5,22,False
2022-23,68D55C81,ΝΤΑΡΚΟ-ΚΕΛΙ Ζάκιους,ΗΠΑ,3,10.22,30.66,False,ESAKE country,False,https://www.esake.gr/el/action/EsakeStats?mode=2&idchampionship=DC917125&idseason=00000001,0000000C,00000012,ΠΑΟΚ mateco,4,22,False
2022-23,A62D33AE,ΝΤΕΪΒΙΣ Εϊ Τζέι,ΗΠΑ,22,33.34,733.48,False,ESAKE country,False,https://www.esake.gr/el/action/EsakeStats?mode=2&idchampionship=DC917125&idseason=00000001,00000004,00000004,ΑΠΟΛΛΩΝ Π. CARNA,11,22,True
2022-23,BCAE1788,ΝΤΕΪΒΙΣ Ντέβιν,ΗΠΑ,5,20.48,102.4,False,ESAKE country,False,https://www.esake.gr/el/action/EsakeStats?mode=2&idchampionship=DC917125&idseason=00000001,0000000D,00000013,ΠΕΡΙΣΤΕΡΙ bwin,3,22,False
2022-23,91A62962,ΝΤΕΪΒΙΣ Σαχίντ,ΗΠΑ,7,18.41,128.87,False,ESAKE country,False,https://www.esake.gr/el/action/EsakeStats?mode=2&idchampionship=DC917125&idseason=00000001,F7D46144,37076412,ΛΑΥΡΙΟ DHI,9,22,True
2022-23,D3B24BB7,ΝΤΕΛΟΡΙΕΡ Τζάβιν,ΗΠΑ,7,27.76,194.32,False,ESAKE country,False,https://www.esake.gr/el/action/EsakeStats?mode=2&idchampionship=DC917125&idseason=00000001,B742845D,1120377507,ΚΑΡΔΙΤΣΑ ΒΙΟΛΟΓΙΚΟ ΧΩΡΙΟ,10,22,True
2022-23,19D1F2B7,ΝΤΕΝΜΟΝ Μάρκους,ΗΠΑ,22,29.21,642.62,False,ESAKE country,False,https://www.esake.gr/el/action/EsakeStats?mode=2&idchampionship=DC917125&idseason=00000001,0000000D,00000013,ΠΕΡΙΣΤΕΡΙ bwin,3,22,False
2022-23,DE042502,ΝΤΙ ΝΟΤΕ Τζέι,ΗΠΑ,21,28.79,604.59,False,ESAKE country,False,https://www.esake.gr/el/action/EsakeStats?mode=2&idchampionship=DC917125&idseason=00000001,00000005,00000005,ΑΡΗΣ,8,22,True
2022-23,C9E986D2,ΝΤΙΞΟΝ Μάικλ,ΗΠΑ,16,25.26,404.16,False,ESAKE country,False,https://www.esake.gr/el/action/EsakeStats?mode=2&idchampionship=DC917125&idseason=00000001,0000000A,00000010,ΚΟΛΟΣΣΟΣ H HOTELS COLLECTION,7,22,True
2022-23,58B5271F,ΝΤΙΠΤΣΗΣ Κωνσταντίνος,ΕΛΛΑΔΑ,0,0.0,0.0,True,ESAKE country,False,https://www.esake.gr/el/action/EsakeStats?mode=2&idchampionship=DC917125&idseason=00000001,0000000D,00000013,ΠΕΡΙΣΤΕΡΙ bwin,3,22,False
2022-23,8A9A93F4,ΝΤΟΥΡΑΜ Αλ,ΗΠΑ,6,17.87,107.22,False,ESAKE country,False,https://www.esake.gr/el/action/EsakeStats?mode=2&idchampionship=DC917125&idseason=00000001,F7D46144,37076412,ΛΑΥΡΙΟ DHI,9,22,True
2022-23,000003F5,ΞΑΝΘΟΠΟΥΛΟΣ Βασίλης,ΕΛΛΑΔΑ,20,14.49,289.8,True,ESAKE country,False,https://www.esake.gr/el/action/EsakeStats?mode=2&idchampionship=DC917125&idseason=00000001,00000010,00000016,ΑΕΚ,6,22,False
2022-23,16D5E757,ΟΚΕΚΟΓΟΥΕΝ Νίκος,ΕΛΛΑΔΑ,2,0.84,1.68,True,ESAKE country,False,https://www.esake.gr/el/action/EsakeStats?mode=2&idchampionship=DC917125&idseason=00000001,4C2C8907,1177987079,ΙΩΝΙΚΟΣ BASKET,12,22,True
2022-23,D1381E3B,ΟΡΙΟΛΑ Πιέρ,ΙΣΠΑΝΙΑ,6,18.18,109.08,False,ESAKE country,False,https://www.esake.gr/el/action/EsakeStats?mode=2&idchampionship=DC917125&idseason=00000001,00000010,00000016,ΑΕΚ,6,22,False
2022-23,A17B4B74,ΟΣΜΠΟΡΝ Μαλίκ,ΗΠΑ,10,22.91,229.1,False,ESAKE country,False,https://www.esake.gr/el/action/EsakeStats?mode=2&idchampionship=DC917125&idseason=00000001,0000000A,00000010,ΚΟΛΟΣΣΟΣ H HOTELS COLLECTION,7,22,True
2022-23,A5499452,ΟΥΕΣΤ Τζάροντ,ΗΠΑ,12,21.49,257.88,False,ESAKE country,False,https://www.esake.gr/el/action/EsakeStats?mode=2&idchampionship=DC917125&idseason=00000001,B742845D,1120377507,ΚΑΡΔΙΤΣΑ ΒΙΟΛΟΓΙΚΟ ΧΩΡΙΟ,10,22,True
2022-23,24D310BE,ΟΥΙΛΙΑΜΣ Κένι,ΗΠΑ,21,26.93,565.53,False,ESAKE country,False,https://www.esake.gr/el/action/EsakeStats?mode=2&idchampionship=DC917125&idseason=00000001,00000010,00000016,ΑΕΚ,6,22,False
2022-23,656D6050,ΟΥΙΛΙΑΜΣ Σεσίλ,ΗΠΑ,1,21.15,21.15,False,ESAKE country,False,https://www.esake.gr/el/action/EsakeStats?mode=2&idchampionship=DC917125&idseason=00000001,00000004,00000004,ΑΠΟΛΛΩΝ Π. CARNA,11,22,True
2022-23,79867AFD,ΠΑΓΩΝΗΣ Παναγιώτης,ΕΛΛΑΔΑ,0,0.0,0.0,True,ESAKE country,False,https://www.esake.gr/el/action/EsakeStats?mode=2&idchampionship=DC917125&idseason=00000001,0000000D,00000013,ΠΕΡΙΣΤΕΡΙ bwin,3,22,False
2022-23,0BE72CB1,ΠΑΚ Ρισόν,ΗΠΑ,2,11.16,22.32,False,ESAKE country,False,https://www.esake.gr/el/action/EsakeStats?mode=2&idchampionship=DC917125&idseason=00000001,00000005,00000005,ΑΡΗΣ,8,22,True
2022-23,00000451,ΠΑΠΑΓΙΑΝΝΗΣ Γιώργος,ΕΛΛΑΔΑ,21,22.89,480.69,True,ESAKE country,False,https://www.esake.gr/el/action/EsakeStats?mode=2&idchampionship=DC917125&idseason=00000001,00000001,00000001,ΠΑΝΑΘΗΝΑΪΚΟΣ AKTOR,2,22,False
2022-23,41010DDA,ΠΑΠΑΔΑΚΗΣ Κώστας,ΕΛΛΑΔΑ,21,8.9,186.9,True,ESAKE country,False,https://www.esake.gr/el/action/EsakeStats?mode=2&idchampionship=DC917125&idseason=00000001,00000010,00000016,ΑΕΚ,6,22,False
2022-23,254704A5,ΠΑΠΑΔΑΤΟΣ Πάρης,ΕΛΛΑΔΑ,0,0.0,0.0,True,ESAKE country,False,https://www.esake.gr/el/action/EsakeStats?mode=2&idchampionship=DC917125&idseason=00000001,0000000D,00000013,ΠΕΡΙΣΤΕΡΙ bwin,3,22,False
2022-23,210FB913,ΠΑΠΑΘΑΝΑΣΙΟΥ Τζορτζ Πίτερς,ΕΛΛΑΔΑ,15,8.97,134.55,True,ESAKE country,False,https://www.esake.gr/el/action/EsakeStats?mode=2&idchampionship=DC917125&idseason=00000001,00000002,00000002,ΟΛΥΜΠΙΑΚΟΣ,1,22,False
2022-23,00000468,ΠΑΠΑΝΙΚΟΛΑΟΥ Κώστας,ΕΛΛΑΔΑ,20,21.82,436.4,True,ESAKE country,False,https://www.esake.gr/el/action/EsakeStats?mode=2&idchampionship=DC917125&idseason=00000001,00000002,00000002,ΟΛΥΜΠΙΑΚΟΣ,1,22,False
2022-23,0000047A,ΠΑΠΠΑΣ Νίκος,ΕΛΛΑΔΑ,2,8.45,16.9,True,ESAKE country,False,https://www.esake.gr/el/action/EsakeStats?mode=2&idchampionship=DC917125&idseason=00000001,00000001,00000001,ΠΑΝΑΘΗΝΑΪΚΟΣ AKTOR,2,22,False
2022-23,C921D75C,ΠΑΡΑΣΚΕΥΟΠΟΥΛΟΣ Χάρης,ΕΛΛΑΔΑ,0,0.0,0.0,True,ESAKE country,False,https://www.esake.gr/el/action/EsakeStats?mode=2&idchampionship=DC917125&idseason=00000001,2A25C696,607118742,ΠΡΟΜΗΘΕΑΣ ΠΑΤΡΑΣ ΒΙΚΟΣ COLA,5,22,False
2022-23,747CD647,ΠΑΡΚΣ Τέρελ,ΗΠΑ,10,14.03,140.3,False,ESAKE country,False,https://www.esake.gr/el/action/EsakeStats?mode=2&idchampionship=DC917125&idseason=00000001,4C2C8907,1177987079,ΙΩΝΙΚΟΣ BASKET,12,22,True
2022-23,49574E22,ΠΕΡΣΙΔΗΣ Νικόλαος,ΕΛΛΑΔΑ,17,9.69,164.73,True,ESAKE country,False,https://www.esake.gr/el/action/EsakeStats?mode=2&idchampionship=DC917125&idseason=00000001,0000000D,00000013,ΠΕΡΙΣΤΕΡΙ bwin,3,22,False
2022-23,66365C38,ΠΕΤΑΝΙΔΗΣ Γιώργος,ΕΛΛΑΔΑ,10,5.72,57.2,True,ESAKE country,False,https://www.esake.gr/el/action/EsakeStats?mode=2&idchampionship=DC917125&idseason=00000001,4C2C8907,1177987079,ΙΩΝΙΚΟΣ BASKET,12,22,True
2022-23,D953EB46,ΠΕΤΑΝΙΔΗΣ Κυριάκος,ΕΛΛΑΔΑ,0,0.0,0.0,True,ESAKE country,False,https://www.esake.gr/el/action/EsakeStats?mode=2&idchampionship=DC917125&idseason=00000001,00000005,00000005,ΑΡΗΣ,8,22,True
2022-23,2FDD0350,ΠΕΤΡΟΠΟΥΛΟΣ Ανδρέας,ΕΛΛΑΔΑ,17,7.6,129.2,True,ESAKE country,False,https://www.esake.gr/el/action/EsakeStats?mode=2&idchampionship=DC917125&idseason=00000001,00000010,00000016,ΑΕΚ,6,22,False
2022-23,08CB5E1F,ΠΕΦΑΝΗΣ Αντώνης,ΕΛΛΑΔΑ,6,4.24,25.44,True,ESAKE country,False,https://www.esake.gr/el/action/EsakeStats?mode=2&idchampionship=DC917125&idseason=00000001,B742845D,1120377507,ΚΑΡΔΙΤΣΑ ΒΙΟΛΟΓΙΚΟ ΧΩΡΙΟ,10,22,True
2022-23,6C30ED4B,ΠΙΛΑΒΙΟΣ Άλφης,ΕΛΛΑΔΑ,13,6.61,85.93,True,ESAKE country,False,https://www.esake.gr/el/action/EsakeStats?mode=2&idchampionship=DC917125&idseason=00000001,F7D46144,37076412,ΛΑΥΡΙΟ DHI,9,22,True
2022-23,AB45FD1B,ΠΙΤΕΡΣ Αλεκ,ΗΠΑ,21,19.11,401.31,False,ESAKE country,False,https://www.esake.gr/el/action/EsakeStats?mode=2&idchampionship=DC917125&idseason=00000001,00000002,00000002,ΟΛΥΜΠΙΑΚΟΣ,1,22,False
2022-23,4FE1501B,ΠΙΤΕΡΣ Λαμάρ,ΗΠΑ,5,17.86,89.3,False,ESAKE country,False,https://www.esake.gr/el/action/EsakeStats?mode=2&idchampionship=DC917125&idseason=00000001,B742845D,1120377507,ΚΑΡΔΙΤΣΑ ΒΙΟΛΟΓΙΚΟ ΧΩΡΙΟ,10,22,True
2022-23,8A20EF38,ΠΛΩΤΑΣ Νίκος,ΕΛΛΑΔΑ,5,2.29,11.45,True,ESAKE country,False,https://www.esake.gr/el/action/EsakeStats?mode=2&idchampionship=DC917125&idseason=00000001,2A25C696,607118742,ΠΡΟΜΗΘΕΑΣ ΠΑΤΡΑΣ ΒΙΚΟΣ COLA,5,22,False
2022-23,3C50E042,ΠΟΛΕΪ Τάιλερ,ΗΠΑ,22,21.5,473.0,False,ESAKE country,False,https://www.esake.gr/el/action/EsakeStats?mode=2&idchampionship=DC917125&idseason=00000001,0000000C,00000012,ΠΑΟΚ mateco,4,22,False
2022-23,CADF888D,ΠΟΝΙΤΚΑ Ματέους,ΠΟΛΩΝΟΣ,17,21.46,364.82,False,ESAKE country,False,https://www.esake.gr/el/action/EsakeStats?mode=2&idchampionship=DC917125&idseason=00000001,00000001,00000001,ΠΑΝΑΘΗΝΑΪΚΟΣ AKTOR,2,22,False
2022-23,F42B3D2C,ΠΟΥΛΙΑΝΙΤΗΣ Στέλιος,ΕΛΛΑΔΑ,18,14.43,259.74,True,ESAKE country,False,https://www.esake.gr/el/action/EsakeStats?mode=2&idchampionship=DC917125&idseason=00000001,0000000D,00000013,ΠΕΡΙΣΤΕΡΙ bwin,3,22,False
2022-23,46EC5E96,ΠΡΕΚΑΣ Γρηγόρης,ΕΛΛΑΔΑ,0,0.0,0.0,True,ESAKE country,False,https://www.esake.gr/el/action/EsakeStats?mode=2&idchampionship=DC917125&idseason=00000001,2A25C696,607118742,ΠΡΟΜΗΘΕΑΣ ΠΑΤΡΑΣ ΒΙΚΟΣ COLA,5,22,False
2022-23,A2F4559F,ΠΡΙΤΖΕΤ Σαΐντ,ΗΠΑ,20,27.84,556.8,False,ESAKE country,False,https://www.esake.gr/el/action/EsakeStats?mode=2&idchampionship=DC917125&idseason=00000001,B742845D,1120377507,ΚΑΡΔΙΤΣΑ ΒΙΟΛΟΓΙΚΟ ΧΩΡΙΟ,10,22,True
2022-23,AAB0C3A4,ΡΑΪΛΙ Τζέιλεν,ΗΠΑ,18,24.63,443.34,False,ESAKE country,False,https://www.esake.gr/el/action/EsakeStats?mode=2&idchampionship=DC917125&idseason=00000001,0000000C,00000012,ΠΑΟΚ mateco,4,22,False
2022-23,78E866A6,ΡΑΝΤΑΝΟΦ Αλέκσα,ΣΕΡΒΙΑ,22,19.49,428.78,False,ESAKE country,False,https://www.esake.gr/el/action/EsakeStats?mode=2&idchampionship=DC917125&idseason=00000001,0000000D,00000013,ΠΕΡΙΣΤΕΡΙ bwin,3,22,False
2022-23,872EC9A9,ΡΕΝΦΡΟ Νέιτ,ΗΠΑ,21,24.8,520.8,False,ESAKE country,False,https://www.esake.gr/el/action/EsakeStats?mode=2&idchampionship=DC917125&idseason=00000001,0000000C,00000012,ΠΑΟΚ mateco,4,22,False
2022-23,F3537135,ΣΑΪΜΠΕΡΤ Τζόρνταν,ΗΠΑ,13,14.84,192.92,False,ESAKE country,False,https://www.esake.gr/el/action/EsakeStats?mode=2&idchampionship=DC917125&idseason=00000001,0000000C,00000012,ΠΑΟΚ mateco,4,22,False
2022-23,D4498240,ΣΑΛΟΥΣΤΡΟΣ Χρήστος,ΕΛΛΑΔΑ,18,19.63,353.34,True,ESAKE country,False,https://www.esake.gr/el/action/EsakeStats?mode=2&idchampionship=DC917125&idseason=00000001,0000000C,00000012,ΠΑΟΚ mateco,4,22,False
2022-23,B8E81349,ΣΑΜΟΝΤΟΥΡΟΒ Αλέξανδρος,ΕΛΛΑΔΑ,6,6.84,41.04,True,ESAKE country,False,https://www.esake.gr/el/action/EsakeStats?mode=2&idchampionship=DC917125&idseason=00000001,00000001,00000001,ΠΑΝΑΘΗΝΑΪΚΟΣ AKTOR,2,22,False
2022-23,833F16B8,ΣΑΝΟΓΚΟ Ίσμαελ,ΑΚΤΗ ΕΛΕΦΑΝΤΟΣΤΟΥ,18,18.65,335.7,False,ESAKE country,False,https://www.esake.gr/el/action/EsakeStats?mode=2&idchampionship=DC917125&idseason=00000001,00000005,00000005,ΑΡΗΣ,8,22,True
2022-23,00000522,ΣΑΡΙΚΟΠΟΥΛΟΣ Ζήσης,ΕΛΛΑΔΑ,15,7.81,117.15,True,ESAKE country,False,https://www.esake.gr/el/action/EsakeStats?mode=2&idchampionship=DC917125&idseason=00000001,0000000C,00000012,ΠΑΟΚ mateco,4,22,False
2022-23,2086CB89,ΣΙΔΕΡΗΣ Χρήστος,ΕΛΛΑΔΑ,2,0.63,1.26,True,ESAKE country,False,https://www.esake.gr/el/action/EsakeStats?mode=2&idchampionship=DC917125&idseason=00000001,00000005,00000005,ΑΡΗΣ,8,22,True
2022-23,306A4360,ΣΙΔΗΡΟΗΛΙΑΣ Γιάννης,ΕΛΛΑΔΑ,8,4.37,34.96,True,ESAKE country,False,https://www.esake.gr/el/action/EsakeStats?mode=2&idchampionship=DC917125&idseason=00000001,00000005,00000005,ΑΡΗΣ,8,22,True
2022-23,EBBB4E13,ΣΙΛΑ Ιμπραχίμ,ΗΠΑ,21,14.8,310.8,False,ESAKE country,False,https://www.esake.gr/el/action/EsakeStats?mode=2&idchampionship=DC917125&idseason=00000001,00000004,00000004,ΑΠΟΛΛΩΝ Π. CARNA,11,22,True
2022-23,A09CF190,ΣΙΜΟΝΣ Ράισον,ΗΠΑ,22,23.19,510.18,False,ESAKE country,False,https://www.esake.gr/el/action/EsakeStats?mode=2&idchampionship=DC917125&idseason=00000001,4C2C8907,1177987079,ΙΩΝΙΚΟΣ BASKET,12,22,True
2022-23,22C260EE,ΣΙΜΠΣΟΝ Τρέβις,ΗΠΑ,13,26.06,338.78,False,ESAKE country,False,https://www.esake.gr/el/action/EsakeStats?mode=2&idchampionship=DC917125&idseason=00000001,2A25C696,607118742,ΠΡΟΜΗΘΕΑΣ ΠΑΤΡΑΣ ΒΙΚΟΣ COLA,5,22,False
2022-23,F162BB22,ΣΚΛΗΡΟΣ Αλέξανδρος,ΕΛΛΑΔΑ,0,0.0,0.0,True,ESAKE country,False,https://www.esake.gr/el/action/EsakeStats?mode=2&idchampionship=DC917125&idseason=00000001,2A25C696,607118742,ΠΡΟΜΗΘΕΑΣ ΠΑΤΡΑΣ ΒΙΚΟΣ COLA,5,22,False
2022-23,C36FC324,ΣΚΟΥΛΑΡΙΩΤΗΣ Θεόδωρος,ΕΛΛΑΔΑ,0,0.0,0.0,True,ESAKE country,False,https://www.esake.gr/el/action/EsakeStats?mode=2&idchampionship=DC917125&idseason=00000001,0000000C,00000012,ΠΑΟΚ mateco,4,22,False
2022-23,000006F2,ΣΛΑΦΤΣΑΚΗΣ Διαμαντής,ΕΛΛΑΔΑ,21,8.23,172.83,True,ESAKE country,False,https://www.esake.gr/el/action/EsakeStats?mode=2&idchampionship=DC917125&idseason=00000001,0000000C,00000012,ΠΑΟΚ mateco,4,22,False
2022-23,0000055C,ΣΛΟΥΚΑΣ Κώστας,ΕΛΛΑΔΑ,18,18.57,334.26,True,ESAKE country,False,https://www.esake.gr/el/action/EsakeStats?mode=2&idchampionship=DC917125&idseason=00000001,00000002,00000002,ΟΛΥΜΠΙΑΚΟΣ,1,22,False
2022-23,2F41166C,ΣΜΙΘ Κένταλ,ΗΠΑ,14,20.72,290.08,False,ESAKE country,False,https://www.esake.gr/el/action/EsakeStats?mode=2&idchampionship=DC917125&idseason=00000001,0000000A,00000010,ΚΟΛΟΣΣΟΣ H HOTELS COLLECTION,7,22,True
2022-23,2B9277F6,ΣΟΪΛΕΜΤΖΙΔΗΣ Νικόλαος,ΕΛΛΑΔΑ,0,0.0,0.0,True,ESAKE country,False,https://www.esake.gr/el/action/EsakeStats?mode=2&idchampionship=DC917125&idseason=00000001,2A25C696,607118742,ΠΡΟΜΗΘΕΑΣ ΠΑΤΡΑΣ ΒΙΚΟΣ COLA,5,22,False
2022-23,34F92C9C,ΣΠΑΡΤΑΛΗΣ Στέφανος,ΕΛΛΑΔΑ,0,0.0,0.0,True,ESAKE country,False,https://www.esake.gr/el/action/EsakeStats?mode=2&idchampionship=DC917125&idseason=00000001,00000002,00000002,ΟΛΥΜΠΙΑΚΟΣ,1,22,False
2022-23,AF82CE42,ΣΠΡΙΝΤΖΙΟΣ Μιχάλης,ΕΛΛΑΔΑ,11,7.35,80.85,True,ESAKE country,False,https://www.esake.gr/el/action/EsakeStats?mode=2&idchampionship=DC917125&idseason=00000001,F7D46144,37076412,ΛΑΥΡΙΟ DHI,9,22,True
2022-23,A91BEA64,ΣΤΑΡΚΣ Τι Τζέι,ΗΠΑ,12,21.87,262.44,False,ESAKE country,False,https://www.esake.gr/el/action/EsakeStats?mode=2&idchampionship=DC917125&idseason=00000001,0000000A,00000010,ΚΟΛΟΣΣΟΣ H HOTELS COLLECTION,7,22,True
2022-23,9A1EDD91,ΣΤΑΥΡΑΚΟΠΟΥΛΟΣ Σωτήρης,ΕΛΛΑΔΑ,5,7.18,35.9,True,ESAKE country,False,https://www.esake.gr/el/action/EsakeStats?mode=2&idchampionship=DC917125&idseason=00000001,0000000D,00000013,ΠΕΡΙΣΤΕΡΙ bwin,3,22,False
2022-23,F3990952,ΣΤΕΒΟΒΙΤΣ Ματίγια,ΕΛΛΑΔΑ,0,0.0,0.0,True,ESAKE country,False,https://www.esake.gr/el/action/EsakeStats?mode=2&idchampionship=DC917125&idseason=00000001,2A25C696,607118742,ΠΡΟΜΗΘΕΑΣ ΠΑΤΡΑΣ ΒΙΚΟΣ COLA,5,22,False
2022-23,1786C4FE,ΣΤΕΦΑΝΟΒΙΤΣ Σάσα,ΗΠΑ,4,11.08,44.32,False,ESAKE country,False,https://www.esake.gr/el/action/EsakeStats?mode=2&idchampionship=DC917125&idseason=00000001,0000000A,00000010,ΚΟΛΟΣΣΟΣ H HOTELS COLLECTION,7,22,True
2022-23,40B10F02,ΣΤΡΕΛΝΙΕΚΣ Γιάνις,ΛΕΤΟΝΙΑ,15,21.6,324.0,False,ESAKE country,False,https://www.esake.gr/el/action/EsakeStats?mode=2&idchampionship=DC917125&idseason=00000001,00000010,00000016,ΑΕΚ,6,22,False
2022-23,BCB78E4A,ΣΧΙΖΑΣ Σταύρος,ΕΛΛΑΔΑ,15,10.75,161.25,True,ESAKE country,False,https://www.esake.gr/el/action/EsakeStats?mode=2&idchampionship=DC917125&idseason=00000001,00000005,00000005,ΑΡΗΣ,8,22,True
2022-23,96FC6D4D,ΤΑΝΟΥΛΗΣ Γιώργος,ΕΛΛΑΔΑ,13,9.42,122.46,True,ESAKE country,False,https://www.esake.gr/el/action/EsakeStats?mode=2&idchampionship=DC917125&idseason=00000001,2A25C696,607118742,ΠΡΟΜΗΘΕΑΣ ΠΑΤΡΑΣ ΒΙΚΟΣ COLA,5,22,False
2022-23,00047A7D,ΤΕΪΛΟΡ Ράιαν,ΗΠΑ,7,28.25,197.75,False,ESAKE country,False,https://www.esake.gr/el/action/EsakeStats?mode=2&idchampionship=DC917125&idseason=00000001,00000004,00000004,ΑΠΟΛΛΩΝ Π. CARNA,11,22,True
2022-23,5535B2BB,ΤΖΟΟΥΝΣ Σαματζέι,ΗΠΑ,11,18.52,203.72,False,ESAKE country,False,https://www.esake.gr/el/action/EsakeStats?mode=2&idchampionship=DC917125&idseason=00000001,00000004,00000004,ΑΠΟΛΛΩΝ Π. CARNA,11,22,True
2022-23,B3D545F0,ΤΖΟΥΣΤΟΝ Σακούρ,ΗΠΑ,12,18.53,222.36,False,ESAKE country,False,https://www.esake.gr/el/action/EsakeStats?mode=2&idchampionship=DC917125&idseason=00000001,0000000D,00000013,ΠΕΡΙΣΤΕΡΙ bwin,3,22,False
2022-23,0808A454,ΤΙΓΚ Μαρκίς,ΗΠΑ,17,15.95,271.15,False,ESAKE country,False,https://www.esake.gr/el/action/EsakeStats?mode=2&idchampionship=DC917125&idseason=00000001,0000000A,00000010,ΚΟΛΟΣΣΟΣ H HOTELS COLLECTION,7,22,True
2022-23,D8361DB3,ΤΟΛΙΟΠΟΥΛΟΣ Βασίλης,ΕΛΛΑΔΑ,20,28.92,578.4,True,ESAKE country,False,https://www.esake.gr/el/action/EsakeStats?mode=2&idchampionship=DC917125&idseason=00000001,00000005,00000005,ΑΡΗΣ,8,22,True
2022-23,3AC485D1,ΤΟΜΑΣ Ματ,ΗΠΑ,1,16.32,16.32,False,ESAKE country,False,https://www.esake.gr/el/action/EsakeStats?mode=2&idchampionship=DC917125&idseason=00000001,00000001,00000001,ΠΑΝΑΘΗΝΑΪΚΟΣ AKTOR,2,22,False
2022-23,FF1FBF7E,ΤΟΜΑΣΟΝ Τζο,ΗΠΑ,11,26.61,292.71,False,ESAKE country,False,https://www.esake.gr/el/action/EsakeStats?mode=2&idchampionship=DC917125&idseason=00000001,2A25C696,607118742,ΠΡΟΜΗΘΕΑΣ ΠΑΤΡΑΣ ΒΙΚΟΣ COLA,5,22,False
2022-23,0000060F,ΤΣΑΪΡΕΛΗΣ Μιχάλης,ΕΛΛΑΔΑ,19,12.44,236.36,True,ESAKE country,False,https://www.esake.gr/el/action/EsakeStats?mode=2&idchampionship=DC917125&idseason=00000001,2A25C696,607118742,ΠΡΟΜΗΘΕΑΣ ΠΑΤΡΑΣ ΒΙΚΟΣ COLA,5,22,False
2022-23,DD8E221B,ΤΣΑΜΗΣ Παναγιώτης,ΕΛΛΑΔΑ,2,2.28,4.56,True,ESAKE country,False,https://www.esake.gr/el/action/EsakeStats?mode=2&idchampionship=DC917125&idseason=00000001,00000002,00000002,ΟΛΥΜΠΙΑΚΟΣ,1,22,False
2022-23,AB6D75D6,ΤΣΙΑΚΜΑΣ Νίκος,ΕΛΛΑΔΑ,21,12.75,267.75,True,ESAKE country,False,https://www.esake.gr/el/action/EsakeStats?mode=2&idchampionship=DC917125&idseason=00000001,0000000C,00000012,ΠΑΟΚ mateco,4,22,False
2022-23,DF677BF1,ΤΣΟΥΚΑΣ Θανάσης,ΕΛΛΑΔΑ,10,6.13,61.3,True,ESAKE country,False,https://www.esake.gr/el/action/EsakeStats?mode=2&idchampionship=DC917125&idseason=00000001,B742845D,1120377507,ΚΑΡΔΙΤΣΑ ΒΙΟΛΟΓΙΚΟ ΧΩΡΙΟ,10,22,True
2022-23,9484425D,ΦΑΛ Μουστάφα,ΓΑΛΛΙΑ,17,17.79,302.43,False,ESAKE country,False,https://www.esake.gr/el/action/EsakeStats?mode=2&idchampionship=DC917125&idseason=00000001,00000002,00000002,ΟΛΥΜΠΙΑΚΟΣ,1,22,False
2022-23,3014F84C,ΦΑΣΑΣΙ Τούντε Βάλμπεργκ,ΣΟΥΗΔΙΑ,0,0.0,0.0,False,ESAKE country,False,https://www.esake.gr/el/action/EsakeStats?mode=2&idchampionship=DC917125&idseason=00000001,2A25C696,607118742,ΠΡΟΜΗΘΕΑΣ ΠΑΤΡΑΣ ΒΙΚΟΣ COLA,5,22,False
2022-23,27E7BB49,ΦΙΛΙΠΠΑΚΟΣ Παναγιώτης,ΕΛΛΑΔΑ,18,13.41,241.38,True,ESAKE country,False,https://www.esake.gr/el/action/EsakeStats?mode=2&idchampionship=DC917125&idseason=00000001,00000004,00000004,ΑΠΟΛΛΩΝ Π. CARNA,11,22,True
2022-23,F5C9A62B,ΦΙΛΛΙΟΣ Γιώργος,ΕΛΛΑΔΑ,19,11.57,219.83,True,ESAKE country,False,https://www.esake.gr/el/action/EsakeStats?mode=2&idchampionship=DC917125&idseason=00000001,00000005,00000005,ΑΡΗΣ,8,22,True
2022-23,F4C03812,ΦΙΛΟΞΕΝΙΔΗΣ Κώστας,ΕΛΛΑΔΑ,2,2.47,4.94,True,ESAKE country,False,https://www.esake.gr/el/action/EsakeStats?mode=2&idchampionship=DC917125&idseason=00000001,F7D46144,37076412,ΛΑΥΡΙΟ DHI,9,22,True
2022-23,A21C2A1B,ΦΛΑΓΚ  Σάβιον,ΗΠΑ,21,32.78,688.38,False,ESAKE country,False,https://www.esake.gr/el/action/EsakeStats?mode=2&idchampionship=DC917125&idseason=00000001,F7D46144,37076412,ΛΑΥΡΙΟ DHI,9,22,True
2022-23,B2A97905,ΦΛΙΩΝΗΣ Δημήτρης,ΕΛΛΑΔΑ,17,21.44,364.48,True,ESAKE country,False,https://www.esake.gr/el/action/EsakeStats?mode=2&idchampionship=DC917125&idseason=00000001,00000010,00000016,ΑΕΚ,6,22,False
2022-23,C815623C,ΦΡΑΝΚΕ Γιανίκ,ΗΠΑ,22,26.31,578.82,False,ESAKE country,False,https://www.esake.gr/el/action/EsakeStats?mode=2&idchampionship=DC917125&idseason=00000001,0000000C,00000012,ΠΑΟΚ mateco,4,22,False
2022-23,81B5C4BA,ΦΡΑΝΣΙΣΚΟ Σιλβέν,ΓΑΛΛΙΑ,21,27.01,567.21,False,ESAKE country,False,https://www.esake.gr/el/action/EsakeStats?mode=2&idchampionship=DC917125&idseason=00000001,0000000D,00000013,ΠΕΡΙΣΤΕΡΙ bwin,3,22,False
2022-23,0F61189A,ΦΡΕΪΖΕΡ Τιμ,ΗΠΑ,13,24.78,322.14,False,ESAKE country,False,https://www.esake.gr/el/action/EsakeStats?mode=2&idchampionship=DC917125&idseason=00000001,00000010,00000016,ΑΕΚ,6,22,False
2022-23,C2E87EF6,ΦΥΤΡΟΣ Ιωάννης,ΕΛΛΑΔΑ,5,5.15,25.75,True,ESAKE country,False,https://www.esake.gr/el/action/EsakeStats?mode=2&idchampionship=DC917125&idseason=00000001,0000000D,00000013,ΠΕΡΙΣΤΕΡΙ bwin,3,22,False
2022-23,E1BA9B0D,ΧΑΒΑΛΕΣ Στέλιος,ΕΛΛΑΔΑ,3,2.23,6.69,True,ESAKE country,False,https://www.esake.gr/el/action/EsakeStats?mode=2&idchampionship=DC917125&idseason=00000001,00000005,00000005,ΑΡΗΣ,8,22,True
2022-23,CC01859A,ΧΑΓΚΙΝΣ Τζος,ΗΠΑ,17,21.99,373.83,False,ESAKE country,False,https://www.esake.gr/el/action/EsakeStats?mode=2&idchampionship=DC917125&idseason=00000001,00000005,00000005,ΑΡΗΣ,8,22,True
2022-23,B4F1B8D7,ΧΑΜΕΡ Ίαν,ΗΠΑ,8,21.53,172.24,False,ESAKE country,False,https://www.esake.gr/el/action/EsakeStats?mode=2&idchampionship=DC917125&idseason=00000001,0000000D,00000013,ΠΕΡΙΣΤΕΡΙ bwin,3,22,False
2022-23,D158C741,ΧΑΜΙΛΤΟΝ Ντάνιελ,ΗΠΑ,5,30.91,154.55,False,ESAKE country,False,https://www.esake.gr/el/action/EsakeStats?mode=2&idchampionship=DC917125&idseason=00000001,4C2C8907,1177987079,ΙΩΝΙΚΟΣ BASKET,12,22,True
2022-23,479C0156,ΧΑΝΤΕΡ Άλεξ,ΗΠΑ,13,22.84,296.92,False,ESAKE country,False,https://www.esake.gr/el/action/EsakeStats?mode=2&idchampionship=DC917125&idseason=00000001,B742845D,1120377507,ΚΑΡΔΙΤΣΑ ΒΙΟΛΟΓΙΚΟ ΧΩΡΙΟ,10,22,True
2022-23,F6449AB4,ΧΑΝΤΣ Τζέιλεν,ΗΠΑ,22,25.41,559.02,False,ESAKE country,False,https://www.esake.gr/el/action/EsakeStats?mode=2&idchampionship=DC917125&idseason=00000001,0000000C,00000012,ΠΑΟΚ mateco,4,22,False
2022-23,D45D0C59,ΧΑΤΖΗΔΑΚΗΣ Μανόλης,ΕΛΛΑΔΑ,20,15.0,300.0,True,ESAKE country,False,https://www.esake.gr/el/action/EsakeStats?mode=2&idchampionship=DC917125&idseason=00000001,0000000A,00000010,ΚΟΛΟΣΣΟΣ H HOTELS COLLECTION,7,22,True
2022-23,1B250824,ΧΑΤΖΗΝΙΚΟΛΑΣ Γιάννης,ΕΛΛΑΔΑ,5,10.15,50.75,True,ESAKE country,False,https://www.esake.gr/el/action/EsakeStats?mode=2&idchampionship=DC917125&idseason=00000001,0000000A,00000010,ΚΟΛΟΣΣΟΣ H HOTELS COLLECTION,7,22,True
2022-23,33A4154C,ΧΑΤΖΗΣ Δημήτρης,ΕΛΛΑΔΑ,0,0.0,0.0,True,ESAKE country,False,https://www.esake.gr/el/action/EsakeStats?mode=2&idchampionship=DC917125&idseason=00000001,0000000D,00000013,ΠΕΡΙΣΤΕΡΙ bwin,3,22,False
2022-23,52D301E8,ΧΕΛΕΜΣ Τζερικόουλ,ΗΠΑ,1,18.17,18.17,False,ESAKE country,False,https://www.esake.gr/el/action/EsakeStats?mode=2&idchampionship=DC917125&idseason=00000001,2A25C696,607118742,ΠΡΟΜΗΘΕΑΣ ΠΑΤΡΑΣ ΒΙΚΟΣ COLA,5,22,False
2022-23,B278EBA9,ΧΟΓΚ Ντάστιν,ΗΠΑ,11,19.52,214.72,False,ESAKE country,False,https://www.esake.gr/el/action/EsakeStats?mode=2&idchampionship=DC917125&idseason=00000001,2A25C696,607118742,ΠΡΟΜΗΘΕΑΣ ΠΑΤΡΑΣ ΒΙΚΟΣ COLA,5,22,False
2022-23,8379F65C,ΧΟΚΙΝΣ Νταντέ,ΗΠΑ,20,26.63,532.6,False,ESAKE country,False,https://www.esake.gr/el/action/EsakeStats?mode=2&idchampionship=DC917125&idseason=00000001,4C2C8907,1177987079,ΙΩΝΙΚΟΣ BASKET,12,22,True
2022-23,34FF7118,ΧΟΡΧΛΕΡ Νόα,ΗΠΑ,22,27.38,602.36,False,ESAKE country,False,https://www.esake.gr/el/action/EsakeStats?mode=2&idchampionship=DC917125&idseason=00000001,00000005,00000005,ΑΡΗΣ,8,22,True
2022-23,27F22948,ΧΟΥΓΚΑΖ Νίκος,ΕΛΛΑΔΑ,12,8.76,105.12,True,ESAKE country,False,https://www.esake.gr/el/action/EsakeStats?mode=2&idchampionship=DC917125&idseason=00000001,00000001,00000001,ΠΑΝΑΘΗΝΑΪΚΟΣ AKTOR,2,22,False
2022-23,948D3EC2,ΧΡΗΣΤΙΔΗΣ Βασίλης,ΕΛΛΑΔΑ,19,12.04,228.76,True,ESAKE country,False,https://www.esake.gr/el/action/EsakeStats?mode=2&idchampionship=DC917125&idseason=00000001,00000005,00000005,ΑΡΗΣ,8,22,True
2022-23,43BC1ACA,ΧΡΥΣΑΝΘΟΠΟΥΛΟΣ Σπύρος,ΕΛΛΑΔΑ,0,0.0,0.0,True,ESAKE country,False,https://www.esake.gr/el/action/EsakeStats?mode=2&idchampionship=DC917125&idseason=00000001,2A25C696,607118742,ΠΡΟΜΗΘΕΑΣ ΠΑΤΡΑΣ ΒΙΚΟΣ COLA,5,22,False
2022-23,000006BD,ΧΡΥΣΙΚΟΠΟΥΛΟΣ Λίνος,ΕΛΛΑΔΑ,21,20.15,423.15,True,ESAKE country,False,https://www.esake.gr/el/action/EsakeStats?mode=2&idchampionship=DC917125&idseason=00000001,0000000A,00000010,ΚΟΛΟΣΣΟΣ H HOTELS COLLECTION,7,22,True
2023-24,F8A288FB,ΑΒΔΑΛΑΣ Νεοκλής,ΕΛΛΑΔΑ,19,12.33,234.27,True,ESAKE country,False,https://www.esake.gr/el/action/EsakeStats?mode=2&idchampionship=C1AF5EF5&idseason=00000001,B742845D,1120377507,ΚΑΡΔΙΤΣΑ ΙΑΠΩΝΙΚΗ,10,23,True
2023-24,0000000F,ΑΓΡΑΒΑΝΗΣ Δημήτρης,ΕΛΛΑΔΑ,8,16.65,133.2,True,ESAKE country,False,https://www.esake.gr/el/action/EsakeStats?mode=2&idchampionship=C1AF5EF5&idseason=00000001,00000010,00000016,AEK Betsson,7,23,True
2023-24,FCC2CF4B,ΑΔΑΜΟΠΟΥΛΟΣ Βαγγέλης,ΕΛΛΑΔΑ,0,0.0,0.0,True,ESAKE country,False,https://www.esake.gr/el/action/EsakeStats?mode=2&idchampionship=C1AF5EF5&idseason=00000001,00000001,00000001,ΠΑΝΑΘΗΝΑΪΚΟΣ AKTOR,1,23,False
2023-24,7EEAFC34,ΑΪΒΑΖΙΔΗΣ Γιαννίκος,ΕΛΛΑΔΑ,0,0.0,0.0,True,ESAKE country,False,https://www.esake.gr/el/action/EsakeStats?mode=2&idchampionship=C1AF5EF5&idseason=00000001,F7D46144,37076412,ΛΑΥΡΙΟ DHI,8,23,True
2023-24,EB5462B2,ΑΛΕΞΑΚΗΣ Αλέξανδρος,ΕΛΛΑΔΑ,0,0.0,0.0,True,ESAKE country,False,https://www.esake.gr/el/action/EsakeStats?mode=2&idchampionship=C1AF5EF5&idseason=00000001,0000000D,00000013,ΠΕΡΙΣΤΕΡΙ bwin,3,23,False
2023-24,EF8A73C3,ΑΛΕΞΙΑΔΗΣ Αιμίλιος,ΕΛΛΑΔΑ,0,0.0,0.0,True,ESAKE country,False,https://www.esake.gr/el/action/EsakeStats?mode=2&idchampionship=C1AF5EF5&idseason=00000001,B742845D,1120377507,ΚΑΡΔΙΤΣΑ ΙΑΠΩΝΙΚΗ,10,23,True
2023-24,F0DF4B24,ΑΛΣΤΟΝ Τζάστιν,ΗΠΑ,14,24.58,344.12,False,ESAKE country,False,https://www.esake.gr/el/action/EsakeStats?mode=2&idchampionship=C1AF5EF5&idseason=00000001,0000000C,00000012,ΠΑΟΚ,9,23,True
2023-24,5365653F,ΑΜΠΟΣΙ Βενιαμίν,ΕΛΛΑΔΑ,3,1.79,5.37,True,ESAKE country,False,https://www.esake.gr/el/action/EsakeStats?mode=2&idchampionship=C1AF5EF5&idseason=00000001,00000002,00000002,ΟΛΥΜΠΙΑΚΟΣ,2,23,False
2023-24,0CB6EC08,ΑΝΤΕΤΟΚΟΥΝΜΠΟ Κώστας,ΕΛΛΑΔΑ,18,15.32,275.76,True,ESAKE country,False,https://www.esake.gr/el/action/EsakeStats?mode=2&idchampionship=C1AF5EF5&idseason=00000001,00000001,00000001,ΠΑΝΑΘΗΝΑΪΚΟΣ AKTOR,1,23,False
2023-24,7594A52D,ΑΝΤΩΝΑΚΗΣ Γεράσιμος,ΕΛΛΑΔΑ,0,0.0,0.0,True,ESAKE country,False,https://www.esake.gr/el/action/EsakeStats?mode=2&idchampionship=C1AF5EF5&idseason=00000001,0000000F,00000015,ΜΑΡΟΥΣΙ,11,23,True
2023-24,6BC4B84C,ΑΡΣΕΝΟΠΟΥΛΟΣ Νίκος,ΕΛΛΑΔΑ,12,6.95,83.4,True,ESAKE country,False,https://www.esake.gr/el/action/EsakeStats?mode=2&idchampionship=C1AF5EF5&idseason=00000001,0000000C,00000012,ΠΑΟΚ,9,23,True
2023-24,40DD12BE,ΒΑΖΟΥΚΗΣ Γιάννης,ΕΛΛΑΔΑ,5,3.6,18.0,True,ESAKE country,False,https://www.esake.gr/el/action/EsakeStats?mode=2&idchampionship=C1AF5EF5&idseason=00000001,F7D46144,37076412,ΛΑΥΡΙΟ DHI,8,23,True
2023-24,E8C034C7,ΒΑΛΚΑΝΑΣ Λεωνίδας,ΕΛΛΑΔΑ,1,2.42,2.42,True,ESAKE country,False,https://www.esake.gr/el/action/EsakeStats?mode=2&idchampionship=C1AF5EF5&idseason=00000001,00000004,00000004,ΑΠΟΛΛΩΝ Π. CARNA,12,23,True
2023-24,5235E931,ΒΑΣΙΛΑΝΤΩΝΑΚΗΣ Λυκούργος,ΕΛΛΑΔΑ,0,0.0,0.0,True,ESAKE country,False,https://www.esake.gr/el/action/EsakeStats?mode=2&idchampionship=C1AF5EF5&idseason=00000001,00000001,00000001,ΠΑΝΑΘΗΝΑΪΚΟΣ AKTOR,1,23,False
2023-24,40618341,ΒΑΣΙΛΕΙΟΥ Νίκος,ΕΛΛΑΔΑ,0,0.0,0.0,True,ESAKE country,False,https://www.esake.gr/el/action/EsakeStats?mode=2&idchampionship=C1AF5EF5&idseason=00000001,2A25C696,607118742,ΠΡΟΜΗΘΕΑΣ ΠΑΤΡΑΣ ΒΙΚΟΣ COLA,4,23,False
2023-24,542556D0,ΒΗΣΣΑΡΙΟΥ Τηλέμαχος,ΕΛΛΑΔΑ,19,10.96,208.24,True,ESAKE country,False,https://www.esake.gr/el/action/EsakeStats?mode=2&idchampionship=C1AF5EF5&idseason=00000001,00000004,00000004,ΑΠΟΛΛΩΝ Π. CARNA,12,23,True
2023-24,6781D158,ΒΙΛΝΤΟΖΑ Λούκα,ΙΤΑΛΙΑ,15,20.37,305.55,False,ESAKE country,False,https://www.esake.gr/el/action/EsakeStats?mode=2&idchampionship=C1AF5EF5&idseason=00000001,00000001,00000001,ΠΑΝΑΘΗΝΑΪΚΟΣ AKTOR,1,23,False
2023-24,C02303DB,ΒΛΑΣΣΗΣ Βασίλειος,ΕΛΛΑΔΑ,0,0.0,0.0,True,ESAKE country,False,https://www.esake.gr/el/action/EsakeStats?mode=2&idchampionship=C1AF5EF5&idseason=00000001,2A25C696,607118742,ΠΡΟΜΗΘΕΑΣ ΠΑΤΡΑΣ ΒΙΚΟΣ COLA,4,23,False
2023-24,F06E1579,ΒΟΝ Ρασάντ,ΗΠΑ,8,26.53,212.24,False,ESAKE country,False,https://www.esake.gr/el/action/EsakeStats?mode=2&idchampionship=C1AF5EF5&idseason=00000001,00000004,00000004,ΑΠΟΛΛΩΝ Π. CARNA,12,23,True
2023-24,68682190,ΓΕΩΡΓΑΣ Χρήστος,ΕΛΛΑΔΑ,0,0.0,0.0,True,ESAKE country,False,https://www.esake.gr/el/action/EsakeStats?mode=2&idchampionship=C1AF5EF5&idseason=00000001,00000001,00000001,ΠΑΝΑΘΗΝΑΪΚΟΣ AKTOR,1,23,False
2023-24,0000009B,ΓΙΑΝΚΟΒΙΤΣ Βλαδίμηρος,ΕΛΛΑΔΑ,13,23.38,303.94,True,ESAKE country,False,https://www.esake.gr/el/action/EsakeStats?mode=2&idchampionship=C1AF5EF5&idseason=00000001,B742845D,1120377507,ΚΑΡΔΙΤΣΑ ΙΑΠΩΝΙΚΗ,10,23,True
2023-24,000000A4,ΓΙΑΝΝΟΠΟΥΛΟΣ Χάρης,ΕΛΛΑΔΑ,21,24.94,523.74,True,ESAKE country,False,https://www.esake.gr/el/action/EsakeStats?mode=2&idchampionship=C1AF5EF5&idseason=00000001,0000000F,00000015,ΜΑΡΟΥΣΙ,11,23,True
2023-24,5D13B10C,ΓΚΑΪ Κάϊλ,ΗΠΑ,6,21.98,131.88,False,ESAKE country,False,https://www.esake.gr/el/action/EsakeStats?mode=2&idchampionship=C1AF5EF5&idseason=00000001,00000001,00000001,ΠΑΝΑΘΗΝΑΪΚΟΣ AKTOR,1,23,False
2023-24,7A36527A,ΓΚΑΛΙΝΑΤ Ρομπέρτο,ΗΠΑ,17,25.77,438.09,False,ESAKE country,False,https://www.esake.gr/el/action/EsakeStats?mode=2&idchampionship=C1AF5EF5&idseason=00000001,00000005,00000005,ΑΡΗΣ Midea,5,23,False
2023-24,F2C4F5E2,ΓΚΑΟΥΝΤΛΟΚ Άντριου,ΗΠΑ,18,26.63,479.34,False,ESAKE country,False,https://www.esake.gr/el/action/EsakeStats?mode=2&idchampionship=C1AF5EF5&idseason=00000001,0000000A,00000010,ΚΟΛΟΣΣΟΣ H HOTELS COLLECTION,6,23,False
2023-24,B2A2F751,ΓΚΙΛΜΟΡ Μάικλ,ΗΠΑ,16,18.22,291.52,False,ESAKE country,False,https://www.esake.gr/el/action/EsakeStats?mode=2&idchampionship=C1AF5EF5&idseason=00000001,0000000C,00000012,ΠΑΟΚ,9,23,True
2023-24,E223062A,ΓΚΙΟΥΖΕΛΗΣ Γιώργος,ΕΛΛΑΔΑ,23,21.76,500.48,True,ESAKE country,False,https://www.esake.gr/el/action/EsakeStats?mode=2&idchampionship=C1AF5EF5&idseason=00000001,00000004,00000004,ΑΠΟΛΛΩΝ Π. CARNA,12,23,True
2023-24,2B61673D,ΓΚΟΛΑΝΤΑΣ Χριστόφορος,ΕΛΛΑΔΑ,0,0.0,0.0,True,ESAKE country,False,https://www.esake.gr/el/action/EsakeStats?mode=2&idchampionship=C1AF5EF5&idseason=00000001,00000001,00000001,ΠΑΝΑΘΗΝΑΪΚΟΣ AKTOR,1,23,False
2023-24,7D3E4D77,ΓΚΡΑΝΤ Τζέριαν,ΗΠΑ,22,22.43,493.46,False,ESAKE country,False,https://www.esake.gr/el/action/EsakeStats?mode=2&idchampionship=C1AF5EF5&idseason=00000001,00000001,00000001,ΠΑΝΑΘΗΝΑΪΚΟΣ AKTOR,1,23,False
2023-24,DC12D2F3,ΓΚΡΙΓΚΟΝΙΣ Μάριους,ΛΙΘΟΥΑΝΙΑ,22,19.68,432.96,False,ESAKE country,False,https://www.esake.gr/el/action/EsakeStats?mode=2&idchampionship=C1AF5EF5&idseason=00000001,00000001,00000001,ΠΑΝΑΘΗΝΑΪΚΟΣ AKTOR,1,23,False
2023-24,1382FEBF,ΓΚΡΟΜΟΒΣ Ίλια,ΛΕΤΟΝΙΑ,18,17.16,308.88,False,ESAKE country,False,https://www.esake.gr/el/action/EsakeStats?mode=2&idchampionship=C1AF5EF5&idseason=00000001,F7D46144,37076412,ΛΑΥΡΙΟ DHI,8,23,True
2023-24,E02706AA,ΓΟΝΤΙΚΑΣ Κωνσταντίνος,ΕΛΛΑΔΑ,18,14.23,256.14,True,ESAKE country,False,https://www.esake.gr/el/action/EsakeStats?mode=2&idchampionship=C1AF5EF5&idseason=00000001,0000000A,00000010,ΚΟΛΟΣΣΟΣ H HOTELS COLLECTION,6,23,False
2023-24,EC835FC9,ΓΟΥΙΛΙΑΜΣ - ΓΚΟΣ Νάιτζελ,ΗΠΑ,12,20.18,242.16,False,ESAKE country,False,https://www.esake.gr/el/action/EsakeStats?mode=2&idchampionship=C1AF5EF5&idseason=00000001,00000002,00000002,ΟΛΥΜΠΙΑΚΟΣ,2,23,False
2023-24,05F38038,ΓΟΥΝΤΑΡΝΤ Ρόμπερτ,ΗΠΑ,13,22.99,298.87,False,ESAKE country,False,https://www.esake.gr/el/action/EsakeStats?mode=2&idchampionship=C1AF5EF5&idseason=00000001,0000000F,00000015,ΜΑΡΟΥΣΙ,11,23,True
2023-24,6C630C6A,ΓΟΥΟΚΑΠ Τόμας,ΕΛΛΑΔΑ,19,21.42,406.98,True,ESAKE country,False,https://www.esake.gr/el/action/EsakeStats?mode=2&idchampionship=C1AF5EF5&idseason=00000001,00000002,00000002,ΟΛΥΜΠΙΑΚΟΣ,2,23,False
2023-24,D74BBBDA,ΓΡΥΛΩΝΑΚΗΣ Αλέξανδρος,ΕΛΛΑΔΑ,0,0.0,0.0,True,ESAKE country,False,https://www.esake.gr/el/action/EsakeStats?mode=2&idchampionship=C1AF5EF5&idseason=00000001,00000010,00000016,AEK Betsson,7,23,True
2023-24,638965F8,ΔΕΪΜΕΖΗΣ Δημήτριος,ΕΛΛΑΔΑ,8,5.92,47.36,True,ESAKE country,False,https://www.esake.gr/el/action/EsakeStats?mode=2&idchampionship=C1AF5EF5&idseason=00000001,F7D46144,37076412,ΛΑΥΡΙΟ DHI,8,23,True
2023-24,2A1E5307,ΔΕΝΔΗΣ Ανδρέας,ΕΛΛΑΔΑ,0,0.0,0.0,True,ESAKE country,False,https://www.esake.gr/el/action/EsakeStats?mode=2&idchampionship=C1AF5EF5&idseason=00000001,2A25C696,607118742,ΠΡΟΜΗΘΕΑΣ ΠΑΤΡΑΣ ΒΙΚΟΣ COLA,4,23,False
2023-24,647ACEAC,ΔΙΠΛΑΡΟΣ Νίκος,ΕΛΛΑΔΑ,21,21.68,455.28,True,ESAKE country,False,https://www.esake.gr/el/action/EsakeStats?mode=2&idchampionship=C1AF5EF5&idseason=00000001,B742845D,1120377507,ΚΑΡΔΙΤΣΑ ΙΑΠΩΝΙΚΗ,10,23,True
2023-24,9CF6707B,ΔΡΙΤΣΕΛΗΣ Παναγιώτης,ΕΛΛΑΔΑ,0,0.0,0.0,True,ESAKE country,False,https://www.esake.gr/el/action/EsakeStats?mode=2&idchampionship=C1AF5EF5&idseason=00000001,00000010,00000016,AEK Betsson,7,23,True
2023-24,4A30A4F1,ΕΡΝΑΝΓΚΟΜΕΘ Χουάντσο,ΙΣΠΑΝΙΑ,15,22.02,330.3,False,ESAKE country,False,https://www.esake.gr/el/action/EsakeStats?mode=2&idchampionship=C1AF5EF5&idseason=00000001,00000001,00000001,ΠΑΝΑΘΗΝΑΪΚΟΣ AKTOR,1,23,False
2023-24,1C735340,ΕΤΣΕΝΙΚΕ Χάιμε,ΚΟΛΟΜΒΙΑ,19,20.38,387.22,False,ESAKE country,False,https://www.esake.gr/el/action/EsakeStats?mode=2&idchampionship=C1AF5EF5&idseason=00000001,2A25C696,607118742,ΠΡΟΜΗΘΕΑΣ ΠΑΤΡΑΣ ΒΙΚΟΣ COLA,4,23,False
2023-24,1DAF6FB2,ΖΑΜΠΕΛΑΣ Δημήτρης,ΕΛΛΑΔΑ,1,1.28,1.28,True,ESAKE country,False,https://www.esake.gr/el/action/EsakeStats?mode=2&idchampionship=C1AF5EF5&idseason=00000001,0000000F,00000015,ΜΑΡΟΥΣΙ,11,23,True
2023-24,00000140,ΖΑΡΑΣ Θοδωρής,ΕΛΛΑΔΑ,18,15.41,277.38,True,ESAKE country,False,https://www.esake.gr/el/action/EsakeStats?mode=2&idchampionship=C1AF5EF5&idseason=00000001,F7D46144,37076412,ΛΑΥΡΙΟ DHI,8,23,True
2023-24,FFF08EE1,ΖΕΡΒΟΣ Δημήτρης,ΕΛΛΑΔΑ,0,0.0,0.0,True,ESAKE country,False,https://www.esake.gr/el/action/EsakeStats?mode=2&idchampionship=C1AF5EF5&idseason=00000001,00000001,00000001,ΠΑΝΑΘΗΝΑΪΚΟΣ AKTOR,1,23,False
2023-24,087A4776,ΖΕΥΓΑΡΑΣ Ιωάννης,ΕΛΛΑΔΑ,0,0.0,0.0,True,ESAKE country,False,https://www.esake.gr/el/action/EsakeStats?mode=2&idchampionship=C1AF5EF5&idseason=00000001,B742845D,1120377507,ΚΑΡΔΙΤΣΑ ΙΑΠΩΝΙΚΗ,10,23,True
2023-24,CB903EBB,ΖΟΥΓΡΗΣ Βαγγέλης,ΕΛΛΑΔΑ,18,8.05,144.9,True,ESAKE country,False,https://www.esake.gr/el/action/EsakeStats?mode=2&idchampionship=C1AF5EF5&idseason=00000001,0000000D,00000013,ΠΕΡΙΣΤΕΡΙ bwin,3,23,False
2023-24,8A88B66B,ΘΕΟΔΩΡΙΔΗΣ Χρήστος,ΕΛΛΑΔΑ,0,0.0,0.0,True,ESAKE country,False,https://www.esake.gr/el/action/EsakeStats?mode=2&idchampionship=C1AF5EF5&idseason=00000001,2A25C696,607118742,ΠΡΟΜΗΘΕΑΣ ΠΑΤΡΑΣ ΒΙΚΟΣ COLA,4,23,False
2023-24,0C71621C,ΘΟΡΝΤΟΝ Μάρκους,ΗΠΑ,23,28.64,658.72,False,ESAKE country,False,https://www.esake.gr/el/action/EsakeStats?mode=2&idchampionship=C1AF5EF5&idseason=00000001,F7D46144,37076412,ΛΑΥΡΙΟ DHI,8,23,True
2023-24,5FF950F2,ΙΟΡΔΑΝΟΥ Χρήστος,ΕΛΛΑΔΑ,13,9.4,122.2,True,ESAKE country,False,https://www.esake.gr/el/action/EsakeStats?mode=2&idchampionship=C1AF5EF5&idseason=00000001,0000000F,00000015,ΜΑΡΟΥΣΙ,11,23,True
2023-24,00000167,ΚΑΒΒΑΔΑΣ Βασίλης,ΕΛΛΑΔΑ,14,13.08,183.12,True,ESAKE country,False,https://www.esake.gr/el/action/EsakeStats?mode=2&idchampionship=C1AF5EF5&idseason=00000001,F7D46144,37076412,ΛΑΥΡΙΟ DHI,8,23,True
2023-24,128F4556,ΚΑΖΑΜΙΑΣ Βασίλης,ΕΛΛΑΔΑ,2,1.68,3.36,True,ESAKE country,False,https://www.esake.gr/el/action/EsakeStats?mode=2&idchampionship=C1AF5EF5&idseason=00000001,00000005,00000005,ΑΡΗΣ Midea,5,23,False
2023-24,4A32D4E3,ΚΑΛΑΘΑΚΗΣ Εμμανουήλ,ΕΛΛΑΔΑ,0,0.0,0.0,True,ESAKE country,False,https://www.esake.gr/el/action/EsakeStats?mode=2&idchampionship=C1AF5EF5&idseason=00000001,00000010,00000016,AEK Betsson,7,23,True
2023-24,9E3DB04D,ΚΑΛΑΪΤΖΑΚΗΣ Παναγιώτης,ΕΛΛΑΔΑ,22,16.76,368.72,True,ESAKE country,False,https://www.esake.gr/el/action/EsakeStats?mode=2&idchampionship=C1AF5EF5&idseason=00000001,00000001,00000001,ΠΑΝΑΘΗΝΑΪΚΟΣ AKTOR,1,23,False
2023-24,F7BD3846,ΚΑΛΟΓΕΡΙΑΣ Στράτος,ΕΛΛΑΔΑ,2,1.53,3.06,True,ESAKE country,False,https://www.esake.gr/el/action/EsakeStats?mode=2&idchampionship=C1AF5EF5&idseason=00000001,0000000F,00000015,ΜΑΡΟΥΣΙ,11,23,True
2023-24,459DE128,ΚΑΛΟΓΗΡΟΣ Ανδρέας,ΕΛΛΑΔΑ,7,3.04,21.28,True,ESAKE country,False,https://www.esake.gr/el/action/EsakeStats?mode=2&idchampionship=C1AF5EF5&idseason=00000001,00000005,00000005,ΑΡΗΣ Midea,5,23,False
2023-24,EB624DDB,ΚΑΛΟΓΡΙΑΝΙΤΗΣ Αριστοτέλης,ΕΛΛΑΔΑ,0,0.0,0.0,True,ESAKE country,False,https://www.esake.gr/el/action/EsakeStats?mode=2&idchampionship=C1AF5EF5&idseason=00000001,B742845D,1120377507,ΚΑΡΔΙΤΣΑ ΙΑΠΩΝΙΚΗ,10,23,True
2023-24,3F8AE0E4,ΚΑΜΑΡΙΑΝΟΣ Νικόλαος,ΕΛΛΑΔΑ,21,12.99,272.79,True,ESAKE country,False,https://www.esake.gr/el/action/EsakeStats?mode=2&idchampionship=C1AF5EF5&idseason=00000001,0000000A,00000010,ΚΟΛΟΣΣΟΣ H HOTELS COLLECTION,6,23,False
2023-24,297C0206,ΚΑΜΠΕΝΓΚΕΛΕ Εμφιόντου,ΚΑΝΑΔΑΣ,6,19.9,119.4,False,ESAKE country,False,https://www.esake.gr/el/action/EsakeStats?mode=2&idchampionship=C1AF5EF5&idseason=00000001,00000010,00000016,AEK Betsson,7,23,True
2023-24,5099E231,ΚΑΜΠΕΡΙΔΗΣ Γιώργος,ΕΛΛΑΔΑ,21,15.26,320.46,True,ESAKE country,False,https://www.esake.gr/el/action/EsakeStats?mode=2&idchampionship=C1AF5EF5&idseason=00000001,B742845D,1120377507,ΚΑΡΔΙΤΣΑ ΙΑΠΩΝΙΚΗ,10,23,True
2023-24,0A2307E5,ΚΑΝΑΑΝ Αϊζάια,ΗΠΑ,20,23.56,471.2,False,ESAKE country,False,https://www.esake.gr/el/action/EsakeStats?mode=2&idchampionship=C1AF5EF5&idseason=00000001,00000002,00000002,ΟΛΥΜΠΙΑΚΟΣ,2,23,False
2023-24,C3F5F3E7,ΚΑΟΥΑΝ Άντονι,ΗΠΑ,21,27.67,581.07,False,ESAKE country,False,https://www.esake.gr/el/action/EsakeStats?mode=2&idchampionship=C1AF5EF5&idseason=00000001,2A25C696,607118742,ΠΡΟΜΗΘΕΑΣ ΠΑΤΡΑΣ ΒΙΚΟΣ COLA,4,23,False
2023-24,93419A43,ΚΑΠΕΤΑΚΗΣ Ευδόξιος,ΕΛΛΑΔΑ,1,1.85,1.85,True,ESAKE country,False,https://www.esake.gr/el/action/EsakeStats?mode=2&idchampionship=C1AF5EF5&idseason=00000001,B742845D,1120377507,ΚΑΡΔΙΤΣΑ ΙΑΠΩΝΙΚΗ,10,23,True
2023-24,90F615CD,ΚΑΡ Μάρκους,ΚΑΝΑΔΑΣ,10,22.37,223.7,False,ESAKE country,False,https://www.esake.gr/el/action/EsakeStats?mode=2&idchampionship=C1AF5EF5&idseason=00000001,00000005,00000005,ΑΡΗΣ Midea,5,23,False
2023-24,B6E886A3,ΚΑΡΑΓΙΑΝΝΗΣ Μιχάλης,ΕΛΛΑΔΑ,0,0.0,0.0,True,ESAKE country,False,https://www.esake.gr/el/action/EsakeStats?mode=2&idchampionship=C1AF5EF5&idseason=00000001,00000010,00000016,AEK Betsson,7,23,True
2023-24,9B0B82A0,ΚΑΡΑΓΙΑΝΝΙΔΗΣ Αντώνης,ΕΛΛΑΔΑ,17,9.81,166.77,True,ESAKE country,False,https://www.esake.gr/el/action/EsakeStats?mode=2&idchampionship=C1AF5EF5&idseason=00000001,2A25C696,607118742,ΠΡΟΜΗΘΕΑΣ ΠΑΤΡΑΣ ΒΙΚΟΣ COLA,4,23,False
2023-24,B91AE9D3,ΚΑΡΑΜΠΕΛΑΣ Ζώης,ΕΛΛΑΔΑ,22,16.38,360.36,True,ESAKE country,False,https://www.esake.gr/el/action/EsakeStats?mode=2&idchampionship=C1AF5EF5&idseason=00000001,00000010,00000016,AEK Betsson,7,23,True
2023-24,000001AD,ΚΑΣΕΛΑΚΗΣ Λεωνίδας,ΕΛΛΑΔΑ,22,20.21,444.62,True,ESAKE country,False,https://www.esake.gr/el/action/EsakeStats?mode=2&idchampionship=C1AF5EF5&idseason=00000001,0000000D,00000013,ΠΕΡΙΣΤΕΡΙ bwin,3,23,False
2023-24,E0CEF62E,ΚΑΣΤΑΝΕΔΑ Ξαβιέ,ΗΠΑ,20,24.15,483.0,False,ESAKE country,False,https://www.esake.gr/el/action/EsakeStats?mode=2&idchampionship=C1AF5EF5&idseason=00000001,F7D46144,37076412,ΛΑΥΡΙΟ DHI,8,23,True
2023-24,000001BC,ΚΑΤΣΙΒΕΛΗΣ Δημήτρης,ΕΛΛΑΔΑ,18,15.46,278.28,True,ESAKE country,False,https://www.esake.gr/el/action/EsakeStats?mode=2&idchampionship=C1AF5EF5&idseason=00000001,00000005,00000005,ΑΡΗΣ Midea,5,23,False
2023-24,D8160788,ΚΑΦΕΖΑΣ Χρήστος,ΕΛΛΑΔΑ,13,3.48,45.24,True,ESAKE country,False,https://www.esake.gr/el/action/EsakeStats?mode=2&idchampionship=C1AF5EF5&idseason=00000001,00000004,00000004,ΑΠΟΛΛΩΝ Π. CARNA,12,23,True
2023-24,C752F98F,ΚΛΑΣΕΝ Μάρεκ,ΚΑΝΑΔΑΣ,12,25.33,303.96,False,ESAKE country,False,https://www.esake.gr/el/action/EsakeStats?mode=2&idchampionship=C1AF5EF5&idseason=00000001,B742845D,1120377507,ΚΑΡΔΙΤΣΑ ΙΑΠΩΝΙΚΗ,10,23,True
2023-24,4F830DA1,ΚΟΓΙΩΝΗΣ Γιώργος,ΕΛΛΑΔΑ,9,2.84,25.56,True,ESAKE country,False,https://www.esake.gr/el/action/EsakeStats?mode=2&idchampionship=C1AF5EF5&idseason=00000001,00000004,00000004,ΑΠΟΛΛΩΝ Π. CARNA,12,23,True
2023-24,363F8335,ΚΟΖΙ Γκλεν,ΗΠΑ,8,22.05,176.4,False,ESAKE country,False,https://www.esake.gr/el/action/EsakeStats?mode=2&idchampionship=C1AF5EF5&idseason=00000001,0000000F,00000015,ΜΑΡΟΥΣΙ,11,23,True
2023-24,5330373D,ΚΟΛΟΒΕΡΟΣ Ιωσήφ,ΕΛΛΑΔΑ,18,20.5,369.0,True,ESAKE country,False,https://www.esake.gr/el/action/EsakeStats?mode=2&idchampionship=C1AF5EF5&idseason=00000001,0000000A,00000010,ΚΟΛΟΣΣΟΣ H HOTELS COLLECTION,6,23,False
2023-24,CF580EB7,ΚΟΝΙΑΡΗΣ Αντώνης,ΕΛΛΑΔΑ,21,18.21,382.41,True,ESAKE country,False,https://www.esake.gr/el/action/EsakeStats?mode=2&idchampionship=C1AF5EF5&idseason=00000001,2A25C696,607118742,ΠΡΟΜΗΘΕΑΣ ΠΑΤΡΑΣ ΒΙΚΟΣ COLA,4,23,False
2023-24,A8CDDD9F,ΚΟΟΥΛΜΑΝ Ορλάντο,ΗΠΑ,9,28.51,256.59,False,ESAKE country,False,https://www.esake.gr/el/action/EsakeStats?mode=2&idchampionship=C1AF5EF5&idseason=00000001,00000004,00000004,ΑΠΟΛΛΩΝ Π. CARNA,12,23,True
2023-24,4C0E5F4B,ΚΟΥΖΕΛΟΓΛΟΥ Γιάννης,ΕΛΛΑΔΑ,23,21.38,491.74,True,ESAKE country,False,https://www.esake.gr/el/action/EsakeStats?mode=2&idchampionship=C1AF5EF5&idseason=00000001,00000010,00000016,AEK Betsson,7,23,True
2023-24,2A79ECAD,ΚΟΥΖΜΙΝΣΚΑΣ Μιντάουγκας,ΛΙΘΟΥΑΝΙΑ,15,24.01,360.15,False,ESAKE country,False,https://www.esake.gr/el/action/EsakeStats?mode=2&idchampionship=C1AF5EF5&idseason=00000001,00000010,00000016,AEK Betsson,7,23,True
2023-24,3370ED0C,ΚΟΥΡΕΠΗΣ Ηλίας,ΕΛΛΑΔΑ,0,0.0,0.0,True,ESAKE country,False,https://www.esake.gr/el/action/EsakeStats?mode=2&idchampionship=C1AF5EF5&idseason=00000001,B742845D,1120377507,ΚΑΡΔΙΤΣΑ ΙΑΠΩΝΙΚΗ,10,23,True
2023-24,CA6E82ED,ΚΟΥΡΟΥΚΣ Άρτουρς,ΛΕΤΟΝΙΑ,4,22.26,89.04,False,ESAKE country,False,https://www.esake.gr/el/action/EsakeStats?mode=2&idchampionship=C1AF5EF5&idseason=00000001,2A25C696,607118742,ΠΡΟΜΗΘΕΑΣ ΠΑΤΡΑΣ ΒΙΚΟΣ COLA,4,23,False
2023-24,3CEEDF63,ΚΟΥΣΤΕΝΗΣ Ανδρέας,ΕΛΛΑΔΑ,0,0.0,0.0,True,ESAKE country,False,https://www.esake.gr/el/action/EsakeStats?mode=2&idchampionship=C1AF5EF5&idseason=00000001,00000001,00000001,ΠΑΝΑΘΗΝΑΪΚΟΣ AKTOR,1,23,False
2023-24,DA64573D,ΚΟΦI Κρις,ΗΠΑ,22,27.86,612.92,False,ESAKE country,False,https://www.esake.gr/el/action/EsakeStats?mode=2&idchampionship=C1AF5EF5&idseason=00000001,2A25C696,607118742,ΠΡΟΜΗΘΕΑΣ ΠΑΤΡΑΣ ΒΙΚΟΣ COLA,4,23,False
2023-24,E02500D8,ΚΩΝΣΤΑΝΤΙΝΙΔΗΣ Αγγελος,ΕΛΛΑΔΑ,0,0.0,0.0,True,ESAKE country,False,https://www.esake.gr/el/action/EsakeStats?mode=2&idchampionship=C1AF5EF5&idseason=00000001,00000001,00000001,ΠΑΝΑΘΗΝΑΪΚΟΣ AKTOR,1,23,False
2023-24,A611774B,ΚΩΝΣΤΑΝΤΙΝΙΔΗΣ Θεόδωρος,ΕΛΛΑΔΑ,0,0.0,0.0,True,ESAKE country,False,https://www.esake.gr/el/action/EsakeStats?mode=2&idchampionship=C1AF5EF5&idseason=00000001,0000000C,00000012,ΠΑΟΚ,9,23,True
2023-24,4B5BF17F,ΚΩΤΣΑΛΟΣ Δημήτρης,ΕΛΛΑΔΑ,0,0.0,0.0,True,ESAKE country,False,https://www.esake.gr/el/action/EsakeStats?mode=2&idchampionship=C1AF5EF5&idseason=00000001,00000001,00000001,ΠΑΝΑΘΗΝΑΪΚΟΣ AKTOR,1,23,False
2023-24,0000073F,ΚΩΤΤΑΣ Θωμάς,ΕΛΛΑΔΑ,2,6.65,13.3,True,ESAKE country,False,https://www.esake.gr/el/action/EsakeStats?mode=2&idchampionship=C1AF5EF5&idseason=00000001,00000010,00000016,AEK Betsson,7,23,True
2023-24,97F0888E,ΛΑΓΙΟΣ Αγγελος,ΕΛΛΑΔΑ,1,2.35,2.35,True,ESAKE country,False,https://www.esake.gr/el/action/EsakeStats?mode=2&idchampionship=C1AF5EF5&idseason=00000001,2A25C696,607118742,ΠΡΟΜΗΘΕΑΣ ΠΑΤΡΑΣ ΒΙΚΟΣ COLA,4,23,False
2023-24,3A13E680,ΛΑΜΠΡΟΓΙΩΤΑΣ Στέφανος,ΕΛΛΑΔΑ,0,0.0,0.0,True,ESAKE country,False,https://www.esake.gr/el/action/EsakeStats?mode=2&idchampionship=C1AF5EF5&idseason=00000001,2A25C696,607118742,ΠΡΟΜΗΘΕΑΣ ΠΑΤΡΑΣ ΒΙΚΟΣ COLA,4,23,False
2023-24,E275BA8F,ΛΑΜΠΡΟΠΟΥΛΟΣ Γιώργος,ΕΛΛΑΔΑ,0,0.0,0.0,True,ESAKE country,False,https://www.esake.gr/el/action/EsakeStats?mode=2&idchampionship=C1AF5EF5&idseason=00000001,F7D46144,37076412,ΛΑΥΡΙΟ DHI,8,23,True
2023-24,00000245,ΛΑΡΕΝΤΖΑΚΗΣ Γιαννούλης,ΕΛΛΑΔΑ,19,18.01,342.19,True,ESAKE country,False,https://www.esake.gr/el/action/EsakeStats?mode=2&idchampionship=C1AF5EF5&idseason=00000001,00000002,00000002,ΟΛΥΜΠΙΑΚΟΣ,2,23,False
2023-24,E625EBD8,ΛΕΣΟΡ Ματίας,ΓΑΛΛΙΑ,16,19.05,304.8,False,ESAKE country,False,https://www.esake.gr/el/action/EsakeStats?mode=2&idchampionship=C1AF5EF5&idseason=00000001,00000001,00000001,ΠΑΝΑΘΗΝΑΪΚΟΣ AKTOR,1,23,False
2023-24,D400B3A0,ΛΟΒ Ζερμέιν,ΗΠΑ,13,22.86,297.18,False,ESAKE country,False,https://www.esake.gr/el/action/EsakeStats?mode=2&idchampionship=C1AF5EF5&idseason=00000001,0000000D,00000013,ΠΕΡΙΣΤΕΡΙ bwin,3,23,False
2023-24,4D4F9FB9,ΛΟΥΚΟΒΙΤΣ Μάρκο,ΣΕΡΒΙΑ,8,19.7,157.6,False,ESAKE country,False,https://www.esake.gr/el/action/EsakeStats?mode=2&idchampionship=C1AF5EF5&idseason=00000001,0000000F,00000015,ΜΑΡΟΥΣΙ,11,23,True
2023-24,2BB1AF1F,ΛΟΥΝΤΖΗΣ Μιχάλης,ΕΛΛΑΔΑ,20,15.88,317.6,True,ESAKE country,False,https://www.esake.gr/el/action/EsakeStats?mode=2&idchampionship=C1AF5EF5&idseason=00000001,00000002,00000002,ΟΛΥΜΠΙΑΚΟΣ,2,23,False
2023-24,0258BA1E,ΜΑΚ ΚΑΛΟΥΜ Τρε,ΗΠΑ,10,19.23,192.3,False,ESAKE country,False,https://www.esake.gr/el/action/EsakeStats?mode=2&idchampionship=C1AF5EF5&idseason=00000001,B742845D,1120377507,ΚΑΡΔΙΤΣΑ ΙΑΠΩΝΙΚΗ,10,23,True
2023-24,FC26E3ED,ΜΑΚ ΚΙΣΙΚ Σακίλ,ΗΠΑ,5,16.47,82.35,False,ESAKE country,False,https://www.esake.gr/el/action/EsakeStats?mode=2&idchampionship=C1AF5EF5&idseason=00000001,00000002,00000002,ΟΛΥΜΠΙΑΚΟΣ,2,23,False
2023-24,6546260B,ΜΑΚ ΛΕΜΟΡ Μπεν,,7,18.91,132.37,False,Manual review of blank country,False,https://www.esake.gr/el/action/EsakeStats?mode=2&idchampionship=C1AF5EF5&idseason=00000001,00000010,00000016,AEK Betsson,7,23,True
2023-24,D1B546BE,ΜΑΚ ΡΕΪ Τζόρνταν,ΗΠΑ,22,26.12,574.64,False,ESAKE country,False,https://www.esake.gr/el/action/EsakeStats?mode=2&idchampionship=C1AF5EF5&idseason=00000001,00000010,00000016,AEK Betsson,7,23,True
2023-24,BF78543C,ΜΑΚ Τέβιν ΣΤΑΒΟΝΤΕΪ,ΗΠΑ,13,27.62,359.06,False,ESAKE country,False,https://www.esake.gr/el/action/EsakeStats?mode=2&idchampionship=C1AF5EF5&idseason=00000001,B742845D,1120377507,ΚΑΡΔΙΤΣΑ ΙΑΠΩΝΙΚΗ,10,23,True
2023-24,5E751F8E,ΜΑΚ-ΚΑΛΟΥΜ Ρέι,ΗΠΑ,13,29.86,388.18,False,ESAKE country,False,https://www.esake.gr/el/action/EsakeStats?mode=2&idchampionship=C1AF5EF5&idseason=00000001,B742845D,1120377507,ΚΑΡΔΙΤΣΑ ΙΑΠΩΝΙΚΗ,10,23,True
2023-24,4548B193,ΜΑΚΝΙΣ Τζαμάνι,ΗΠΑ,15,19.25,288.75,False,ESAKE country,False,https://www.esake.gr/el/action/EsakeStats?mode=2&idchampionship=C1AF5EF5&idseason=00000001,0000000C,00000012,ΠΑΟΚ,9,23,True
2023-24,4B05CA03,ΜΑΛΕΛΗΣ Φώτης,ΕΛΛΑΔΑ,4,5.74,22.96,True,ESAKE country,False,https://www.esake.gr/el/action/EsakeStats?mode=2&idchampionship=C1AF5EF5&idseason=00000001,B742845D,1120377507,ΚΑΡΔΙΤΣΑ ΙΑΠΩΝΙΚΗ,10,23,True
2023-24,24974100,ΜΑΝΤΖΟΥΚΑΣ Λευτέρης,ΕΛΛΑΔΑ,18,12.29,221.22,True,ESAKE country,False,https://www.esake.gr/el/action/EsakeStats?mode=2&idchampionship=C1AF5EF5&idseason=00000001,00000001,00000001,ΠΑΝΑΘΗΝΑΪΚΟΣ AKTOR,1,23,False
2023-24,936D3005,ΜΑΝΩΛΙΤΣΑΚΗΣ Αντώνης,ΕΛΛΑΔΑ,0,0.0,0.0,True,ESAKE country,False,https://www.esake.gr/el/action/EsakeStats?mode=2&idchampionship=C1AF5EF5&idseason=00000001,2A25C696,607118742,ΠΡΟΜΗΘΕΑΣ ΠΑΤΡΑΣ ΒΙΚΟΣ COLA,4,23,False
2023-24,F0FFC87A,ΜΑΡΑΓΚΟΥΔΑΚΗΣ Ιωάννης,ΕΛΛΑΔΑ,1,1.9,1.9,True,ESAKE country,False,https://www.esake.gr/el/action/EsakeStats?mode=2&idchampionship=C1AF5EF5&idseason=00000001,0000000D,00000013,ΠΕΡΙΣΤΕΡΙ bwin,3,23,False
2023-24,D0EBBA2C,ΜΑΡΑΘΩΝΙΤΗΣ Μάριος,ΕΛΛΑΔΑ,1,0.23,0.23,True,ESAKE country,False,https://www.esake.gr/el/action/EsakeStats?mode=2&idchampionship=C1AF5EF5&idseason=00000001,00000010,00000016,AEK Betsson,7,23,True
2023-24,000002A8,ΜΑΡΓΑΡΙΤΗΣ Βαγγέλης,ΕΛΛΑΔΑ,22,16.48,362.56,True,ESAKE country,False,https://www.esake.gr/el/action/EsakeStats?mode=2&idchampionship=C1AF5EF5&idseason=00000001,0000000C,00000012,ΠΑΟΚ,9,23,True
2023-24,148C06AF,ΜΑΤΑΛΙΩΤΑΚΗΣ Μάνος,ΕΛΛΑΔΑ,7,6.24,43.68,True,ESAKE country,False,https://www.esake.gr/el/action/EsakeStats?mode=2&idchampionship=C1AF5EF5&idseason=00000001,00000010,00000016,AEK Betsson,7,23,True
2023-24,20934E8F,ΜΕΝΕΓΚΑ Σάμιουελ,ΝΕΑ ΖΗΛΑΝΔΙΑ,5,14.45,72.25,False,ESAKE country,False,https://www.esake.gr/el/action/EsakeStats?mode=2&idchampionship=C1AF5EF5&idseason=00000001,B742845D,1120377507,ΚΑΡΔΙΤΣΑ ΙΑΠΩΝΙΚΗ,10,23,True
2023-24,E3D860BC,ΜΗΛΙΤΣΟΠΟΥΛΟΣ Γιώργος,ΕΛΛΑΔΑ,1,0.5,0.5,True,ESAKE country,False,https://www.esake.gr/el/action/EsakeStats?mode=2&idchampionship=C1AF5EF5&idseason=00000001,00000004,00000004,ΑΠΟΛΛΩΝ Π. CARNA,12,23,True
2023-24,7F6E6DE3,ΜΗΤΟΓΛΟΥ Κωνσταντίνος,ΕΛΛΑΔΑ,19,21.3,404.7,True,ESAKE country,False,https://www.esake.gr/el/action/EsakeStats?mode=2&idchampionship=C1AF5EF5&idseason=00000001,00000001,00000001,ΠΑΝΑΘΗΝΑΪΚΟΣ AKTOR,1,23,False
2023-24,963A113D,ΜΗΤΡΕΛΟΣ Μωυσής,ΕΛΛΑΔΑ,0,0.0,0.0,True,ESAKE country,False,https://www.esake.gr/el/action/EsakeStats?mode=2&idchampionship=C1AF5EF5&idseason=00000001,00000010,00000016,AEK Betsson,7,23,True
2023-24,726D6513,ΜΗΤΡΟΥ-ΛΟΝΓΚ Ελάιζα,ΕΛΛΑΔΑ,23,19.8,455.4,True,ESAKE country,False,https://www.esake.gr/el/action/EsakeStats?mode=2&idchampionship=C1AF5EF5&idseason=00000001,0000000D,00000013,ΠΕΡΙΣΤΕΡΙ bwin,3,23,False
2023-24,4BBBBCE9,ΜΗΤΡΟΥ-ΛΟΝΓΚ Ναζ,ΕΛΛΑΔΑ,12,18.16,217.92,True,ESAKE country,False,https://www.esake.gr/el/action/EsakeStats?mode=2&idchampionship=C1AF5EF5&idseason=00000001,00000002,00000002,ΟΛΥΜΠΙΑΚΟΣ,2,23,False
2023-24,8D29E5F2,ΜΙΓΚΟΥΡΕΝΚΟ Άλεξ,ΡΩΣΙΑ,0,0.0,0.0,False,ESAKE country,False,https://www.esake.gr/el/action/EsakeStats?mode=2&idchampionship=C1AF5EF5&idseason=00000001,F7D46144,37076412,ΛΑΥΡΙΟ DHI,8,23,True
2023-24,E6EC7439,ΜΙΛΟΥΤΙΝΟΦ Νίκολα,ΣΕΡΒΙΑ,12,21.06,252.72,False,ESAKE country,False,https://www.esake.gr/el/action/EsakeStats?mode=2&idchampionship=C1AF5EF5&idseason=00000001,00000002,00000002,ΟΛΥΜΠΙΑΚΟΣ,2,23,False
2023-24,2BC7B191,ΜΙΧΑΛΑΚ Μίκαλ,ΠΟΛΩΝΙΑ,6,22.42,134.52,False,ESAKE country,False,https://www.esake.gr/el/action/EsakeStats?mode=2&idchampionship=C1AF5EF5&idseason=00000001,0000000C,00000012,ΠΑΟΚ,9,23,True
2023-24,52D8D60C,ΜΟΡΓΚΑΝ Τζόρνταν,ΗΠΑ,9,14.32,128.88,False,ESAKE country,False,https://www.esake.gr/el/action/EsakeStats?mode=2&idchampionship=C1AF5EF5&idseason=00000001,00000010,00000016,AEK Betsson,7,23,True
2023-24,81B0524B,ΜΟΥΡ Καλίντ,ΗΠΑ,23,29.86,686.78,False,ESAKE country,False,https://www.esake.gr/el/action/EsakeStats?mode=2&idchampionship=C1AF5EF5&idseason=00000001,F7D46144,37076412,ΛΑΥΡΙΟ DHI,8,23,True
2023-24,FED5F313,ΜΟΥΡΑΤΟΣ Βασίλης,ΕΛΛΑΔΑ,23,26.49,609.27,True,ESAKE country,False,https://www.esake.gr/el/action/EsakeStats?mode=2&idchampionship=C1AF5EF5&idseason=00000001,00000004,00000004,ΑΠΟΛΛΩΝ Π. CARNA,12,23,True
2023-24,448AF744,ΜΠΑΖΙΝΑΣ Θανάσης,ΕΛΛΑΔΑ,21,11.98,251.58,True,ESAKE country,False,https://www.esake.gr/el/action/EsakeStats?mode=2&idchampionship=C1AF5EF5&idseason=00000001,2A25C696,607118742,ΠΡΟΜΗΘΕΑΣ ΠΑΤΡΑΣ ΒΙΚΟΣ COLA,4,23,False
2023-24,7CE3D926,ΜΠΑΛΤΣΕΡΟΦΣΚΙ Αλεξάντερ,ΠΟΛΩΝΙΑ,18,15.66,281.88,False,ESAKE country,False,https://www.esake.gr/el/action/EsakeStats?mode=2&idchampionship=C1AF5EF5&idseason=00000001,00000001,00000001,ΠΑΝΑΘΗΝΑΪΚΟΣ AKTOR,1,23,False
2023-24,99FE1353,ΜΠΑΝΚΣΤΟΝ Κρις,ΗΠΑ,20,19.32,386.4,False,ESAKE country,False,https://www.esake.gr/el/action/EsakeStats?mode=2&idchampionship=C1AF5EF5&idseason=00000001,00000005,00000005,ΑΡΗΣ Midea,5,23,False
2023-24,5D52B72A,ΜΠΕΛΙΑΟΥΣΚΑΣ Λαβρίνας,ΛΙΘΟΥΑΝΙΑ,14,23.2,324.8,False,ESAKE country,False,https://www.esake.gr/el/action/EsakeStats?mode=2&idchampionship=C1AF5EF5&idseason=00000001,0000000C,00000012,ΠΑΟΚ,9,23,True
2023-24,ED874474,ΜΠΙΛΛΗΣ Σωτήρης,ΕΛΛΑΔΑ,20,13.5,270.0,True,ESAKE country,False,https://www.esake.gr/el/action/EsakeStats?mode=2&idchampionship=C1AF5EF5&idseason=00000001,0000000A,00000010,ΚΟΛΟΣΣΟΣ H HOTELS COLLECTION,6,23,False
2023-24,56E20660,ΜΠΙΜΠΣ Τζάστιν,ΗΠΑ,6,24.46,146.76,False,ESAKE country,False,https://www.esake.gr/el/action/EsakeStats?mode=2&idchampionship=C1AF5EF5&idseason=00000001,00000004,00000004,ΑΠΟΛΛΩΝ Π. CARNA,12,23,True
2023-24,77E6F592,ΜΠΙΝΗΣ Ιάσων,ΕΛΛΑΔΑ,0,0.0,0.0,True,ESAKE country,False,https://www.esake.gr/el/action/EsakeStats?mode=2&idchampionship=C1AF5EF5&idseason=00000001,00000001,00000001,ΠΑΝΑΘΗΝΑΪΚΟΣ AKTOR,1,23,False
2023-24,DBD1D94D,ΜΠΙΟΥΚΑΝΑΝ Σακ,,23,23.64,543.72,False,Manual review of blank country,False,https://www.esake.gr/el/action/EsakeStats?mode=2&idchampionship=C1AF5EF5&idseason=00000001,B742845D,1120377507,ΚΑΡΔΙΤΣΑ ΙΑΠΩΝΙΚΗ,10,23,True
2023-24,F3C000E4,ΜΠΛΕΪΛΟΚ Ντιλέινι,ΗΠΑ,15,16.5,247.5,False,ESAKE country,False,https://www.esake.gr/el/action/EsakeStats?mode=2&idchampionship=C1AF5EF5&idseason=00000001,00000004,00000004,ΑΠΟΛΛΩΝ Π. CARNA,12,23,True
2023-24,FB989C4D,ΜΠΛΟΝΤΙΝ Τρέβορ,ΗΠΑ,4,20.06,80.24,False,ESAKE country,False,https://www.esake.gr/el/action/EsakeStats?mode=2&idchampionship=C1AF5EF5&idseason=00000001,00000004,00000004,ΑΠΟΛΛΩΝ Π. CARNA,12,23,True
2023-24,E8B5A023,ΜΠΛΟΥΜΠΕΡΓΚΣ Ρόμπερτ,ΛΕΤΟΝΙΑ,17,22.64,384.88,False,ESAKE country,False,https://www.esake.gr/el/action/EsakeStats?mode=2&idchampionship=C1AF5EF5&idseason=00000001,00000005,00000005,ΑΡΗΣ Midea,5,23,False
2023-24,00000366,ΜΠΟΓΡΗΣ Γιώργος,ΕΛΛΑΔΑ,18,7.66,137.88,True,ESAKE country,False,https://www.esake.gr/el/action/EsakeStats?mode=2&idchampionship=C1AF5EF5&idseason=00000001,0000000F,00000015,ΜΑΡΟΥΣΙ,11,23,True
2023-24,FABF4CC7,ΜΠΟΟΥΤΡΑΪΤ Ράιαν,ΗΠΑ,2,26.92,53.84,False,ESAKE country,False,https://www.esake.gr/el/action/EsakeStats?mode=2&idchampionship=C1AF5EF5&idseason=00000001,00000004,00000004,ΑΠΟΛΛΩΝ Π. CARNA,12,23,True
2023-24,0000037E,ΜΠΟΧΩΡΙΔΗΣ Ελευθέριος,ΕΛΛΑΔΑ,20,23.88,477.6,True,ESAKE country,False,https://www.esake.gr/el/action/EsakeStats?mode=2&idchampionship=C1AF5EF5&idseason=00000001,00000005,00000005,ΑΡΗΣ Midea,5,23,False
2023-24,FAEEF152,ΜΠΡΑΖΝΤΕΪΚΙΣ Ίγκνας,ΛΙΘΟΥΑΝΙΑ,17,17.02,289.34,False,ESAKE country,False,https://www.esake.gr/el/action/EsakeStats?mode=2&idchampionship=C1AF5EF5&idseason=00000001,00000002,00000002,ΟΛΥΜΠΙΑΚΟΣ,2,23,False
2023-24,6E7524DC,ΜΠΡΑΪΚΟΒΙΤΣ Λούκα,ΑΥΣΤΡΙΑ,22,26.09,573.98,False,ESAKE country,False,https://www.esake.gr/el/action/EsakeStats?mode=2&idchampionship=C1AF5EF5&idseason=00000001,0000000A,00000010,ΚΟΛΟΣΣΟΣ H HOTELS COLLECTION,6,23,False
2023-24,B1496F92,ΜΠΡΑΟΥΝ Τσαντ,ΗΠΑ,21,28.18,591.78,False,ESAKE country,False,https://www.esake.gr/el/action/EsakeStats?mode=2&idchampionship=C1AF5EF5&idseason=00000001,00000004,00000004,ΑΠΟΛΛΩΝ Π. CARNA,12,23,True
2023-24,FDC6EAAA,ΜΠΡΙΣΚΟΟΥ Αϊζάια,ΗΠΑ,20,27.72,554.4,False,ESAKE country,False,https://www.esake.gr/el/action/EsakeStats?mode=2&idchampionship=C1AF5EF5&idseason=00000001,0000000F,00000015,ΜΑΡΟΥΣΙ,11,23,True
2023-24,E79B2944,ΜΩΡΑΪΤΗΣ Δημήτρης,ΕΛΛΑΔΑ,17,10.11,171.87,True,ESAKE country,False,https://www.esake.gr/el/action/EsakeStats?mode=2&idchampionship=C1AF5EF5&idseason=00000001,00000001,00000001,ΠΑΝΑΘΗΝΑΪΚΟΣ AKTOR,1,23,False
2023-24,6156474F,ΝΑΪΤ Μπράντον,ΗΠΑ,9,20.52,184.68,False,ESAKE country,False,https://www.esake.gr/el/action/EsakeStats?mode=2&idchampionship=C1AF5EF5&idseason=00000001,00000010,00000016,AEK Betsson,7,23,True
2023-24,7D80AD55,ΝΑΝ Κέντρικ,ΗΠΑ,18,21.35,384.3,False,ESAKE country,False,https://www.esake.gr/el/action/EsakeStats?mode=2&idchampionship=C1AF5EF5&idseason=00000001,00000001,00000001,ΠΑΝΑΘΗΝΑΪΚΟΣ AKTOR,1,23,False
2023-24,14F5D6AF,ΝΕΤΖΗΠΟΓΛΟΥ Όμηρος,ΕΛΛΑΔΑ,23,18.37,422.51,True,ESAKE country,False,https://www.esake.gr/el/action/EsakeStats?mode=2&idchampionship=C1AF5EF5&idseason=00000001,00000010,00000016,AEK Betsson,7,23,True
2023-24,6547DF27,ΝΙΚΟΛΑΪΔΗΣ Αλέξανδρος,ΕΛΛΑΔΑ,22,20.51,451.22,True,ESAKE country,False,https://www.esake.gr/el/action/EsakeStats?mode=2&idchampionship=C1AF5EF5&idseason=00000001,0000000F,00000015,ΜΑΡΟΥΣΙ,11,23,True
2023-24,9D6C6AF9,ΝΙΚΟΛΑΟΥ Ιωάννης,ΕΛΛΑΔΑ,0,0.0,0.0,True,ESAKE country,False,https://www.esake.gr/el/action/EsakeStats?mode=2&idchampionship=C1AF5EF5&idseason=00000001,00000010,00000016,AEK Betsson,7,23,True
2023-24,5F095E96,ΝΤΑΓΚΟΥΜΠΙΤΣ Νεμάνια,ΣΕΡΒΙΑ,23,20.73,476.79,False,ESAKE country,False,https://www.esake.gr/el/action/EsakeStats?mode=2&idchampionship=C1AF5EF5&idseason=00000001,0000000D,00000013,ΠΕΡΙΣΤΕΡΙ bwin,3,23,False
2023-24,527B919F,ΝΤΑΝΟΒΑΣΙΛΗΣ Αθανάσιος,ΕΛΛΑΔΑ,0,0.0,0.0,True,ESAKE country,False,https://www.esake.gr/el/action/EsakeStats?mode=2&idchampionship=C1AF5EF5&idseason=00000001,B742845D,1120377507,ΚΑΡΔΙΤΣΑ ΙΑΠΩΝΙΚΗ,10,23,True
2023-24,4C3E0D1F,ΝΤΕ-ΣΟΟΥΖΑ Σίλβιο,ΑΝΓΚΟΛΑ,20,12.15,243.0,False,ESAKE country,False,https://www.esake.gr/el/action/EsakeStats?mode=2&idchampionship=C1AF5EF5&idseason=00000001,00000005,00000005,ΑΡΗΣ Midea,5,23,False
2023-24,8BDDC1DE,ΝΤΕ-ΤΖΟΥΛΙΟΥΣ Ντέιβιντ,ΗΠΑ,13,27.74,360.62,False,ESAKE country,False,https://www.esake.gr/el/action/EsakeStats?mode=2&idchampionship=C1AF5EF5&idseason=00000001,F7D46144,37076412,ΛΑΥΡΙΟ DHI,8,23,True
2023-24,000003F5,ΞΑΝΘΟΠΟΥΛΟΣ Βασίλης,ΕΛΛΑΔΑ,19,10.12,192.28,True,ESAKE country,False,https://www.esake.gr/el/action/EsakeStats?mode=2&idchampionship=C1AF5EF5&idseason=00000001,0000000D,00000013,ΠΕΡΙΣΤΕΡΙ bwin,3,23,False
2023-24,CA1C9384,ΞΥΔΑΣ Παύλος,ΕΛΛΑΔΑ,1,0.18,0.18,True,ESAKE country,False,https://www.esake.gr/el/action/EsakeStats?mode=2&idchampionship=C1AF5EF5&idseason=00000001,0000000F,00000015,ΜΑΡΟΥΣΙ,11,23,True
2023-24,628DA4EE,ΟΙΚΟΝΟΜΟΠΟΥΛΟΣ Σωτήρης,ΕΛΛΑΔΑ,7,8.06,56.42,True,ESAKE country,False,https://www.esake.gr/el/action/EsakeStats?mode=2&idchampionship=C1AF5EF5&idseason=00000001,F7D46144,37076412,ΛΑΥΡΙΟ DHI,8,23,True
2023-24,A17B4B74,ΟΣΜΠΟΡΝ Μαλίκ,ΗΠΑ,23,23.49,540.27,False,ESAKE country,False,https://www.esake.gr/el/action/EsakeStats?mode=2&idchampionship=C1AF5EF5&idseason=00000001,00000004,00000004,ΑΠΟΛΛΩΝ Π. CARNA,12,23,True
2023-24,4D9627D9,ΟΥΑΪΤ Ρομέλο,ΗΠΑ,22,25.23,555.06,False,ESAKE country,False,https://www.esake.gr/el/action/EsakeStats?mode=2&idchampionship=C1AF5EF5&idseason=00000001,B742845D,1120377507,ΚΑΡΔΙΤΣΑ ΙΑΠΩΝΙΚΗ,10,23,True
2023-24,650326F7,ΟΥΑΣΙΝΓΚΤΟΝ Ντέσμοντ,ΗΠΑ,11,28.37,312.07,False,ESAKE country,False,https://www.esake.gr/el/action/EsakeStats?mode=2&idchampionship=C1AF5EF5&idseason=00000001,00000004,00000004,ΑΠΟΛΛΩΝ Π. CARNA,12,23,True
2023-24,24D310BE,ΟΥΙΛΙΑΜΣ Κένι,ΗΠΑ,23,22.09,508.07,False,ESAKE country,False,https://www.esake.gr/el/action/EsakeStats?mode=2&idchampionship=C1AF5EF5&idseason=00000001,0000000D,00000013,ΠΕΡΙΣΤΕΡΙ bwin,3,23,False
2023-24,656D6050,ΟΥΙΛΙΑΜΣ Σεσίλ,ΗΠΑ,6,22.68,136.08,False,ESAKE country,False,https://www.esake.gr/el/action/EsakeStats?mode=2&idchampionship=C1AF5EF5&idseason=00000001,0000000C,00000012,ΠΑΟΚ,9,23,True
2023-24,E49FC744,ΟΥΤΟΜΙ Ντάνιελ,ΗΠΑ,21,23.15,486.15,False,ESAKE country,False,https://www.esake.gr/el/action/EsakeStats?mode=2&idchampionship=C1AF5EF5&idseason=00000001,0000000A,00000010,ΚΟΛΟΣΣΟΣ H HOTELS COLLECTION,6,23,False
2023-24,CDB5A3F8,ΠΑΠΑΓΕΩΡΓΟΠΟΥΛΟΣ Ιωάννης,ΕΛΛΑΔΑ,1,0.18,0.18,True,ESAKE country,False,https://www.esake.gr/el/action/EsakeStats?mode=2&idchampionship=C1AF5EF5&idseason=00000001,0000000F,00000015,ΜΑΡΟΥΣΙ,11,23,True
2023-24,82AC551E,ΠΑΠΑΓΙΑΝΝΗΣ Μηνάς,ΕΛΛΑΔΑ,13,5.01,65.13,True,ESAKE country,False,https://www.esake.gr/el/action/EsakeStats?mode=2&idchampionship=C1AF5EF5&idseason=00000001,0000000A,00000010,ΚΟΛΟΣΣΟΣ H HOTELS COLLECTION,6,23,False
2023-24,41010DDA,ΠΑΠΑΔΑΚΗΣ Κώστας,ΕΛΛΑΔΑ,21,12.93,271.53,True,ESAKE country,False,https://www.esake.gr/el/action/EsakeStats?mode=2&idchampionship=C1AF5EF5&idseason=00000001,0000000A,00000010,ΚΟΛΟΣΣΟΣ H HOTELS COLLECTION,6,23,False
2023-24,210FB913,ΠΑΠΑΘΑΝΑΣΙΟΥ Τζορτζ Πίτερς,ΕΛΛΑΔΑ,19,10.79,205.01,True,ESAKE country,False,https://www.esake.gr/el/action/EsakeStats?mode=2&idchampionship=C1AF5EF5&idseason=00000001,2A25C696,607118742,ΠΡΟΜΗΘΕΑΣ ΠΑΤΡΑΣ ΒΙΚΟΣ COLA,4,23,False
2023-24,88583372,ΠΑΠΑΛΕΞΑΝΔΡΑΚΗΣ Νικόλαος,ΕΛΛΑΔΑ,0,0.0,0.0,True,ESAKE country,False,https://www.esake.gr/el/action/EsakeStats?mode=2&idchampionship=C1AF5EF5&idseason=00000001,2A25C696,607118742,ΠΡΟΜΗΘΕΑΣ ΠΑΤΡΑΣ ΒΙΚΟΣ COLA,4,23,False
2023-24,00000468,ΠΑΠΑΝΙΚΟΛΑΟΥ Κώστας,ΕΛΛΑΔΑ,21,22.55,473.55,True,ESAKE country,False,https://www.esake.gr/el/action/EsakeStats?mode=2&idchampionship=C1AF5EF5&idseason=00000001,00000002,00000002,ΟΛΥΜΠΙΑΚΟΣ,2,23,False
2023-24,8E3AD877,ΠΑΠΑΠΕΤΡΟΥ Ιωάννης,ΕΛΛΑΔΑ,10,15.25,152.5,True,ESAKE country,False,https://www.esake.gr/el/action/EsakeStats?mode=2&idchampionship=C1AF5EF5&idseason=00000001,00000001,00000001,ΠΑΝΑΘΗΝΑΪΚΟΣ AKTOR,1,23,False
2023-24,AB6FC74F,ΠΕΝΟ Στεφάν,ΣΕΡΒΙΑ,7,19.34,135.38,False,ESAKE country,False,https://www.esake.gr/el/action/EsakeStats?mode=2&idchampionship=C1AF5EF5&idseason=00000001,0000000F,00000015,ΜΑΡΟΥΣΙ,11,23,True
2023-24,722A96BC,ΠΕΡΑΝΤΕΣ Λόντον,ΗΠΑ,20,27.55,551.0,False,ESAKE country,False,https://www.esake.gr/el/action/EsakeStats?mode=2&idchampionship=C1AF5EF5&idseason=00000001,0000000A,00000010,ΚΟΛΟΣΣΟΣ H HOTELS COLLECTION,6,23,False
2023-24,DB029567,ΠΕΡΚΙΝΣ Τζος,ΗΠΑ,11,25.6,281.6,False,ESAKE country,False,https://www.esake.gr/el/action/EsakeStats?mode=2&idchampionship=C1AF5EF5&idseason=00000001,00000004,00000004,ΑΠΟΛΛΩΝ Π. CARNA,12,23,True
2023-24,49574E22,ΠΕΡΣΙΔΗΣ Νικόλαος,ΕΛΛΑΔΑ,17,7.84,133.28,True,ESAKE country,False,https://www.esake.gr/el/action/EsakeStats?mode=2&idchampionship=C1AF5EF5&idseason=00000001,00000005,00000005,ΑΡΗΣ Midea,5,23,False
2023-24,2FDD0350,ΠΕΤΡΟΠΟΥΛΟΣ Ανδρέας,ΕΛΛΑΔΑ,18,16.25,292.5,True,ESAKE country,False,https://www.esake.gr/el/action/EsakeStats?mode=2&idchampionship=C1AF5EF5&idseason=00000001,0000000A,00000010,ΚΟΛΟΣΣΟΣ H HOTELS COLLECTION,6,23,False
2023-24,78F9CAB0,ΠΕΤΡΟΥΣΕΦ Φιλίπ,ΣΕΡΒΙΑ,10,18.75,187.5,False,ESAKE country,False,https://www.esake.gr/el/action/EsakeStats?mode=2&idchampionship=C1AF5EF5&idseason=00000001,00000002,00000002,ΟΛΥΜΠΙΑΚΟΣ,2,23,False
2023-24,537CDA47,ΠΗΛΙΤΣΗΣ Κωνσταντίνος,ΕΛΛΑΔΑ,1,2.08,2.08,True,ESAKE country,False,https://www.esake.gr/el/action/EsakeStats?mode=2&idchampionship=C1AF5EF5&idseason=00000001,B742845D,1120377507,ΚΑΡΔΙΤΣΑ ΙΑΠΩΝΙΚΗ,10,23,True
2023-24,6C30ED4B,ΠΙΛΑΒΙΟΣ Άλφης,ΕΛΛΑΔΑ,5,1.66,8.3,True,ESAKE country,False,https://www.esake.gr/el/action/EsakeStats?mode=2&idchampionship=C1AF5EF5&idseason=00000001,00000010,00000016,AEK Betsson,7,23,True
2023-24,AB45FD1B,ΠΙΤΕΡΣ Αλεκ,ΗΠΑ,22,25.92,570.24,False,ESAKE country,False,https://www.esake.gr/el/action/EsakeStats?mode=2&idchampionship=C1AF5EF5&idseason=00000001,00000002,00000002,ΟΛΥΜΠΙΑΚΟΣ,2,23,False
2023-24,8A20EF38,ΠΛΩΤΑΣ Νίκος,ΕΛΛΑΔΑ,16,7.01,112.16,True,ESAKE country,False,https://www.esake.gr/el/action/EsakeStats?mode=2&idchampionship=C1AF5EF5&idseason=00000001,2A25C696,607118742,ΠΡΟΜΗΘΕΑΣ ΠΑΤΡΑΣ ΒΙΚΟΣ COLA,4,23,False
2023-24,3C50E042,ΠΟΛΕΪ Τάιλερ,ΗΠΑ,21,25.62,538.02,False,ESAKE country,False,https://www.esake.gr/el/action/EsakeStats?mode=2&idchampionship=C1AF5EF5&idseason=00000001,0000000A,00000010,ΚΟΛΟΣΣΟΣ H HOTELS COLLECTION,6,23,False
2023-24,C326A77F,ΠΟΡΤΕΡ ΤΖ. Κέβιν,Η.Π.Α.,1,40.0,40.0,False,ESAKE country,False,https://www.esake.gr/el/action/EsakeStats?mode=2&idchampionship=C1AF5EF5&idseason=00000001,0000000C,00000012,ΠΑΟΚ,9,23,True
2023-24,F42B3D2C,ΠΟΥΛΙΑΝΙΤΗΣ Στέλιος,ΕΛΛΑΔΑ,21,11.61,243.81,True,ESAKE country,False,https://www.esake.gr/el/action/EsakeStats?mode=2&idchampionship=C1AF5EF5&idseason=00000001,0000000D,00000013,ΠΕΡΙΣΤΕΡΙ bwin,3,23,False
2023-24,46EC5E96,ΠΡΕΚΑΣ Γρηγόρης,ΕΛΛΑΔΑ,4,1.65,6.6,True,ESAKE country,False,https://www.esake.gr/el/action/EsakeStats?mode=2&idchampionship=C1AF5EF5&idseason=00000001,2A25C696,607118742,ΠΡΟΜΗΘΕΑΣ ΠΑΤΡΑΣ ΒΙΚΟΣ COLA,4,23,False
2023-24,E431A547,ΡΑΓΚΛΑΝΤ Τζόε,ΗΠΑ,23,27.62,635.26,False,ESAKE country,False,https://www.esake.gr/el/action/EsakeStats?mode=2&idchampionship=C1AF5EF5&idseason=00000001,0000000D,00000013,ΠΕΡΙΣΤΕΡΙ bwin,3,23,False
2023-24,C49389A3,ΡΑΪΤ Μόουζες,ΗΠΑ,7,21.73,152.11,False,ESAKE country,False,https://www.esake.gr/el/action/EsakeStats?mode=2&idchampionship=C1AF5EF5&idseason=00000001,00000002,00000002,ΟΛΥΜΠΙΑΚΟΣ,2,23,False
2023-24,C46AB3E9,ΡΑΝΤΛ Τσέισον,ΗΠΑ,22,24.49,538.78,False,ESAKE country,False,https://www.esake.gr/el/action/EsakeStats?mode=2&idchampionship=C1AF5EF5&idseason=00000001,00000010,00000016,AEK Betsson,7,23,True
2023-24,201D9D5C,ΡΑΝΤΟΥΛΙΤΣΑ Μίροσλαβ,ΣΕΡΒΙΑ,22,22.42,493.24,False,ESAKE country,False,https://www.esake.gr/el/action/EsakeStats?mode=2&idchampionship=C1AF5EF5&idseason=00000001,0000000F,00000015,ΜΑΡΟΥΣΙ,11,23,True
2023-24,405192E7,ΡΕΪΝΟΛΝΤΣ Κάμερον,ΗΠΑ,23,29.32,674.36,False,ESAKE country,False,https://www.esake.gr/el/action/EsakeStats?mode=2&idchampionship=C1AF5EF5&idseason=00000001,2A25C696,607118742,ΠΡΟΜΗΘΕΑΣ ΠΑΤΡΑΣ ΒΙΚΟΣ COLA,4,23,False
2023-24,872EC9A9,ΡΕΝΦΡΟ Νέιτ,ΗΠΑ,23,20.26,465.98,False,ESAKE country,False,https://www.esake.gr/el/action/EsakeStats?mode=2&idchampionship=C1AF5EF5&idseason=00000001,0000000D,00000013,ΠΕΡΙΣΤΕΡΙ bwin,3,23,False
2023-24,265C4987,ΡΙΝΤ Έρικ,ΗΠΑ,4,16.61,66.44,False,ESAKE country,False,https://www.esake.gr/el/action/EsakeStats?mode=2&idchampionship=C1AF5EF5&idseason=00000001,00000005,00000005,ΑΡΗΣ Midea,5,23,False
2023-24,2099A023,ΡΟΖΑΚΕΑΣ Αναστάσιος,ΕΛΛΑΔΑ,3,2.19,6.57,True,ESAKE country,False,https://www.esake.gr/el/action/EsakeStats?mode=2&idchampionship=C1AF5EF5&idseason=00000001,00000002,00000002,ΟΛΥΜΠΙΑΚΟΣ,2,23,False
2023-24,F3537135,ΣΑΪΜΠΕΡΤ Τζόρνταν,ΗΠΑ,22,16.2,356.4,False,ESAKE country,False,https://www.esake.gr/el/action/EsakeStats?mode=2&idchampionship=C1AF5EF5&idseason=00000001,B742845D,1120377507,ΚΑΡΔΙΤΣΑ ΙΑΠΩΝΙΚΗ,10,23,True
2023-24,D4498240,ΣΑΛΟΥΣΤΡΟΣ Χρήστος,ΕΛΛΑΔΑ,20,24.26,485.2,True,ESAKE country,False,https://www.esake.gr/el/action/EsakeStats?mode=2&idchampionship=C1AF5EF5&idseason=00000001,00000004,00000004,ΑΠΟΛΛΩΝ Π. CARNA,12,23,True
2023-24,B8E81349,ΣΑΜΟΝΤΟΥΡΟΒ Αλέξανδρος,ΕΛΛΑΔΑ,7,13.57,94.99,True,ESAKE country,False,https://www.esake.gr/el/action/EsakeStats?mode=2&idchampionship=C1AF5EF5&idseason=00000001,00000001,00000001,ΠΑΝΑΘΗΝΑΪΚΟΣ AKTOR,1,23,False
2023-24,833F16B8,ΣΑΝΟΓΚΟ Ίσμαελ,ΑΚΤΗ ΕΛΕΦΑΝΤΟΣΤΟΥ,18,19.83,356.94,False,ESAKE country,False,https://www.esake.gr/el/action/EsakeStats?mode=2&idchampionship=C1AF5EF5&idseason=00000001,00000005,00000005,ΑΡΗΣ Midea,5,23,False
2023-24,0F7C0053,ΣΙΚΜΑ Λουκ,ΗΠΑ,5,20.47,102.35,False,ESAKE country,False,https://www.esake.gr/el/action/EsakeStats?mode=2&idchampionship=C1AF5EF5&idseason=00000001,00000002,00000002,ΟΛΥΜΠΙΑΚΟΣ,2,23,False
2023-24,7CDB9CA8,ΣΙΜΟΝΣ Τζέρελ,ΗΠΑ,4,15.14,60.56,False,ESAKE country,False,https://www.esake.gr/el/action/EsakeStats?mode=2&idchampionship=C1AF5EF5&idseason=00000001,0000000A,00000010,ΚΟΛΟΣΣΟΣ H HOTELS COLLECTION,6,23,False
2023-24,776CB485,ΣΙΜΠΑΝΤΕ Νάικι,ΗΠΑ,4,11.71,46.84,False,ESAKE country,False,https://www.esake.gr/el/action/EsakeStats?mode=2&idchampionship=C1AF5EF5&idseason=00000001,0000000F,00000015,ΜΑΡΟΥΣΙ,11,23,True
2023-24,7CFC487F,ΣΙΤΟΥ Σίμι,ΚΑΝΑΔΑΣ,13,19.37,251.81,False,ESAKE country,False,https://www.esake.gr/el/action/EsakeStats?mode=2&idchampionship=C1AF5EF5&idseason=00000001,0000000A,00000010,ΚΟΛΟΣΣΟΣ H HOTELS COLLECTION,6,23,False
2023-24,F162BB22,ΣΚΛΗΡΟΣ Αλέξανδρος,ΕΛΛΑΔΑ,0,0.0,0.0,True,ESAKE country,False,https://www.esake.gr/el/action/EsakeStats?mode=2&idchampionship=C1AF5EF5&idseason=00000001,2A25C696,607118742,ΠΡΟΜΗΘΕΑΣ ΠΑΤΡΑΣ ΒΙΚΟΣ COLA,4,23,False
2023-24,00000554,ΣΚΟΡΔΙΛΗΣ Γάιος,ΕΛΛΑΔΑ,7,10.42,72.94,True,ESAKE country,False,https://www.esake.gr/el/action/EsakeStats?mode=2&idchampionship=C1AF5EF5&idseason=00000001,00000004,00000004,ΑΠΟΛΛΩΝ Π. CARNA,12,23,True
2023-24,C36FC324,ΣΚΟΥΛΑΡΙΩΤΗΣ Θεόδωρος,ΕΛΛΑΔΑ,5,1.27,6.35,True,ESAKE country,False,https://www.esake.gr/el/action/EsakeStats?mode=2&idchampionship=C1AF5EF5&idseason=00000001,0000000C,00000012,ΠΑΟΚ,9,23,True
2023-24,000006F2,ΣΛΑΦΤΣΑΚΗΣ Διαμαντής,ΕΛΛΑΔΑ,20,11.89,237.8,True,ESAKE country,False,https://www.esake.gr/el/action/EsakeStats?mode=2&idchampionship=C1AF5EF5&idseason=00000001,00000005,00000005,ΑΡΗΣ Midea,5,23,False
2023-24,0000055C,ΣΛΟΥΚΑΣ Κώστας,ΕΛΛΑΔΑ,15,16.33,244.95,True,ESAKE country,False,https://www.esake.gr/el/action/EsakeStats?mode=2&idchampionship=C1AF5EF5&idseason=00000001,00000001,00000001,ΠΑΝΑΘΗΝΑΪΚΟΣ AKTOR,1,23,False
2023-24,2F41166C,ΣΜΙΘ Κένταλ,ΗΠΑ,7,26.05,182.35,False,ESAKE country,False,https://www.esake.gr/el/action/EsakeStats?mode=2&idchampionship=C1AF5EF5&idseason=00000001,0000000C,00000012,ΠΑΟΚ,9,23,True
2023-24,F0FECC34,ΣΜΙΘ Μίτσελ,ΗΠΑ,9,22.79,205.11,False,ESAKE country,False,https://www.esake.gr/el/action/EsakeStats?mode=2&idchampionship=C1AF5EF5&idseason=00000001,B742845D,1120377507,ΚΑΡΔΙΤΣΑ ΙΑΠΩΝΙΚΗ,10,23,True
2023-24,2B9277F6,ΣΟΪΛΕΜΤΖΙΔΗΣ Νικόλαος,ΕΛΛΑΔΑ,0,0.0,0.0,True,ESAKE country,False,https://www.esake.gr/el/action/EsakeStats?mode=2&idchampionship=C1AF5EF5&idseason=00000001,2A25C696,607118742,ΠΡΟΜΗΘΕΑΣ ΠΑΤΡΑΣ ΒΙΚΟΣ COLA,4,23,False
2023-24,34F92C9C,ΣΠΑΡΤΑΛΗΣ Στέφανος,ΕΛΛΑΔΑ,0,0.0,0.0,True,ESAKE country,False,https://www.esake.gr/el/action/EsakeStats?mode=2&idchampionship=C1AF5EF5&idseason=00000001,00000002,00000002,ΟΛΥΜΠΙΑΚΟΣ,2,23,False
2023-24,AF82CE42,ΣΠΡΙΝΤΖΙΟΣ Μιχάλης,ΕΛΛΑΔΑ,9,7.75,69.75,True,ESAKE country,False,https://www.esake.gr/el/action/EsakeStats?mode=2&idchampionship=C1AF5EF5&idseason=00000001,F7D46144,37076412,ΛΑΥΡΙΟ DHI,8,23,True
2023-24,75FB4B05,ΣΤΑΘΟΠΟΥΛΟΣ Γρηγόριος,ΕΛΛΑΔΑ,0,0.0,0.0,True,ESAKE country,False,https://www.esake.gr/el/action/EsakeStats?mode=2&idchampionship=C1AF5EF5&idseason=00000001,00000004,00000004,ΑΠΟΛΛΩΝ Π. CARNA,12,23,True
2023-24,B0371694,ΣΤΑΡΚ Τζόναθαν,ΗΠΑ,8,21.44,171.52,False,ESAKE country,False,https://www.esake.gr/el/action/EsakeStats?mode=2&idchampionship=C1AF5EF5&idseason=00000001,00000005,00000005,ΑΡΗΣ Midea,5,23,False
2023-24,A91BEA64,ΣΤΑΡΚΣ Τι Τζέι,ΗΠΑ,5,28.84,144.2,False,ESAKE country,False,https://www.esake.gr/el/action/EsakeStats?mode=2&idchampionship=C1AF5EF5&idseason=00000001,00000004,00000004,ΑΠΟΛΛΩΝ Π. CARNA,12,23,True
2023-24,F7A47F07,ΣΤΑΣΙΝΟΣ Ορφέας,ΕΛΛΑΔΑ,21,13.68,287.28,True,ESAKE country,False,https://www.esake.gr/el/action/EsakeStats?mode=2&idchampionship=C1AF5EF5&idseason=00000001,0000000F,00000015,ΜΑΡΟΥΣΙ,11,23,True
2023-24,9A1EDD91,ΣΤΑΥΡΑΚΟΠΟΥΛΟΣ Σωτήρης,ΕΛΛΑΔΑ,1,4.57,4.57,True,ESAKE country,False,https://www.esake.gr/el/action/EsakeStats?mode=2&idchampionship=C1AF5EF5&idseason=00000001,0000000D,00000013,ΠΕΡΙΣΤΕΡΙ bwin,3,23,False
2023-24,35DCE888,ΣΤΑΥΡΑΚΟΥΚΑΣ Βασίλης,ΕΛΛΑΔΑ,5,4.65,23.25,True,ESAKE country,False,https://www.esake.gr/el/action/EsakeStats?mode=2&idchampionship=C1AF5EF5&idseason=00000001,0000000F,00000015,ΜΑΡΟΥΣΙ,11,23,True
2023-24,F3990952,ΣΤΕΒΟΒΙΤΣ Ματίγια,ΕΛΛΑΔΑ,0,0.0,0.0,True,ESAKE country,False,https://www.esake.gr/el/action/EsakeStats?mode=2&idchampionship=C1AF5EF5&idseason=00000001,2A25C696,607118742,ΠΡΟΜΗΘΕΑΣ ΠΑΤΡΑΣ ΒΙΚΟΣ COLA,4,23,False
2023-24,91F8B4A1,ΣΤΕΦΑΝΑΚΗΣ Αντώνιος,ΕΛΛΑΔΑ,0,0.0,0.0,True,ESAKE country,False,https://www.esake.gr/el/action/EsakeStats?mode=2&idchampionship=C1AF5EF5&idseason=00000001,00000010,00000016,AEK Betsson,7,23,True
2023-24,D1DF2694,ΣΤΕΦΕΝΣ Ντεσόν,ΗΠΑ,17,17.05,289.85,False,ESAKE country,False,https://www.esake.gr/el/action/EsakeStats?mode=2&idchampionship=C1AF5EF5&idseason=00000001,2A25C696,607118742,ΠΡΟΜΗΘΕΑΣ ΠΑΤΡΑΣ ΒΙΚΟΣ COLA,4,23,False
2023-24,BCB78E4A,ΣΧΙΖΑΣ Σταύρος,ΕΛΛΑΔΑ,19,17.73,336.87,True,ESAKE country,False,https://www.esake.gr/el/action/EsakeStats?mode=2&idchampionship=C1AF5EF5&idseason=00000001,0000000C,00000012,ΠΑΟΚ,9,23,True
2023-24,ECDEBCD5,ΣΩΤΗΡΙΟΥ Άρης,ΕΛΛΑΔΑ,8,3.68,29.44,True,ESAKE country,False,https://www.esake.gr/el/action/EsakeStats?mode=2&idchampionship=C1AF5EF5&idseason=00000001,0000000C,00000012,ΠΑΟΚ,9,23,True
2023-24,96FC6D4D,ΤΑΝΟΥΛΗΣ Γιώργος,ΕΛΛΑΔΑ,14,6.25,87.5,True,ESAKE country,False,https://www.esake.gr/el/action/EsakeStats?mode=2&idchampionship=C1AF5EF5&idseason=00000001,00000002,00000002,ΟΛΥΜΠΙΑΚΟΣ,2,23,False
2023-24,6CA8A6EC,ΤΑΟΥΝΣ Μαρκίς,ΗΠΑ,7,22.89,160.23,False,ESAKE country,False,https://www.esake.gr/el/action/EsakeStats?mode=2&idchampionship=C1AF5EF5&idseason=00000001,0000000C,00000012,ΠΑΟΚ,9,23,True
2023-24,196B0647,ΤΕΛΛΙΔΗΣ Αγγελος,ΕΛΛΑΔΑ,0,0.0,0.0,True,ESAKE country,False,https://www.esake.gr/el/action/EsakeStats?mode=2&idchampionship=C1AF5EF5&idseason=00000001,0000000F,00000015,ΜΑΡΟΥΣΙ,11,23,True
2023-24,A1145DEA,ΤΖΑΚΣΟΝ Μάριον,ΗΠΑ,5,15.44,77.2,False,ESAKE country,False,https://www.esake.gr/el/action/EsakeStats?mode=2&idchampionship=C1AF5EF5&idseason=00000001,F7D46144,37076412,ΛΑΥΡΙΟ DHI,8,23,True
2023-24,01807233,ΤΖΟΟΥΝΣ Άαρον,ΗΠΑ,5,8.32,41.6,False,ESAKE country,False,https://www.esake.gr/el/action/EsakeStats?mode=2&idchampionship=C1AF5EF5&idseason=00000001,B742845D,1120377507,ΚΑΡΔΙΤΣΑ ΙΑΠΩΝΙΚΗ,10,23,True
2023-24,34CB7D1B,ΤΖΟΟΥΝΣ Τζαμάλ,ΗΠΑ,6,20.68,124.08,False,ESAKE country,False,https://www.esake.gr/el/action/EsakeStats?mode=2&idchampionship=C1AF5EF5&idseason=00000001,2A25C696,607118742,ΠΡΟΜΗΘΕΑΣ ΠΑΤΡΑΣ ΒΙΚΟΣ COLA,4,23,False
2023-24,F7CF0916,ΤΖΟΡΓΚΕΝΣΕΝ Πολ,ΙΤΑΛΙΑ,10,18.93,189.3,False,ESAKE country,False,https://www.esake.gr/el/action/EsakeStats?mode=2&idchampionship=C1AF5EF5&idseason=00000001,0000000A,00000010,ΚΟΛΟΣΣΟΣ H HOTELS COLLECTION,6,23,False
2023-24,B3D545F0,ΤΖΟΥΣΤΟΝ Σακούρ,ΗΠΑ,22,28.87,635.14,False,ESAKE country,False,https://www.esake.gr/el/action/EsakeStats?mode=2&idchampionship=C1AF5EF5&idseason=00000001,0000000F,00000015,ΜΑΡΟΥΣΙ,11,23,True
2023-24,34C292ED,ΤΙΛΜΑΝ Τζάστιν,ΗΠΑ,17,21.28,361.76,False,ESAKE country,False,https://www.esake.gr/el/action/EsakeStats?mode=2&idchampionship=C1AF5EF5&idseason=00000001,00000010,00000016,AEK Betsson,7,23,True
2023-24,D8361DB3,ΤΟΛΙΟΠΟΥΛΟΣ Βασίλης,ΕΛΛΑΔΑ,22,26.3,578.6,True,ESAKE country,False,https://www.esake.gr/el/action/EsakeStats?mode=2&idchampionship=C1AF5EF5&idseason=00000001,00000005,00000005,ΑΡΗΣ Midea,5,23,False
2023-24,AC533762,ΤΟΜΠΣΟΝ Τρέβορ,ΗΠΑ,22,14.67,322.74,False,ESAKE country,False,https://www.esake.gr/el/action/EsakeStats?mode=2&idchampionship=C1AF5EF5&idseason=00000001,0000000D,00000013,ΠΕΡΙΣΤΕΡΙ bwin,3,23,False
2023-24,D772A5B4,ΤΣΑΓΚΑΝΟΣ Γιάννης,ΕΛΛΑΔΑ,0,0.0,0.0,True,ESAKE country,False,https://www.esake.gr/el/action/EsakeStats?mode=2&idchampionship=C1AF5EF5&idseason=00000001,0000000F,00000015,ΜΑΡΟΥΣΙ,11,23,True
2023-24,0000060F,ΤΣΑΪΡΕΛΗΣ Μιχάλης,ΕΛΛΑΔΑ,21,18.4,386.4,True,ESAKE country,False,https://www.esake.gr/el/action/EsakeStats?mode=2&idchampionship=C1AF5EF5&idseason=00000001,0000000C,00000012,ΠΑΟΚ,9,23,True
2023-24,DD8E221B,ΤΣΑΜΗΣ Παναγιώτης,ΕΛΛΑΔΑ,8,7.99,63.92,True,ESAKE country,False,https://www.esake.gr/el/action/EsakeStats?mode=2&idchampionship=C1AF5EF5&idseason=00000001,00000002,00000002,ΟΛΥΜΠΙΑΚΟΣ,2,23,False
2023-24,040DD22E,ΤΣΑΧΤΣΙΡΑΣ Φίλιππος,ΕΛΛΑΔΑ,1,1.53,1.53,True,ESAKE country,False,https://www.esake.gr/el/action/EsakeStats?mode=2&idchampionship=C1AF5EF5&idseason=00000001,00000005,00000005,ΑΡΗΣ Midea,5,23,False
2023-24,AB6D75D6,ΤΣΙΑΚΜΑΣ Νίκος,ΕΛΛΑΔΑ,23,12.34,283.82,True,ESAKE country,False,https://www.esake.gr/el/action/EsakeStats?mode=2&idchampionship=C1AF5EF5&idseason=00000001,0000000C,00000012,ΠΑΟΚ,9,23,True
2023-24,1EC9A4D8,ΤΣΟΛΑΚΑΚΗΣ Αλέξανδρος,ΕΛΛΑΔΑ,0,0.0,0.0,True,ESAKE country,False,https://www.esake.gr/el/action/EsakeStats?mode=2&idchampionship=C1AF5EF5&idseason=00000001,0000000F,00000015,ΜΑΡΟΥΣΙ,11,23,True
2023-24,DF677BF1,ΤΣΟΥΚΑΣ Θανάσης,ΕΛΛΑΔΑ,10,4.0,40.0,True,ESAKE country,False,https://www.esake.gr/el/action/EsakeStats?mode=2&idchampionship=C1AF5EF5&idseason=00000001,B742845D,1120377507,ΚΑΡΔΙΤΣΑ ΙΑΠΩΝΙΚΗ,10,23,True
2023-24,CD042428,ΤΣΟΥΦΗΣ Δημήτρης,ΕΛΛΑΔΑ,0,0.0,0.0,True,ESAKE country,False,https://www.esake.gr/el/action/EsakeStats?mode=2&idchampionship=C1AF5EF5&idseason=00000001,0000000F,00000015,ΜΑΡΟΥΣΙ,11,23,True
2023-24,9484425D,ΦΑΛ Μουστάφα,ΓΑΛΛΙΑ,16,19.93,318.88,False,ESAKE country,False,https://www.esake.gr/el/action/EsakeStats?mode=2&idchampionship=C1AF5EF5&idseason=00000001,00000002,00000002,ΟΛΥΜΠΙΑΚΟΣ,2,23,False
2023-24,816A4A70,ΦΕΡΓΚΙΟΥΣΟΝ Στέφεν,ΗΠΑ,0,0.0,0.0,False,ESAKE country,False,https://www.esake.gr/el/action/EsakeStats?mode=2&idchampionship=C1AF5EF5&idseason=00000001,00000010,00000016,AEK Betsson,7,23,True
2023-24,27E7BB49,ΦΙΛΙΠΠΑΚΟΣ Παναγιώτης,ΕΛΛΑΔΑ,12,8.17,98.04,True,ESAKE country,False,https://www.esake.gr/el/action/EsakeStats?mode=2&idchampionship=C1AF5EF5&idseason=00000001,00000004,00000004,ΑΠΟΛΛΩΝ Π. CARNA,12,23,True
2023-24,F5C9A62B,ΦΙΛΛΙΟΣ Γιώργος,ΕΛΛΑΔΑ,7,5.29,37.03,True,ESAKE country,False,https://www.esake.gr/el/action/EsakeStats?mode=2&idchampionship=C1AF5EF5&idseason=00000001,00000005,00000005,ΑΡΗΣ Midea,5,23,False
2023-24,B58D1856,ΦΛΑΤΕΝ Σκάιλερ,ΗΠΑ,17,22.84,388.28,False,ESAKE country,False,https://www.esake.gr/el/action/EsakeStats?mode=2&idchampionship=C1AF5EF5&idseason=00000001,0000000C,00000012,ΠΑΟΚ,9,23,True
2023-24,B2A97905,ΦΛΙΩΝΗΣ Δημήτρης,ΕΛΛΑΔΑ,12,14.01,168.12,True,ESAKE country,False,https://www.esake.gr/el/action/EsakeStats?mode=2&idchampionship=C1AF5EF5&idseason=00000001,00000010,00000016,AEK Betsson,7,23,True
2023-24,9B095932,ΦΡΙΝΤΡΙΚΣΟΝ Έλβαρ,ΙΣΛΑΝΔΙΑ,23,31.23,718.29,False,ESAKE country,False,https://www.esake.gr/el/action/EsakeStats?mode=2&idchampionship=C1AF5EF5&idseason=00000001,0000000C,00000012,ΠΑΟΚ,9,23,True
2023-24,92A1D666,ΧΑΛΙΔΗΣ Βίκτωρ,ΕΛΛΑΔΑ,0,0.0,0.0,True,ESAKE country,False,https://www.esake.gr/el/action/EsakeStats?mode=2&idchampionship=C1AF5EF5&idseason=00000001,00000010,00000016,AEK Betsson,7,23,True
2023-24,59DA1CCD,ΧΑΜΙΛΤΟΝ Μπράις,ΗΠΑ,1,41.53,41.53,False,ESAKE country,False,https://www.esake.gr/el/action/EsakeStats?mode=2&idchampionship=C1AF5EF5&idseason=00000001,2A25C696,607118742,ΠΡΟΜΗΘΕΑΣ ΠΑΤΡΑΣ ΒΙΚΟΣ COLA,4,23,False
2023-24,F6449AB4,ΧΑΝΤΣ Τζέιλεν,ΗΠΑ,9,20.76,186.84,False,ESAKE country,False,https://www.esake.gr/el/action/EsakeStats?mode=2&idchampionship=C1AF5EF5&idseason=00000001,0000000D,00000013,ΠΕΡΙΣΤΕΡΙ bwin,3,23,False
2023-24,13E498FF,ΧΑΡΕΛ Ρόνι,ΗΠΑ,22,26.61,585.42,False,ESAKE country,False,https://www.esake.gr/el/action/EsakeStats?mode=2&idchampionship=C1AF5EF5&idseason=00000001,00000005,00000005,ΑΡΗΣ Midea,5,23,False
2023-24,756830BA,ΧΑΡΙΣΟΝ Άντριου,ΗΠΑ,16,28.41,454.56,False,ESAKE country,False,https://www.esake.gr/el/action/EsakeStats?mode=2&idchampionship=C1AF5EF5&idseason=00000001,0000000C,00000012,ΠΑΟΚ,9,23,True
2023-24,A0903FA6,ΧΑΡΝΤΙ Αμάουρι,ΗΠΑ,1,5.05,5.05,False,ESAKE country,False,https://www.esake.gr/el/action/EsakeStats?mode=2&idchampionship=C1AF5EF5&idseason=00000001,0000000F,00000015,ΜΑΡΟΥΣΙ,11,23,True
2023-24,DC12F552,ΧΑΣΕ Φελίπε,ΧΙΛΗ,0,0.0,0.0,False,ESAKE country,False,https://www.esake.gr/el/action/EsakeStats?mode=2&idchampionship=C1AF5EF5&idseason=00000001,0000000F,00000015,ΜΑΡΟΥΣΙ,11,23,True
2023-24,D45D0C59,ΧΑΤΖΗΔΑΚΗΣ Μανόλης,ΕΛΛΑΔΑ,18,9.24,166.32,True,ESAKE country,False,https://www.esake.gr/el/action/EsakeStats?mode=2&idchampionship=C1AF5EF5&idseason=00000001,00000010,00000016,AEK Betsson,7,23,True
2023-24,1B250824,ΧΑΤΖΗΝΙΚΟΛΑΣ Γιάννης,ΕΛΛΑΔΑ,10,6.35,63.5,True,ESAKE country,False,https://www.esake.gr/el/action/EsakeStats?mode=2&idchampionship=C1AF5EF5&idseason=00000001,0000000A,00000010,ΚΟΛΟΣΣΟΣ H HOTELS COLLECTION,6,23,False
2023-24,8E3C230B,ΧΑΤΖΗΠΑΝΤΕΛΗΣ Θεόδωρος,ΕΛΛΑΔΑ,0,0.0,0.0,True,ESAKE country,False,https://www.esake.gr/el/action/EsakeStats?mode=2&idchampionship=C1AF5EF5&idseason=00000001,0000000F,00000015,ΜΑΡΟΥΣΙ,11,23,True
2023-24,33A4154C,ΧΑΤΖΗΣ Δημήτρης,ΕΛΛΑΔΑ,0,0.0,0.0,True,ESAKE country,False,https://www.esake.gr/el/action/EsakeStats?mode=2&idchampionship=C1AF5EF5&idseason=00000001,0000000D,00000013,ΠΕΡΙΣΤΕΡΙ bwin,3,23,False
2023-24,C33BFBFA,ΧΕΪΛ Χάντερ,ΗΠΑ,21,27.74,582.54,False,ESAKE country,False,https://www.esake.gr/el/action/EsakeStats?mode=2&idchampionship=C1AF5EF5&idseason=00000001,2A25C696,607118742,ΠΡΟΜΗΘΕΑΣ ΠΑΤΡΑΣ ΒΙΚΟΣ COLA,4,23,False
2023-24,52D301E8,ΧΕΛΕΜΣ Τζερικόουλ,ΗΠΑ,8,21.0,168.0,False,ESAKE country,False,https://www.esake.gr/el/action/EsakeStats?mode=2&idchampionship=C1AF5EF5&idseason=00000001,F7D46144,37076412,ΛΑΥΡΙΟ DHI,8,23,True
2023-24,EBD85CCA,ΧΙΛ Αχμέντ,ΗΠΑ,21,25.16,528.36,False,ESAKE country,False,https://www.esake.gr/el/action/EsakeStats?mode=2&idchampionship=C1AF5EF5&idseason=00000001,0000000F,00000015,ΜΑΡΟΥΣΙ,11,23,True
2023-24,899F2E06,ΧΟΛ Λάνγκστον,ΗΠΑ,16,17.92,286.72,False,ESAKE country,False,https://www.esake.gr/el/action/EsakeStats?mode=2&idchampionship=C1AF5EF5&idseason=00000001,00000010,00000016,AEK Betsson,7,23,True
2023-24,C8D9243F,ΧΟΛΙΝΣ Όστιν,ΗΠΑ,7,15.01,105.07,False,ESAKE country,False,https://www.esake.gr/el/action/EsakeStats?mode=2&idchampionship=C1AF5EF5&idseason=00000001,00000010,00000016,AEK Betsson,7,23,True
2023-24,34FF7118,ΧΟΡΧΛΕΡ Νόα,ΗΠΑ,12,23.17,278.04,False,ESAKE country,False,https://www.esake.gr/el/action/EsakeStats?mode=2&idchampionship=C1AF5EF5&idseason=00000001,F7D46144,37076412,ΛΑΥΡΙΟ DHI,8,23,True
2023-24,27F22948,ΧΟΥΓΚΑΖ Νίκος,ΕΛΛΑΔΑ,22,16.28,358.16,True,ESAKE country,False,https://www.esake.gr/el/action/EsakeStats?mode=2&idchampionship=C1AF5EF5&idseason=00000001,0000000D,00000013,ΠΕΡΙΣΤΕΡΙ bwin,3,23,False
2023-24,948D3EC2,ΧΡΗΣΤΙΔΗΣ Βασίλης,ΕΛΛΑΔΑ,23,8.76,201.48,True,ESAKE country,False,https://www.esake.gr/el/action/EsakeStats?mode=2&idchampionship=C1AF5EF5&idseason=00000001,B742845D,1120377507,ΚΑΡΔΙΤΣΑ ΙΑΠΩΝΙΚΗ,10,23,True
2023-24,000006BD,ΧΡΥΣΙΚΟΠΟΥΛΟΣ Λίνος,ΕΛΛΑΔΑ,21,12.57,263.97,True,ESAKE country,False,https://www.esake.gr/el/action/EsakeStats?mode=2&idchampionship=C1AF5EF5&idseason=00000001,2A25C696,607118742,ΠΡΟΜΗΘΕΑΣ ΠΑΤΡΑΣ ΒΙΚΟΣ COLA,4,23,False
2024-25,F8A288FB,ΑΒΔΑΛΑΣ Νεοκλής,ΕΛΛΑΔΑ,18,19.16,344.88,True,ESAKE country,False,https://www.esake.gr/el/action/EsakeStats?mode=2&idchampionship=4820C134&idseason=00000001,0000000D,00000013,ΠΕΡΙΣΤΕΡΙ DOMINO'S,9,22,True
2024-25,0DEA13B7,ΑΛΕΝ Κέβον,ΗΠΑ,4,16.4,65.6,False,ESAKE country,False,https://www.esake.gr/el/action/EsakeStats?mode=2&idchampionship=4820C134&idseason=00000001,F7D46144,37076412,ΛΑΥΡΙΟ DHI,10,22,True
2024-25,2C0B2DE8,ΑΛΕΝ Τρέβον,Η.Π.Α.,21,23.91,502.11,False,ESAKE country,False,https://www.esake.gr/el/action/EsakeStats?mode=2&idchampionship=4820C134&idseason=00000001,B742845D,1120377507,ΚΑΡΔΙΤΣΑ ΙΑΠΩΝΙΚΗ,5,22,False
2024-25,DBF0683B,ΑΛΕΞΑΝΔΡΟΠΟΥΛΟΣ Στέφανος,ΕΛΛΑΔΑ,0,0.0,0.0,True,ESAKE country,False,https://www.esake.gr/el/action/EsakeStats?mode=2&idchampionship=4820C134&idseason=00000001,2A25C696,607118742,ΠΡΟΜΗΘΕΑΣ ΠΑΤΡΑΣ ΒΙΚΟΣ COLA,4,22,False
2024-25,C0A84009,ΑΛΙΝ Ναχίμ,ΗΠΑ,0,0.0,0.0,False,ESAKE country,False,https://www.esake.gr/el/action/EsakeStats?mode=2&idchampionship=4820C134&idseason=00000001,00000010,00000016,ΑΕΚ,3,22,False
2024-25,DA93B593,ΑΛΚΙΝΣ Ρόλ,ΗΠΑ,2,4.54,9.08,False,ESAKE country,False,https://www.esake.gr/el/action/EsakeStats?mode=2&idchampionship=4820C134&idseason=00000001,00000005,00000005,ΑΡΗΣ,8,22,True
2024-25,BD12A9AD,ΑΝΤΑΜΣ Τζος,ΗΠΑ,4,18.93,75.72,False,ESAKE country,False,https://www.esake.gr/el/action/EsakeStats?mode=2&idchampionship=4820C134&idseason=00000001,0000000F,00000015,ΜΑΡΟΥΣΙ,12,22,True
2024-25,DF30F505,ΑΝΤΕΤΟΚΟΥΝΜΠΟ Άλεξ - Εμέκα,ΕΛΛΑΔΑ,14,4.53,63.42,True,ESAKE country,False,https://www.esake.gr/el/action/EsakeStats?mode=2&idchampionship=4820C134&idseason=00000001,0000000C,00000012,ΠΑΟΚ,6,22,False
2024-25,0CB6EC08,ΑΝΤΕΤΟΚΟΥΝΜΠΟ Κώστας,ΕΛΛΑΔΑ,7,8.94,62.58,True,ESAKE country,False,https://www.esake.gr/el/action/EsakeStats?mode=2&idchampionship=4820C134&idseason=00000001,00000001,00000001,ΠΑΝΑΘΗΝΑΪΚΟΣ AKTOR,1,22,False
2024-25,F68045AF,ΑΠΣΟΝ Ντεβόντε,ΗΠΑ,22,21.0,462.0,False,ESAKE country,False,https://www.esake.gr/el/action/EsakeStats?mode=2&idchampionship=4820C134&idseason=00000001,0000000C,00000012,ΠΑΟΚ,6,22,False
2024-25,698E6BD5,ΑΣΩΝΙΤΗΣ Ευάγγελος,ΕΛΛΑΔΑ,0,0.0,0.0,True,ESAKE country,False,https://www.esake.gr/el/action/EsakeStats?mode=2&idchampionship=4820C134&idseason=00000001,0000000D,00000013,ΠΕΡΙΣΤΕΡΙ DOMINO'S,9,22,True
2024-25,40DD12BE,ΒΑΖΟΥΚΗΣ Γιάννης,ΕΛΛΑΔΑ,1,2.52,2.52,True,ESAKE country,False,https://www.esake.gr/el/action/EsakeStats?mode=2&idchampionship=4820C134&idseason=00000001,F7D46144,37076412,ΛΑΥΡΙΟ DHI,10,22,True
2024-25,55BB6030,ΒΑΝ ΒΛΙΤ Άντι,ΒΕΛΓΙΟ,5,16.42,82.1,False,ESAKE country,False,https://www.esake.gr/el/action/EsakeStats?mode=2&idchampionship=4820C134&idseason=00000001,0000000F,00000015,ΜΑΡΟΥΣΙ,12,22,True
2024-25,40618341,ΒΑΣΙΛΕΙΟΥ Νίκος,ΕΛΛΑΔΑ,0,0.0,0.0,True,ESAKE country,False,https://www.esake.gr/el/action/EsakeStats?mode=2&idchampionship=4820C134&idseason=00000001,2A25C696,607118742,ΠΡΟΜΗΘΕΑΣ ΠΑΤΡΑΣ ΒΙΚΟΣ COLA,4,22,False
2024-25,00000069,ΒΕΖΕΝΚΟΦ Αλέξανδρος,ΚΥΠΡΟΣ,20,24.45,489.0,False,ESAKE country,False,https://www.esake.gr/el/action/EsakeStats?mode=2&idchampionship=4820C134&idseason=00000001,00000002,00000002,ΟΛΥΜΠΙΑΚΟΣ,2,22,False
2024-25,BF818CF8,ΒΕΡΝΑΝΤΟ Τζόρντον,ΗΠΑ,20,28.96,579.2,False,ESAKE country,False,https://www.esake.gr/el/action/EsakeStats?mode=2&idchampionship=4820C134&idseason=00000001,2A25C696,607118742,ΠΡΟΜΗΘΕΑΣ ΠΑΤΡΑΣ ΒΙΚΟΣ COLA,4,22,False
2024-25,542556D0,ΒΗΣΣΑΡΙΟΥ Τηλέμαχος,ΕΛΛΑΔΑ,13,8.2,106.6,True,ESAKE country,False,https://www.esake.gr/el/action/EsakeStats?mode=2&idchampionship=4820C134&idseason=00000001,00000005,00000005,ΑΡΗΣ,8,22,True
2024-25,6781D158,ΒΙΛΝΤΟΖΑ Λούκα,ΙΤΑΛΙΑ,17,17.79,302.43,False,ESAKE country,False,https://www.esake.gr/el/action/EsakeStats?mode=2&idchampionship=4820C134&idseason=00000001,00000002,00000002,ΟΛΥΜΠΙΑΚΟΣ,2,22,False
2024-25,5BEE0C80,ΒΙΤΩΡΑΚΗΣ Βασίλης,ΕΛΛΑΔΑ,0,0.0,0.0,True,ESAKE country,False,https://www.esake.gr/el/action/EsakeStats?mode=2&idchampionship=4820C134&idseason=00000001,2A25C696,607118742,ΠΡΟΜΗΘΕΑΣ ΠΑΤΡΑΣ ΒΙΚΟΣ COLA,4,22,False
2024-25,F06E1579,ΒΟΝ Ρασάντ,ΗΠΑ,22,25.22,554.84,False,ESAKE country,False,https://www.esake.gr/el/action/EsakeStats?mode=2&idchampionship=4820C134&idseason=00000001,F7D46144,37076412,ΛΑΥΡΙΟ DHI,10,22,True
2024-25,68682190,ΓΕΩΡΓΑΣ Χρήστος,ΕΛΛΑΔΑ,0,0.0,0.0,True,ESAKE country,False,https://www.esake.gr/el/action/EsakeStats?mode=2&idchampionship=4820C134&idseason=00000001,00000001,00000001,ΠΑΝΑΘΗΝΑΪΚΟΣ AKTOR,1,22,False
2024-25,14FD1B32,ΓΙΑΚΑΪ Παύλος,ΕΛΛΑΔΑ,1,1.9,1.9,True,ESAKE country,False,https://www.esake.gr/el/action/EsakeStats?mode=2&idchampionship=4820C134&idseason=00000001,0000000A,00000010,ΚΟΛΟΣΣΟΣ H HOTELS COLLECTION,11,22,True
2024-25,0000009B,ΓΙΑΝΚΟΒΙΤΣ Βλαδίμηρος,ΕΛΛΑΔΑ,9,12.34,111.06,True,ESAKE country,False,https://www.esake.gr/el/action/EsakeStats?mode=2&idchampionship=4820C134&idseason=00000001,0000000D,00000013,ΠΕΡΙΣΤΕΡΙ DOMINO'S,9,22,True
2024-25,3BCD4C4A,ΓΙΑΝΝΑΤΟΣ Ευάγγελος,ΕΛΛΑΔΑ,0,0.0,0.0,True,ESAKE country,False,https://www.esake.gr/el/action/EsakeStats?mode=2&idchampionship=4820C134&idseason=00000001,0000000C,00000012,ΠΑΟΚ,6,22,False
2024-25,000000A4,ΓΙΑΝΝΟΠΟΥΛΟΣ Χάρης,ΕΛΛΑΔΑ,22,14.61,321.42,True,ESAKE country,False,https://www.esake.gr/el/action/EsakeStats?mode=2&idchampionship=4820C134&idseason=00000001,0000000F,00000015,ΜΑΡΟΥΣΙ,12,22,True
2024-25,6B0BDE16,ΓΙΟΥΡΤΣΕΒΕΝ Ομέρ,ΤΟΥΡΚΙΑ,10,22.67,226.7,False,ESAKE country,False,https://www.esake.gr/el/action/EsakeStats?mode=2&idchampionship=4820C134&idseason=00000001,00000001,00000001,ΠΑΝΑΘΗΝΑΪΚΟΣ AKTOR,1,22,False
2024-25,6DC2622D,ΓΚΑΚ Γκόρτζοκ,ΑΥΣΤΡΑΛΙΑ,1,2.85,2.85,False,ESAKE country,False,https://www.esake.gr/el/action/EsakeStats?mode=2&idchampionship=4820C134&idseason=00000001,0000000D,00000013,ΠΕΡΙΣΤΕΡΙ DOMINO'S,9,22,True
2024-25,139F0EBB,ΓΚΑΛΒΑΝΙΝΙ Γκάμπριελ,ΒΡΑΖΙΛΙΑ,16,20.05,320.8,False,ESAKE country,False,https://www.esake.gr/el/action/EsakeStats?mode=2&idchampionship=4820C134&idseason=00000001,0000000A,00000010,ΚΟΛΟΣΣΟΣ H HOTELS COLLECTION,11,22,True
2024-25,F2C4F5E2,ΓΚΑΟΥΝΤΛΟΚ Άντριου,ΗΠΑ,21,29.51,619.71,False,ESAKE country,False,https://www.esake.gr/el/action/EsakeStats?mode=2&idchampionship=4820C134&idseason=00000001,0000000A,00000010,ΚΟΛΟΣΣΟΣ H HOTELS COLLECTION,11,22,True
2024-25,AA38A9DC,ΓΚΕΪΜΠΡΙΕΛ Γουένιεν,ΗΠΑ,9,20.72,186.48,False,ESAKE country,False,https://www.esake.gr/el/action/EsakeStats?mode=2&idchampionship=4820C134&idseason=00000001,00000001,00000001,ΠΑΝΑΘΗΝΑΪΚΟΣ AKTOR,1,22,False
2024-25,CC57C559,ΓΚΙΚΑΣ Νίκος,ΕΛΛΑΔΑ,22,17.24,379.28,True,ESAKE country,False,https://www.esake.gr/el/action/EsakeStats?mode=2&idchampionship=4820C134&idseason=00000001,00000003,00000003,ΠΑΝΙΩΝΙΟΣ COSMORAMA TRAVEL,7,22,True
2024-25,E223062A,ΓΚΙΟΥΖΕΛΗΣ Γιώργος,ΕΛΛΑΔΑ,18,13.07,235.26,True,ESAKE country,False,https://www.esake.gr/el/action/EsakeStats?mode=2&idchampionship=4820C134&idseason=00000001,00000005,00000005,ΑΡΗΣ,8,22,True
2024-25,91A60582,ΓΚΟΛΝΤΕΝ Γκράντ,ΗΠΑ,22,19.87,437.14,False,ESAKE country,False,https://www.esake.gr/el/action/EsakeStats?mode=2&idchampionship=4820C134&idseason=00000001,00000010,00000016,ΑΕΚ,3,22,False
2024-25,230354E1,ΓΚΟΥΜΑΣ Άγγελος,ΕΛΛΑΔΑ,0,0.0,0.0,True,ESAKE country,False,https://www.esake.gr/el/action/EsakeStats?mode=2&idchampionship=4820C134&idseason=00000001,2A25C696,607118742,ΠΡΟΜΗΘΕΑΣ ΠΑΤΡΑΣ ΒΙΚΟΣ COLA,4,22,False
2024-25,FFF395A0,ΓΚΟΥΝΤΓΟΥΙΝ Τσέβεζ,ΗΠΑ,4,19.48,77.92,False,ESAKE country,False,https://www.esake.gr/el/action/EsakeStats?mode=2&idchampionship=4820C134&idseason=00000001,0000000A,00000010,ΚΟΛΟΣΣΟΣ H HOTELS COLLECTION,11,22,True
2024-25,7D3E4D77,ΓΚΡΑΝΤ Τζέριαν,ΗΠΑ,18,22.61,406.98,False,ESAKE country,False,https://www.esake.gr/el/action/EsakeStats?mode=2&idchampionship=4820C134&idseason=00000001,00000001,00000001,ΠΑΝΑΘΗΝΑΪΚΟΣ AKTOR,1,22,False
2024-25,3183C90C,ΓΚΡΑΝΤΙΣΟΝ Τζέικομπ,ΦΙΝΛΑΝΔΙΑ,0,0.0,0.0,False,ESAKE country,False,https://www.esake.gr/el/action/EsakeStats?mode=2&idchampionship=4820C134&idseason=00000001,0000000C,00000012,ΠΑΟΚ,6,22,False
2024-25,FD013EDA,ΓΚΡΕΙ ΡαϊΚουάν,ΗΠΑ,20,24.11,482.2,False,ESAKE country,False,https://www.esake.gr/el/action/EsakeStats?mode=2&idchampionship=4820C134&idseason=00000001,00000010,00000016,ΑΕΚ,3,22,False
2024-25,DC12D2F3,ΓΚΡΙΓΚΟΝΙΣ Μάριους,ΛΙΘΟΥΑΝΙΑ,2,25.85,51.7,False,ESAKE country,False,https://www.esake.gr/el/action/EsakeStats?mode=2&idchampionship=4820C134&idseason=00000001,00000001,00000001,ΠΑΝΑΘΗΝΑΪΚΟΣ AKTOR,1,22,False
2024-25,0949B704,ΓΚΡΙΦΙΝ Σαμ,ΗΠΑ,20,23.52,470.4,False,ESAKE country,False,https://www.esake.gr/el/action/EsakeStats?mode=2&idchampionship=4820C134&idseason=00000001,F7D46144,37076412,ΛΑΥΡΙΟ DHI,10,22,True
2024-25,E02706AA,ΓΟΝΤΙΚΑΣ Κωνσταντίνος,ΕΛΛΑΔΑ,11,16.28,179.08,True,ESAKE country,False,https://www.esake.gr/el/action/EsakeStats?mode=2&idchampionship=4820C134&idseason=00000001,F7D46144,37076412,ΛΑΥΡΙΟ DHI,10,22,True
2024-25,7214B609,ΓΟΥΑΧΑΜΠ Κούντους,ΝΙΓΗΡΙΑ,22,24.54,539.88,False,ESAKE country,False,https://www.esake.gr/el/action/EsakeStats?mode=2&idchampionship=4820C134&idseason=00000001,F7D46144,37076412,ΛΑΥΡΙΟ DHI,10,22,True
2024-25,694251BC,ΓΟΥΕΛΣ Σαχάντα,ΗΠΑ,14,16.89,236.46,False,ESAKE country,False,https://www.esake.gr/el/action/EsakeStats?mode=2&idchampionship=4820C134&idseason=00000001,B742845D,1120377507,ΚΑΡΔΙΤΣΑ ΙΑΠΩΝΙΚΗ,5,22,False
2024-25,EC835FC9,ΓΟΥΙΛΙΑΜΣ - ΓΚΟΣ Νάιτζελ,ΗΠΑ,15,19.3,289.5,False,ESAKE country,False,https://www.esake.gr/el/action/EsakeStats?mode=2&idchampionship=4820C134&idseason=00000001,00000002,00000002,ΟΛΥΜΠΙΑΚΟΣ,2,22,False
2024-25,A00EC159,ΓΟΥΙΛΙΣ Ντάρλεν,ΗΠΑ,10,26.98,269.8,False,ESAKE country,False,https://www.esake.gr/el/action/EsakeStats?mode=2&idchampionship=4820C134&idseason=00000001,00000005,00000005,ΑΡΗΣ,8,22,True
2024-25,FC6A957C,ΓΟΥΛΡΙΤΖ Ράιαν,ΗΠΑ,22,21.61,475.42,False,ESAKE country,False,https://www.esake.gr/el/action/EsakeStats?mode=2&idchampionship=4820C134&idseason=00000001,00000003,00000003,ΠΑΝΙΩΝΙΟΣ COSMORAMA TRAVEL,7,22,True
2024-25,1FAB5026,ΓΟΥΝΤΜΠΕΡΙ Τρέϊ,ΗΠΑ,17,28.37,482.29,False,ESAKE country,False,https://www.esake.gr/el/action/EsakeStats?mode=2&idchampionship=4820C134&idseason=00000001,00000005,00000005,ΑΡΗΣ,8,22,True
2024-25,6C630C6A,ΓΟΥΟΚΑΠ Τόμας,ΕΛΛΑΔΑ,13,22.07,286.91,True,ESAKE country,False,https://www.esake.gr/el/action/EsakeStats?mode=2&idchampionship=4820C134&idseason=00000001,00000002,00000002,ΟΛΥΜΠΙΑΚΟΣ,2,22,False
2024-25,6E2AFDA4,ΓΟΥΟΚΕΡ Τζόρνταν,ΗΠΑ,14,27.75,388.5,False,ESAKE country,False,https://www.esake.gr/el/action/EsakeStats?mode=2&idchampionship=4820C134&idseason=00000001,2A25C696,607118742,ΠΡΟΜΗΘΕΑΣ ΠΑΤΡΑΣ ΒΙΚΟΣ COLA,4,22,False
2024-25,88A8B311,ΓΟΥΟΤΣΟΝ Νέιτ,ΗΠΑ,14,25.12,351.68,False,ESAKE country,False,https://www.esake.gr/el/action/EsakeStats?mode=2&idchampionship=4820C134&idseason=00000001,B742845D,1120377507,ΚΑΡΔΙΤΣΑ ΙΑΠΩΝΙΚΗ,5,22,False
2024-25,2A1E5307,ΔΕΝΔΗΣ Ανδρέας,ΕΛΛΑΔΑ,0,0.0,0.0,True,ESAKE country,False,https://www.esake.gr/el/action/EsakeStats?mode=2&idchampionship=4820C134&idseason=00000001,2A25C696,607118742,ΠΡΟΜΗΘΕΑΣ ΠΑΤΡΑΣ ΒΙΚΟΣ COLA,4,22,False
2024-25,FAF273F8,ΔΗΜΗΤΡΑΚΟΠΟΥΛΟΣ Ιάσωνας,ΕΛΛΑΔΑ,4,3.78,15.12,True,ESAKE country,False,https://www.esake.gr/el/action/EsakeStats?mode=2&idchampionship=4820C134&idseason=00000001,00000003,00000003,ΠΑΝΙΩΝΙΟΣ COSMORAMA TRAVEL,7,22,True
2024-25,647ACEAC,ΔΙΠΛΑΡΟΣ Νίκος,ΕΛΛΑΔΑ,22,25.05,551.1,True,ESAKE country,False,https://www.esake.gr/el/action/EsakeStats?mode=2&idchampionship=4820C134&idseason=00000001,B742845D,1120377507,ΚΑΡΔΙΤΣΑ ΙΑΠΩΝΙΚΗ,5,22,False
2024-25,A526A086,ΕΝΤΙ Τζάρελ,ΗΠΑ,22,28.03,616.66,False,ESAKE country,False,https://www.esake.gr/el/action/EsakeStats?mode=2&idchampionship=4820C134&idseason=00000001,0000000D,00000013,ΠΕΡΙΣΤΕΡΙ DOMINO'S,9,22,True
2024-25,4A30A4F1,ΕΡΝΑΝΓΚΟΜΕΘ Χουάντσο,ΙΣΠΑΝΙΑ,18,21.12,380.16,False,ESAKE country,False,https://www.esake.gr/el/action/EsakeStats?mode=2&idchampionship=4820C134&idseason=00000001,00000001,00000001,ΠΑΝΑΘΗΝΑΪΚΟΣ AKTOR,1,22,False
2024-25,4AE48ED4,ΕΡΝΑΝΤΕΖ Ντεούαν,ΗΠΑ,5,10.49,52.45,False,ESAKE country,False,https://www.esake.gr/el/action/EsakeStats?mode=2&idchampionship=4820C134&idseason=00000001,2A25C696,607118742,ΠΡΟΜΗΘΕΑΣ ΠΑΤΡΑΣ ΒΙΚΟΣ COLA,4,22,False
2024-25,40CD16FC,ΖΑΝ-ΛΟΥΙ Μπέρικ,ΗΠΑ,1,1.02,1.02,False,ESAKE country,False,https://www.esake.gr/el/action/EsakeStats?mode=2&idchampionship=4820C134&idseason=00000001,0000000D,00000013,ΠΕΡΙΣΤΕΡΙ DOMINO'S,9,22,True
2024-25,00000140,ΖΑΡΑΣ Θοδωρής,ΕΛΛΑΔΑ,13,11.37,147.81,True,ESAKE country,False,https://www.esake.gr/el/action/EsakeStats?mode=2&idchampionship=4820C134&idseason=00000001,F7D46144,37076412,ΛΑΥΡΙΟ DHI,10,22,True
2024-25,CB903EBB,ΖΟΥΓΡΗΣ Βαγγέλης,ΕΛΛΑΔΑ,18,16.1,289.8,True,ESAKE country,False,https://www.esake.gr/el/action/EsakeStats?mode=2&idchampionship=4820C134&idseason=00000001,0000000D,00000013,ΠΕΡΙΣΤΕΡΙ DOMINO'S,9,22,True
2024-25,0C71621C,ΘΟΡΝΤΟΝ Μάρκους,ΗΠΑ,3,22.28,66.84,False,ESAKE country,False,https://www.esake.gr/el/action/EsakeStats?mode=2&idchampionship=4820C134&idseason=00000001,F7D46144,37076412,ΛΑΥΡΙΟ DHI,10,22,True
2024-25,786D1826,ΘΩΜΑΚΟΣ Αλέξανδρος,ΕΛΛΑΔΑ,0,0.0,0.0,True,ESAKE country,False,https://www.esake.gr/el/action/EsakeStats?mode=2&idchampionship=4820C134&idseason=00000001,0000000D,00000013,ΠΕΡΙΣΤΕΡΙ DOMINO'S,9,22,True
2024-25,77C8FCA5,ΙΑΤΡΙΔΗΣ Κωνσταντίνος,ΕΛΛΑΔΑ,13,5.22,67.86,True,ESAKE country,False,https://www.esake.gr/el/action/EsakeStats?mode=2&idchampionship=4820C134&idseason=00000001,0000000C,00000012,ΠΑΟΚ,6,22,False
2024-25,52E19D5D,ΙΒΟΥΝΤΟΥ Γουές,ΗΠΑ,21,29.07,610.47,False,ESAKE country,False,https://www.esake.gr/el/action/EsakeStats?mode=2&idchampionship=4820C134&idseason=00000001,2A25C696,607118742,ΠΡΟΜΗΘΕΑΣ ΠΑΤΡΑΣ ΒΙΚΟΣ COLA,4,22,False
2024-25,5FF950F2,ΙΟΡΔΑΝΟΥ Χρήστος,ΕΛΛΑΔΑ,8,3.08,24.64,True,ESAKE country,False,https://www.esake.gr/el/action/EsakeStats?mode=2&idchampionship=4820C134&idseason=00000001,0000000F,00000015,ΜΑΡΟΥΣΙ,12,22,True
2024-25,0E4A65B2,ΙΩΑΝΝΟΥ Βασίλης,ΕΛΛΑΔΑ,1,1.43,1.43,True,ESAKE country,False,https://www.esake.gr/el/action/EsakeStats?mode=2&idchampionship=4820C134&idseason=00000001,00000010,00000016,ΑΕΚ,3,22,False
2024-25,128F4556,ΚΑΖΑΜΙΑΣ Βασίλης,ΕΛΛΑΔΑ,3,7.35,22.05,True,ESAKE country,False,https://www.esake.gr/el/action/EsakeStats?mode=2&idchampionship=4820C134&idseason=00000001,00000005,00000005,ΑΡΗΣ,8,22,True
2024-25,16AE30FC,ΚΑΚΛΑΜΑΝΑΚΗΣ Δημήτρης,ΕΛΛΑΔΑ,22,13.65,300.3,True,ESAKE country,False,https://www.esake.gr/el/action/EsakeStats?mode=2&idchampionship=4820C134&idseason=00000001,00000003,00000003,ΠΑΝΙΩΝΙΟΣ COSMORAMA TRAVEL,7,22,True
2024-25,9E3DB04D,ΚΑΛΑΪΤΖΑΚΗΣ Παναγιώτης,ΕΛΛΑΔΑ,21,18.1,380.1,True,ESAKE country,False,https://www.esake.gr/el/action/EsakeStats?mode=2&idchampionship=4820C134&idseason=00000001,00000001,00000001,ΠΑΝΑΘΗΝΑΪΚΟΣ AKTOR,1,22,False
2024-25,31BEF493,ΚΑΛΗΜΕΡΗΣ Ηλίας,ΕΛΛΑΔΑ,0,0.0,0.0,True,ESAKE country,False,https://www.esake.gr/el/action/EsakeStats?mode=2&idchampionship=4820C134&idseason=00000001,2A25C696,607118742,ΠΡΟΜΗΘΕΑΣ ΠΑΤΡΑΣ ΒΙΚΟΣ COLA,4,22,False
2024-25,3F8AE0E4,ΚΑΜΑΡΙΑΝΟΣ Νικόλαος,ΕΛΛΑΔΑ,0,0.0,0.0,True,ESAKE country,False,https://www.esake.gr/el/action/EsakeStats?mode=2&idchampionship=4820C134&idseason=00000001,0000000A,00000010,ΚΟΛΟΣΣΟΣ H HOTELS COLLECTION,11,22,True
2024-25,770B594B,ΚΑΜΠΕΡΙΔΗΣ Αλέξης,ΕΛΛΑΔΑ,1,2.75,2.75,True,ESAKE country,False,https://www.esake.gr/el/action/EsakeStats?mode=2&idchampionship=4820C134&idseason=00000001,B742845D,1120377507,ΚΑΡΔΙΤΣΑ ΙΑΠΩΝΙΚΗ,5,22,False
2024-25,5099E231,ΚΑΜΠΕΡΙΔΗΣ Γιώργος,ΕΛΛΑΔΑ,22,18.88,415.36,True,ESAKE country,False,https://www.esake.gr/el/action/EsakeStats?mode=2&idchampionship=4820C134&idseason=00000001,B742845D,1120377507,ΚΑΡΔΙΤΣΑ ΙΑΠΩΝΙΚΗ,5,22,False
2024-25,63F9CEF0,ΚΑΝΑΝΤΙ Ντέβιν,ΗΠΑ,19,24.86,472.34,False,ESAKE country,False,https://www.esake.gr/el/action/EsakeStats?mode=2&idchampionship=4820C134&idseason=00000001,00000003,00000003,ΠΑΝΙΩΝΙΟΣ COSMORAMA TRAVEL,7,22,True
2024-25,93419A43,ΚΑΠΕΤΑΚΗΣ Ευδόξιος,ΕΛΛΑΔΑ,7,2.59,18.13,True,ESAKE country,False,https://www.esake.gr/el/action/EsakeStats?mode=2&idchampionship=4820C134&idseason=00000001,B742845D,1120377507,ΚΑΡΔΙΤΣΑ ΙΑΠΩΝΙΚΗ,5,22,False
2024-25,B6E886A3,ΚΑΡΑΓΙΑΝΝΗΣ Μιχάλης,ΕΛΛΑΔΑ,0,0.0,0.0,True,ESAKE country,False,https://www.esake.gr/el/action/EsakeStats?mode=2&idchampionship=4820C134&idseason=00000001,00000010,00000016,ΑΕΚ,3,22,False
2024-25,9B0B82A0,ΚΑΡΑΓΙΑΝΝΙΔΗΣ Αντώνης,ΕΛΛΑΔΑ,18,22.6,406.8,True,ESAKE country,False,https://www.esake.gr/el/action/EsakeStats?mode=2&idchampionship=4820C134&idseason=00000001,2A25C696,607118742,ΠΡΟΜΗΘΕΑΣ ΠΑΤΡΑΣ ΒΙΚΟΣ COLA,4,22,False
2024-25,3AEA7ED4,ΚΑΡΑΓΚΟΥΤΗΣ Ιάσωνας,ΕΛΛΑΔΑ,0,0.0,0.0,True,ESAKE country,False,https://www.esake.gr/el/action/EsakeStats?mode=2&idchampionship=4820C134&idseason=00000001,00000001,00000001,ΠΑΝΑΘΗΝΑΪΚΟΣ AKTOR,1,22,False
2024-25,72583873,ΚΑΡΑΘΑΝΑΣΗΣ Βλάσιος,ΕΛΛΑΔΑ,0,0.0,0.0,True,ESAKE country,False,https://www.esake.gr/el/action/EsakeStats?mode=2&idchampionship=4820C134&idseason=00000001,0000000D,00000013,ΠΕΡΙΣΤΕΡΙ DOMINO'S,9,22,True
2024-25,7C1A27F6,ΚΑΡΑΚΑΞΗΣ Ηλίας,ΕΛΛΑΔΑ,0,0.0,0.0,True,ESAKE country,False,https://www.esake.gr/el/action/EsakeStats?mode=2&idchampionship=4820C134&idseason=00000001,2A25C696,607118742,ΠΡΟΜΗΘΕΑΣ ΠΑΤΡΑΣ ΒΙΚΟΣ COLA,4,22,False
2024-25,A1D217D1,ΚΑΡΑΚΩΣΤΑΣ Γιάννης,ΕΛΛΑΔΑ,15,7.37,110.55,True,ESAKE country,False,https://www.esake.gr/el/action/EsakeStats?mode=2&idchampionship=4820C134&idseason=00000001,0000000F,00000015,ΜΑΡΟΥΣΙ,12,22,True
2024-25,E5FBB3BF,ΚΑΡΑΜΟΥΖΗΣ Μάξιμος,ΕΛΛΑΔΑ,0,0.0,0.0,True,ESAKE country,False,https://www.esake.gr/el/action/EsakeStats?mode=2&idchampionship=4820C134&idseason=00000001,00000001,00000001,ΠΑΝΑΘΗΝΑΪΚΟΣ AKTOR,1,22,False
2024-25,B91AE9D3,ΚΑΡΑΜΠΕΛΑΣ Ζώης,ΕΛΛΑΔΑ,18,7.3,131.4,True,ESAKE country,False,https://www.esake.gr/el/action/EsakeStats?mode=2&idchampionship=4820C134&idseason=00000001,00000010,00000016,ΑΕΚ,3,22,False
2024-25,67B12642,ΚΑΡΜΠΕΡΙ Τόμπιν,ΗΠΑ,17,20.37,346.29,False,ESAKE country,False,https://www.esake.gr/el/action/EsakeStats?mode=2&idchampionship=4820C134&idseason=00000001,0000000D,00000013,ΠΕΡΙΣΤΕΡΙ DOMINO'S,9,22,True
2024-25,000001AD,ΚΑΣΕΛΑΚΗΣ Λεωνίδας,ΕΛΛΑΔΑ,18,24.03,432.54,True,ESAKE country,False,https://www.esake.gr/el/action/EsakeStats?mode=2&idchampionship=4820C134&idseason=00000001,B742845D,1120377507,ΚΑΡΔΙΤΣΑ ΙΑΠΩΝΙΚΗ,5,22,False
2024-25,000001BC,ΚΑΤΣΙΒΕΛΗΣ Δημήτρης,ΕΛΛΑΔΑ,19,23.73,450.87,True,ESAKE country,False,https://www.esake.gr/el/action/EsakeStats?mode=2&idchampionship=4820C134&idseason=00000001,0000000C,00000012,ΠΑΟΚ,6,22,False
2024-25,3D2366A9,ΚΑΤΣΙΓΙΑΝΝΗΣ Μιχάλης,ΕΛΛΑΔΑ,0,0.0,0.0,True,ESAKE country,False,https://www.esake.gr/el/action/EsakeStats?mode=2&idchampionship=4820C134&idseason=00000001,2A25C696,607118742,ΠΡΟΜΗΘΕΑΣ ΠΑΤΡΑΣ ΒΙΚΟΣ COLA,4,22,False
2024-25,514FA5E4,ΚΙΝ Μάρκους,ΗΠΑ,16,26.82,429.12,False,ESAKE country,False,https://www.esake.gr/el/action/EsakeStats?mode=2&idchampionship=4820C134&idseason=00000001,0000000F,00000015,ΜΑΡΟΥΣΙ,12,22,True
2024-25,5330373D,ΚΟΛΟΒΕΡΟΣ Ιωσήφ,ΕΛΛΑΔΑ,21,12.57,263.97,True,ESAKE country,False,https://www.esake.gr/el/action/EsakeStats?mode=2&idchampionship=4820C134&idseason=00000001,0000000A,00000010,ΚΟΛΟΣΣΟΣ H HOTELS COLLECTION,11,22,True
2024-25,CF580EB7,ΚΟΝΙΑΡΗΣ Αντώνης,ΕΛΛΑΔΑ,17,22.24,378.08,True,ESAKE country,False,https://www.esake.gr/el/action/EsakeStats?mode=2&idchampionship=4820C134&idseason=00000001,F7D46144,37076412,ΛΑΥΡΙΟ DHI,10,22,True
2024-25,4C0E5F4B,ΚΟΥΖΕΛΟΓΛΟΥ Γιάννης,ΕΛΛΑΔΑ,20,14.82,296.4,True,ESAKE country,False,https://www.esake.gr/el/action/EsakeStats?mode=2&idchampionship=4820C134&idseason=00000001,00000010,00000016,ΑΕΚ,3,22,False
2024-25,2A79ECAD,ΚΟΥΖΜΙΝΣΚΑΣ Μιντάουγκας,ΛΙΘΟΥΑΝΙΑ,20,23.82,476.4,False,ESAKE country,False,https://www.esake.gr/el/action/EsakeStats?mode=2&idchampionship=4820C134&idseason=00000001,00000010,00000016,ΑΕΚ,3,22,False
2024-25,B4466CDD,ΚΟΥΠΕΡ Σαρίφ,ΗΠΑ,15,26.64,399.6,False,ESAKE country,False,https://www.esake.gr/el/action/EsakeStats?mode=2&idchampionship=4820C134&idseason=00000001,00000005,00000005,ΑΡΗΣ,8,22,True
2024-25,3370ED0C,ΚΟΥΡΕΠΗΣ Ηλίας,ΕΛΛΑΔΑ,0,0.0,0.0,True,ESAKE country,False,https://www.esake.gr/el/action/EsakeStats?mode=2&idchampionship=4820C134&idseason=00000001,B742845D,1120377507,ΚΑΡΔΙΤΣΑ ΙΑΠΩΝΙΚΗ,5,22,False
2024-25,21C5ED0D,ΚΟΥΡΟΥΠΑΚΗΣ Περικλής,ΕΛΛΑΔΑ,12,4.14,49.68,True,ESAKE country,False,https://www.esake.gr/el/action/EsakeStats?mode=2&idchampionship=4820C134&idseason=00000001,0000000A,00000010,ΚΟΛΟΣΣΟΣ H HOTELS COLLECTION,11,22,True
2024-25,DA64573D,ΚΟΦI Κρις,ΗΠΑ,22,29.72,653.84,False,ESAKE country,False,https://www.esake.gr/el/action/EsakeStats?mode=2&idchampionship=4820C134&idseason=00000001,0000000D,00000013,ΠΕΡΙΣΤΕΡΙ DOMINO'S,9,22,True
2024-25,14A01952,ΚΡΟΥΖΕΡ Τζάκσον,ΗΠΑ,22,26.63,585.86,False,ESAKE country,False,https://www.esake.gr/el/action/EsakeStats?mode=2&idchampionship=4820C134&idseason=00000001,0000000C,00000012,ΠΑΟΚ,6,22,False
2024-25,E02500D8,ΚΩΝΣΤΑΝΤΙΝΙΔΗΣ Αγγελος,ΕΛΛΑΔΑ,0,0.0,0.0,True,ESAKE country,False,https://www.esake.gr/el/action/EsakeStats?mode=2&idchampionship=4820C134&idseason=00000001,00000001,00000001,ΠΑΝΑΘΗΝΑΪΚΟΣ AKTOR,1,22,False
2024-25,97F0888E,ΛΑΓΙΟΣ Αγγελος,ΕΛΛΑΔΑ,10,7.79,77.9,True,ESAKE country,False,https://www.esake.gr/el/action/EsakeStats?mode=2&idchampionship=4820C134&idseason=00000001,2A25C696,607118742,ΠΡΟΜΗΘΕΑΣ ΠΑΤΡΑΣ ΒΙΚΟΣ COLA,4,22,False
2024-25,8DD008E0,ΛΑΖΕΦΣΚΙ Νέιτ,ΗΠΑ,11,22.83,251.13,False,ESAKE country,False,https://www.esake.gr/el/action/EsakeStats?mode=2&idchampionship=4820C134&idseason=00000001,00000005,00000005,ΑΡΗΣ,8,22,True
2024-25,00000245,ΛΑΡΕΝΤΖΑΚΗΣ Γιαννούλης,ΕΛΛΑΔΑ,20,16.69,333.8,True,ESAKE country,False,https://www.esake.gr/el/action/EsakeStats?mode=2&idchampionship=4820C134&idseason=00000001,00000002,00000002,ΟΛΥΜΠΙΑΚΟΣ,2,22,False
2024-25,915AFB05,ΛΑΤΖΕΒΑΪΝ Σίριλ,ΗΠΑ,22,23.83,524.26,False,ESAKE country,False,https://www.esake.gr/el/action/EsakeStats?mode=2&idchampionship=4820C134&idseason=00000001,0000000F,00000015,ΜΑΡΟΥΣΙ,12,22,True
2024-25,E625EBD8,ΛΕΣΟΡ Ματίας,ΓΑΛΛΙΑ,9,17.65,158.85,False,ESAKE country,False,https://www.esake.gr/el/action/EsakeStats?mode=2&idchampionship=4820C134&idseason=00000001,00000001,00000001,ΠΑΝΑΘΗΝΑΪΚΟΣ AKTOR,1,22,False
2024-25,8CE2CC3B,ΛΕΦΑΣ Παναγιώτης,ΕΛΛΑΔΑ,2,1.18,2.36,True,ESAKE country,False,https://www.esake.gr/el/action/EsakeStats?mode=2&idchampionship=4820C134&idseason=00000001,0000000C,00000012,ΠΑΟΚ,6,22,False
2024-25,5A8A8DFC,ΛΙΟΥΪΣ Μάθιου,ΗΠΑ,22,26.02,572.44,False,ESAKE country,False,https://www.esake.gr/el/action/EsakeStats?mode=2&idchampionship=4820C134&idseason=00000001,B742845D,1120377507,ΚΑΡΔΙΤΣΑ ΙΑΠΩΝΙΚΗ,5,22,False
2024-25,8FAF270E,ΛΙΠΟΒΙ Ολεξαντερ,ΟΥΚΡΑΝΙΑ,11,21.29,234.19,False,ESAKE country,False,https://www.esake.gr/el/action/EsakeStats?mode=2&idchampionship=4820C134&idseason=00000001,0000000A,00000010,ΚΟΛΟΣΣΟΣ H HOTELS COLLECTION,11,22,True
2024-25,2BB1AF1F,ΛΟΥΝΤΖΗΣ Μιχάλης,ΕΛΛΑΔΑ,18,27.88,501.84,True,ESAKE country,False,https://www.esake.gr/el/action/EsakeStats?mode=2&idchampionship=4820C134&idseason=00000001,2A25C696,607118742,ΠΡΟΜΗΘΕΑΣ ΠΑΤΡΑΣ ΒΙΚΟΣ COLA,4,22,False
2024-25,FC26E3ED,ΜΑΚ ΚΙΣΙΚ Σακίλ,ΗΠΑ,4,18.2,72.8,False,ESAKE country,False,https://www.esake.gr/el/action/EsakeStats?mode=2&idchampionship=4820C134&idseason=00000001,00000002,00000002,ΟΛΥΜΠΙΑΚΟΣ,2,22,False
2024-25,BA572D1F,ΜΑΚΓΚΛΙΝ Νικ,ΗΠΑ,12,21.26,255.12,False,ESAKE country,False,https://www.esake.gr/el/action/EsakeStats?mode=2&idchampionship=4820C134&idseason=00000001,0000000A,00000010,ΚΟΛΟΣΣΟΣ H HOTELS COLLECTION,11,22,True
2024-25,9E1CFB56,ΜΑΝΘΟΠΟΥΛΟΣ Χρήστος,ΕΛΛΑΔΑ,0,0.0,0.0,True,ESAKE country,False,https://www.esake.gr/el/action/EsakeStats?mode=2&idchampionship=4820C134&idseason=00000001,0000000C,00000012,ΠΑΟΚ,6,22,False
2024-25,24974100,ΜΑΝΤΖΟΥΚΑΣ Λευτέρης,ΕΛΛΑΔΑ,21,24.62,517.02,True,ESAKE country,False,https://www.esake.gr/el/action/EsakeStats?mode=2&idchampionship=4820C134&idseason=00000001,0000000F,00000015,ΜΑΡΟΥΣΙ,12,22,True
2024-25,84EB0218,ΜΑΝΤΣΙΤΣ Φίλιπ,ΕΛΛΑΔΑ,0,0.0,0.0,True,ESAKE country,False,https://www.esake.gr/el/action/EsakeStats?mode=2&idchampionship=4820C134&idseason=00000001,00000001,00000001,ΠΑΝΑΘΗΝΑΪΚΟΣ AKTOR,1,22,False
2024-25,9A9260A9,ΜΕΝΣΑ Νέιθαν,ΓΚΑΝΑ,6,14.76,88.56,False,ESAKE country,False,https://www.esake.gr/el/action/EsakeStats?mode=2&idchampionship=4820C134&idseason=00000001,00000002,00000002,ΟΛΥΜΠΙΑΚΟΣ,2,22,False
2024-25,7F6E6DE3,ΜΗΤΟΓΛΟΥ Κωνσταντίνος,ΕΛΛΑΔΑ,21,17.94,376.74,True,ESAKE country,False,https://www.esake.gr/el/action/EsakeStats?mode=2&idchampionship=4820C134&idseason=00000001,00000001,00000001,ΠΑΝΑΘΗΝΑΪΚΟΣ AKTOR,1,22,False
2024-25,4BBBBCE9,ΜΗΤΡΟΥ-ΛΟΝΓΚ Ναζ,ΕΛΛΑΔΑ,15,16.14,242.1,True,ESAKE country,False,https://www.esake.gr/el/action/EsakeStats?mode=2&idchampionship=4820C134&idseason=00000001,00000002,00000002,ΟΛΥΜΠΙΑΚΟΣ,2,22,False
2024-25,125FA967,ΜΙΚΕΣ Αθανάσιος,ΕΛΛΑΔΑ,0,0.0,0.0,True,ESAKE country,False,https://www.esake.gr/el/action/EsakeStats?mode=2&idchampionship=4820C134&idseason=00000001,00000010,00000016,ΑΕΚ,3,22,False
2024-25,E199BC3C,ΜΙΛΕΝΤΙΓΙΕΒΙΤΣ Ιάκωβος,ΕΛΛΑΔΑ,18,7.26,130.68,True,ESAKE country,False,https://www.esake.gr/el/action/EsakeStats?mode=2&idchampionship=4820C134&idseason=00000001,00000003,00000003,ΠΑΝΙΩΝΙΟΣ COSMORAMA TRAVEL,7,22,True
2024-25,E6EC7439,ΜΙΛΟΥΤΙΝΟΦ Νίκολα,ΣΕΡΒΙΑ,15,18.68,280.2,False,ESAKE country,False,https://www.esake.gr/el/action/EsakeStats?mode=2&idchampionship=4820C134&idseason=00000001,00000002,00000002,ΟΛΥΜΠΙΑΚΟΣ,2,22,False
2024-25,FED5F313,ΜΟΥΡΑΤΟΣ Βασίλης,ΕΛΛΑΔΑ,22,26.45,581.9,True,ESAKE country,False,https://www.esake.gr/el/action/EsakeStats?mode=2&idchampionship=4820C134&idseason=00000001,F7D46144,37076412,ΛΑΥΡΙΟ DHI,10,22,True
2024-25,448AF744,ΜΠΑΖΙΝΑΣ Θανάσης,ΕΛΛΑΔΑ,22,12.18,267.96,True,ESAKE country,False,https://www.esake.gr/el/action/EsakeStats?mode=2&idchampionship=4820C134&idseason=00000001,2A25C696,607118742,ΠΡΟΜΗΘΕΑΣ ΠΑΤΡΑΣ ΒΙΚΟΣ COLA,4,22,False
2024-25,22EF973B,ΜΠΑΝΚΣ Τζέϊμς,ΗΠΑ,7,13.18,92.26,False,ESAKE country,False,https://www.esake.gr/el/action/EsakeStats?mode=2&idchampionship=4820C134&idseason=00000001,00000005,00000005,ΑΡΗΣ,8,22,True
2024-25,83FFA3CF,ΜΠΑΡΜΠΑΓΙΑΝΝΗΣ Ευστράτιος,ΕΛΛΑΔΑ,0,0.0,0.0,True,ESAKE country,False,https://www.esake.gr/el/action/EsakeStats?mode=2&idchampionship=4820C134&idseason=00000001,0000000D,00000013,ΠΕΡΙΣΤΕΡΙ DOMINO'S,9,22,True
2024-25,8DFB21EC,ΜΠΑΡΤΛΕΪ Φράνκ,ΗΠΑ,22,30.31,666.82,False,ESAKE country,False,https://www.esake.gr/el/action/EsakeStats?mode=2&idchampionship=4820C134&idseason=00000001,0000000C,00000012,ΠΑΟΚ,6,22,False
2024-25,ED874474,ΜΠΙΛΛΗΣ Σωτήρης,ΕΛΛΑΔΑ,18,17.96,323.28,True,ESAKE country,False,https://www.esake.gr/el/action/EsakeStats?mode=2&idchampionship=4820C134&idseason=00000001,0000000A,00000010,ΚΟΛΟΣΣΟΣ H HOTELS COLLECTION,11,22,True
2024-25,77E6F592,ΜΠΙΝΗΣ Ιάσων,ΕΛΛΑΔΑ,0,0.0,0.0,True,ESAKE country,False,https://www.esake.gr/el/action/EsakeStats?mode=2&idchampionship=4820C134&idseason=00000001,00000001,00000001,ΠΑΝΑΘΗΝΑΪΚΟΣ AKTOR,1,22,False
2024-25,A3FA9143,ΜΠΟΥΝΤΟΥΡΗΣ Χρήστος,ΕΛΛΑΔΑ,1,1.78,1.78,True,ESAKE country,False,https://www.esake.gr/el/action/EsakeStats?mode=2&idchampionship=4820C134&idseason=00000001,B742845D,1120377507,ΚΑΡΔΙΤΣΑ ΙΑΠΩΝΙΚΗ,5,22,False
2024-25,13D42A9A,ΜΠΟΥΡΝΕΛΕΣ Γεώργιος,ΕΛΛΑΔΑ,4,3.16,12.64,True,ESAKE country,False,https://www.esake.gr/el/action/EsakeStats?mode=2&idchampionship=4820C134&idseason=00000001,00000002,00000002,ΟΛΥΜΠΙΑΚΟΣ,2,22,False
2024-25,3033B96B,ΜΠΟΥΣΜΠΟΥΡΑΣ Ευάγγελος,ΕΛΛΑΔΑ,0,0.0,0.0,True,ESAKE country,False,https://www.esake.gr/el/action/EsakeStats?mode=2&idchampionship=4820C134&idseason=00000001,00000001,00000001,ΠΑΝΑΘΗΝΑΪΚΟΣ AKTOR,1,22,False
2024-25,0000037E,ΜΠΟΧΩΡΙΔΗΣ Ελευθέριος,ΕΛΛΑΔΑ,14,23.76,332.64,True,ESAKE country,False,https://www.esake.gr/el/action/EsakeStats?mode=2&idchampionship=4820C134&idseason=00000001,00000005,00000005,ΑΡΗΣ,8,22,True
2024-25,A65676A5,ΜΠΡΑΙΣ Σι Τζέι,ΗΠΑ,21,25.23,529.83,False,ESAKE country,False,https://www.esake.gr/el/action/EsakeStats?mode=2&idchampionship=4820C134&idseason=00000001,00000010,00000016,ΑΕΚ,3,22,False
2024-25,5785DE89,ΜΠΡΑΟΥΝ Λορέντζο,ΗΠΑ,18,21.14,380.52,False,ESAKE country,False,https://www.esake.gr/el/action/EsakeStats?mode=2&idchampionship=4820C134&idseason=00000001,00000001,00000001,ΠΑΝΑΘΗΝΑΪΚΟΣ AKTOR,1,22,False
2024-25,02211B0A,ΜΠΡΑΟΥΝ Ρίον,ΗΠΑ,19,27.19,516.61,False,ESAKE country,False,https://www.esake.gr/el/action/EsakeStats?mode=2&idchampionship=4820C134&idseason=00000001,00000003,00000003,ΠΑΝΙΩΝΙΟΣ COSMORAMA TRAVEL,7,22,True
2024-25,B1496F92,ΜΠΡΑΟΥΝ Τσαντ,ΗΠΑ,6,10.87,65.22,False,ESAKE country,False,https://www.esake.gr/el/action/EsakeStats?mode=2&idchampionship=4820C134&idseason=00000001,0000000D,00000013,ΠΕΡΙΣΤΕΡΙ DOMINO'S,9,22,True
2024-25,AFF632D9,ΜΠΡΙΓΚΣ Τζάστιν,ΗΠΑ,4,7.2,28.8,False,ESAKE country,False,https://www.esake.gr/el/action/EsakeStats?mode=2&idchampionship=4820C134&idseason=00000001,0000000F,00000015,ΜΑΡΟΥΣΙ,12,22,True
2024-25,E79B2944,ΜΩΡΑΪΤΗΣ Δημήτρης,ΕΛΛΑΔΑ,13,8.76,113.88,True,ESAKE country,False,https://www.esake.gr/el/action/EsakeStats?mode=2&idchampionship=4820C134&idseason=00000001,00000001,00000001,ΠΑΝΑΘΗΝΑΪΚΟΣ AKTOR,1,22,False
2024-25,3CB90CF5,ΝΑΓΚΛ Τζέϊ,ΗΠΑ,0,0.0,0.0,False,ESAKE country,False,https://www.esake.gr/el/action/EsakeStats?mode=2&idchampionship=4820C134&idseason=00000001,0000000F,00000015,ΜΑΡΟΥΣΙ,12,22,True
2024-25,7D80AD55,ΝΑΝ Κέντρικ,ΗΠΑ,21,22.97,482.37,False,ESAKE country,False,https://www.esake.gr/el/action/EsakeStats?mode=2&idchampionship=4820C134&idseason=00000001,00000001,00000001,ΠΑΝΑΘΗΝΑΪΚΟΣ AKTOR,1,22,False
2024-25,A93771DC,ΝΕΛΣΟΝ Τάϊλερ,ΗΠΑ,12,12.57,150.84,False,ESAKE country,False,https://www.esake.gr/el/action/EsakeStats?mode=2&idchampionship=4820C134&idseason=00000001,0000000A,00000010,ΚΟΛΟΣΣΟΣ H HOTELS COLLECTION,11,22,True
2024-25,14F5D6AF,ΝΕΤΖΗΠΟΓΛΟΥ Όμηρος,ΕΛΛΑΔΑ,22,16.25,357.5,True,ESAKE country,False,https://www.esake.gr/el/action/EsakeStats?mode=2&idchampionship=4820C134&idseason=00000001,00000010,00000016,ΑΕΚ,3,22,False
2024-25,6547DF27,ΝΙΚΟΛΑΪΔΗΣ Αλέξανδρος,ΕΛΛΑΔΑ,13,16.09,209.17,True,ESAKE country,False,https://www.esake.gr/el/action/EsakeStats?mode=2&idchampionship=4820C134&idseason=00000001,0000000F,00000015,ΜΑΡΟΥΣΙ,12,22,True
2024-25,9D6C6AF9,ΝΙΚΟΛΑΟΥ Ιωάννης,ΕΛΛΑΔΑ,2,0.7,1.4,True,ESAKE country,False,https://www.esake.gr/el/action/EsakeStats?mode=2&idchampionship=4820C134&idseason=00000001,00000010,00000016,ΑΕΚ,3,22,False
2024-25,025BC51F,ΝΟΚΟ Λάντρι,ΚΑΜΕΡΟΥΝ,22,26.63,585.86,False,ESAKE country,False,https://www.esake.gr/el/action/EsakeStats?mode=2&idchampionship=4820C134&idseason=00000001,00000003,00000003,ΠΑΝΙΩΝΙΟΣ COSMORAMA TRAVEL,7,22,True
2024-25,D82710F7,ΝΟΛΕΪ Λάντερς,ΒΡΕΤΑΝΙΚΟΙ ΠΑΡΘΕΝΟΙ ΝΗΣΟΙ,9,29.79,268.11,False,ESAKE country,False,https://www.esake.gr/el/action/EsakeStats?mode=2&idchampionship=4820C134&idseason=00000001,00000005,00000005,ΑΡΗΣ,8,22,True
2024-25,520630AD,ΝΤΑΝΙΕΛΣ Ντεβόν,ΗΠΑ,2,15.83,31.66,False,ESAKE country,False,https://www.esake.gr/el/action/EsakeStats?mode=2&idchampionship=4820C134&idseason=00000001,00000003,00000003,ΠΑΝΙΩΝΙΟΣ COSMORAMA TRAVEL,7,22,True
2024-25,51D6DE99,ΝΤΑΝΟΥΣΕΒΙΤΣΙΟΥΣ Παυλίους,ΛΙΘΟΥΑΝΙΑ,9,23.63,212.67,False,ESAKE country,False,https://www.esake.gr/el/action/EsakeStats?mode=2&idchampionship=4820C134&idseason=00000001,0000000A,00000010,ΚΟΛΟΣΣΟΣ H HOTELS COLLECTION,11,22,True
2024-25,1B59E564,ΝΤΑΨΗΣ Δημήτριος,ΕΛΛΑΔΑ,0,0.0,0.0,True,ESAKE country,False,https://www.esake.gr/el/action/EsakeStats?mode=2&idchampionship=4820C134&idseason=00000001,00000003,00000003,ΠΑΝΙΩΝΙΟΣ COSMORAMA TRAVEL,7,22,True
2024-25,8BDDC1DE,ΝΤΕ-ΤΖΟΥΛΙΟΥΣ Ντέιβιντ,ΗΠΑ,5,26.61,133.05,False,ESAKE country,False,https://www.esake.gr/el/action/EsakeStats?mode=2&idchampionship=4820C134&idseason=00000001,00000005,00000005,ΑΡΗΣ,8,22,True
2024-25,BCAE1788,ΝΤΕΪΒΙΣ Ντέβιν,ΗΠΑ,21,20.16,423.36,False,ESAKE country,False,https://www.esake.gr/el/action/EsakeStats?mode=2&idchampionship=4820C134&idseason=00000001,00000003,00000003,ΠΑΝΙΩΝΙΟΣ COSMORAMA TRAVEL,7,22,True
2024-25,B88F05D1,ΝΤΕΪΒΙΣ Τζόρνταν,ΗΠΑ,6,21.78,130.68,False,ESAKE country,False,https://www.esake.gr/el/action/EsakeStats?mode=2&idchampionship=4820C134&idseason=00000001,2A25C696,607118742,ΠΡΟΜΗΘΕΑΣ ΠΑΤΡΑΣ ΒΙΚΟΣ COLA,4,22,False
2024-25,12208166,ΝΤΟΡΣΕΪ Τάιλερ,ΕΛΛΑΔΑ,20,17.79,355.8,True,ESAKE country,False,https://www.esake.gr/el/action/EsakeStats?mode=2&idchampionship=4820C134&idseason=00000001,00000002,00000002,ΟΛΥΜΠΙΑΚΟΣ,2,22,False
2024-25,000003F5,ΞΑΝΘΟΠΟΥΛΟΣ Βασίλης,ΕΛΛΑΔΑ,13,15.1,196.3,True,ESAKE country,False,https://www.esake.gr/el/action/EsakeStats?mode=2&idchampionship=4820C134&idseason=00000001,0000000D,00000013,ΠΕΡΙΣΤΕΡΙ DOMINO'S,9,22,True
2024-25,628DA4EE,ΟΙΚΟΝΟΜΟΠΟΥΛΟΣ Σωτήρης,ΕΛΛΑΔΑ,4,1.88,7.52,True,ESAKE country,False,https://www.esake.gr/el/action/EsakeStats?mode=2&idchampionship=4820C134&idseason=00000001,2A25C696,607118742,ΠΡΟΜΗΘΕΑΣ ΠΑΤΡΑΣ ΒΙΚΟΣ COLA,4,22,False
2024-25,92F6A168,ΟΚΟΡΟ Φράνσις,ΝΙΓΗΡΙΑ,21,21.62,454.02,False,ESAKE country,False,https://www.esake.gr/el/action/EsakeStats?mode=2&idchampionship=4820C134&idseason=00000001,B742845D,1120377507,ΚΑΡΔΙΤΣΑ ΙΑΠΩΝΙΚΗ,5,22,False
2024-25,C39EFC18,ΟΜΠΙΕΣΕ Γιόσουα,ΓΕΡΜΑΝΙΑ,4,17.65,70.6,False,ESAKE country,False,https://www.esake.gr/el/action/EsakeStats?mode=2&idchampionship=4820C134&idseason=00000001,00000010,00000016,ΑΕΚ,3,22,False
2024-25,CD105647,ΟΣΜΑΝ Τσεντί,Β. ΜΑΚΕΔΟΝΙΑ,18,21.64,389.52,False,ESAKE country,False,https://www.esake.gr/el/action/EsakeStats?mode=2&idchampionship=4820C134&idseason=00000001,00000001,00000001,ΠΑΝΑΘΗΝΑΪΚΟΣ AKTOR,1,22,False
2024-25,4D9627D9,ΟΥΑΪΤ Ρομέλο,ΗΠΑ,0,0.0,0.0,False,ESAKE country,False,https://www.esake.gr/el/action/EsakeStats?mode=2&idchampionship=4820C134&idseason=00000001,B742845D,1120377507,ΚΑΡΔΙΤΣΑ ΙΑΠΩΝΙΚΗ,5,22,False
2024-25,24D310BE,ΟΥΙΛΙΑΜΣ Κένι,ΗΠΑ,19,24.25,460.75,False,ESAKE country,False,https://www.esake.gr/el/action/EsakeStats?mode=2&idchampionship=4820C134&idseason=00000001,2A25C696,607118742,ΠΡΟΜΗΘΕΑΣ ΠΑΤΡΑΣ ΒΙΚΟΣ COLA,4,22,False
2024-25,9E156216,ΟΥΪΛΙΑΜΣ Τζαμάλ,ΗΠΑ,10,14.97,149.7,False,ESAKE country,False,https://www.esake.gr/el/action/EsakeStats?mode=2&idchampionship=4820C134&idseason=00000001,2A25C696,607118742,ΠΡΟΜΗΘΕΑΣ ΠΑΤΡΑΣ ΒΙΚΟΣ COLA,4,22,False
2024-25,1FD5E9B1,ΠΑΝΟΛΙΑΣ Αριστείδης,ΕΛΛΑΔΑ,0,0.0,0.0,True,ESAKE country,False,https://www.esake.gr/el/action/EsakeStats?mode=2&idchampionship=4820C134&idseason=00000001,00000010,00000016,ΑΕΚ,3,22,False
2024-25,5CEB4062,ΠΑΠΑΓΕΩΡΓΙΟΥ Δημήτριος,ΕΛΛΑΔΑ,2,0.38,0.76,True,ESAKE country,False,https://www.esake.gr/el/action/EsakeStats?mode=2&idchampionship=4820C134&idseason=00000001,0000000D,00000013,ΠΕΡΙΣΤΕΡΙ DOMINO'S,9,22,True
2024-25,82AC551E,ΠΑΠΑΓΙΑΝΝΗΣ Μηνάς,ΕΛΛΑΔΑ,2,3.44,6.88,True,ESAKE country,False,https://www.esake.gr/el/action/EsakeStats?mode=2&idchampionship=4820C134&idseason=00000001,2A25C696,607118742,ΠΡΟΜΗΘΕΑΣ ΠΑΤΡΑΣ ΒΙΚΟΣ COLA,4,22,False
2024-25,41010DDA,ΠΑΠΑΔΑΚΗΣ Κώστας,ΕΛΛΑΔΑ,22,11.61,255.42,True,ESAKE country,False,https://www.esake.gr/el/action/EsakeStats?mode=2&idchampionship=4820C134&idseason=00000001,0000000C,00000012,ΠΑΟΚ,6,22,False
2024-25,210FB913,ΠΑΠΑΘΑΝΑΣΙΟΥ Τζορτζ Πίτερς,ΕΛΛΑΔΑ,22,23.02,506.44,True,ESAKE country,False,https://www.esake.gr/el/action/EsakeStats?mode=2&idchampionship=4820C134&idseason=00000001,0000000D,00000013,ΠΕΡΙΣΤΕΡΙ DOMINO'S,9,22,True
2024-25,82BF561F,ΠΑΠΑΘΕΟΔΩΡΟΥ Γιώργος,ΕΛΛΑΔΑ,0,0.0,0.0,True,ESAKE country,False,https://www.esake.gr/el/action/EsakeStats?mode=2&idchampionship=4820C134&idseason=00000001,2A25C696,607118742,ΠΡΟΜΗΘΕΑΣ ΠΑΤΡΑΣ ΒΙΚΟΣ COLA,4,22,False
2024-25,00000468,ΠΑΠΑΝΙΚΟΛΑΟΥ Κώστας,ΕΛΛΑΔΑ,21,19.0,399.0,True,ESAKE country,False,https://www.esake.gr/el/action/EsakeStats?mode=2&idchampionship=4820C134&idseason=00000001,00000002,00000002,ΟΛΥΜΠΙΑΚΟΣ,2,22,False
2024-25,8E3AD877,ΠΑΠΑΠΕΤΡΟΥ Ιωάννης,ΕΛΛΑΔΑ,16,18.64,298.24,True,ESAKE country,False,https://www.esake.gr/el/action/EsakeStats?mode=2&idchampionship=4820C134&idseason=00000001,00000001,00000001,ΠΑΝΑΘΗΝΑΪΚΟΣ AKTOR,1,22,False
2024-25,38164065,ΠΑΠΑΣΤΑΥΡΟΥ Ευστράτιος-Ιωάννης,ΕΛΛΑΔΑ,1,1.97,1.97,True,ESAKE country,False,https://www.esake.gr/el/action/EsakeStats?mode=2&idchampionship=4820C134&idseason=00000001,00000003,00000003,ΠΑΝΙΩΝΙΟΣ COSMORAMA TRAVEL,7,22,True
2024-25,C151B736,ΠΑΤΡΙΚΗΣ Ανδρέας,ΕΛΛΑΔΑ,10,5.26,52.6,True,ESAKE country,False,https://www.esake.gr/el/action/EsakeStats?mode=2&idchampionship=4820C134&idseason=00000001,F7D46144,37076412,ΛΑΥΡΙΟ DHI,10,22,True
2024-25,E9DC5BFC,ΠΑΥΛΟΠΟΥΛΟΣ Θεόδωρος,ΕΛΛΑΔΑ,2,2.47,4.94,True,ESAKE country,False,https://www.esake.gr/el/action/EsakeStats?mode=2&idchampionship=4820C134&idseason=00000001,00000002,00000002,ΟΛΥΜΠΙΑΚΟΣ,2,22,False
2024-25,6461F6FB,ΠΕΪΤΟΝ Τζάστιν,ΗΠΑ,9,16.36,147.24,False,ESAKE country,False,https://www.esake.gr/el/action/EsakeStats?mode=2&idchampionship=4820C134&idseason=00000001,0000000D,00000013,ΠΕΡΙΣΤΕΡΙ DOMINO'S,9,22,True
2024-25,722A96BC,ΠΕΡΑΝΤΕΣ Λόντον,ΗΠΑ,18,27.24,490.32,False,ESAKE country,False,https://www.esake.gr/el/action/EsakeStats?mode=2&idchampionship=4820C134&idseason=00000001,0000000A,00000010,ΚΟΛΟΣΣΟΣ H HOTELS COLLECTION,11,22,True
2024-25,015493AB,ΠΕΡΙ Ντάριους,ΗΠΑ,6,10.49,62.94,False,ESAKE country,False,https://www.esake.gr/el/action/EsakeStats?mode=2&idchampionship=4820C134&idseason=00000001,2A25C696,607118742,ΠΡΟΜΗΘΕΑΣ ΠΑΤΡΑΣ ΒΙΚΟΣ COLA,4,22,False
2024-25,49574E22,ΠΕΡΣΙΔΗΣ Νικόλαος,ΕΛΛΑΔΑ,22,15.85,348.7,True,ESAKE country,False,https://www.esake.gr/el/action/EsakeStats?mode=2&idchampionship=4820C134&idseason=00000001,0000000C,00000012,ΠΑΟΚ,6,22,False
2024-25,2FDD0350,ΠΕΤΡΟΠΟΥΛΟΣ Ανδρέας,ΕΛΛΑΔΑ,22,18.93,416.46,True,ESAKE country,False,https://www.esake.gr/el/action/EsakeStats?mode=2&idchampionship=4820C134&idseason=00000001,0000000A,00000010,ΚΟΛΟΣΣΟΣ H HOTELS COLLECTION,11,22,True
2024-25,78F9CAB0,ΠΕΤΡΟΥΣΕΦ Φιλίπ,ΣΕΡΒΙΑ,1,20.43,20.43,False,ESAKE country,False,https://www.esake.gr/el/action/EsakeStats?mode=2&idchampionship=4820C134&idseason=00000001,00000002,00000002,ΟΛΥΜΠΙΑΚΟΣ,2,22,False
2024-25,6C30ED4B,ΠΙΛΑΒΙΟΣ Άλφης,ΕΛΛΑΔΑ,1,1.12,1.12,True,ESAKE country,False,https://www.esake.gr/el/action/EsakeStats?mode=2&idchampionship=4820C134&idseason=00000001,00000010,00000016,ΑΕΚ,3,22,False
2024-25,AB45FD1B,ΠΙΤΕΡΣ Αλεκ,ΗΠΑ,22,20.27,445.94,False,ESAKE country,False,https://www.esake.gr/el/action/EsakeStats?mode=2&idchampionship=4820C134&idseason=00000001,00000002,00000002,ΟΛΥΜΠΙΑΚΟΣ,2,22,False
2024-25,8A20EF38,ΠΛΩΤΑΣ Νίκος,ΕΛΛΑΔΑ,7,4.6,32.2,True,ESAKE country,False,https://www.esake.gr/el/action/EsakeStats?mode=2&idchampionship=4820C134&idseason=00000001,2A25C696,607118742,ΠΡΟΜΗΘΕΑΣ ΠΑΤΡΑΣ ΒΙΚΟΣ COLA,4,22,False
2024-25,F42B3D2C,ΠΟΥΛΙΑΝΙΤΗΣ Στέλιος,ΕΛΛΑΔΑ,19,19.82,376.58,True,ESAKE country,False,https://www.esake.gr/el/action/EsakeStats?mode=2&idchampionship=4820C134&idseason=00000001,0000000D,00000013,ΠΕΡΙΣΤΕΡΙ DOMINO'S,9,22,True
2024-25,59CC416B,ΠΟΥΡΛΙΔΑΣ Βασίλειος,ΕΛΛΑΔΑ,2,5.46,10.92,True,ESAKE country,False,https://www.esake.gr/el/action/EsakeStats?mode=2&idchampionship=4820C134&idseason=00000001,00000005,00000005,ΑΡΗΣ,8,22,True
2024-25,46EC5E96,ΠΡΕΚΑΣ Γρηγόρης,ΕΛΛΑΔΑ,3,3.01,9.03,True,ESAKE country,False,https://www.esake.gr/el/action/EsakeStats?mode=2&idchampionship=4820C134&idseason=00000001,2A25C696,607118742,ΠΡΟΜΗΘΕΑΣ ΠΑΤΡΑΣ ΒΙΚΟΣ COLA,4,22,False
2024-25,AAB0C3A4,ΡΑΪΛΙ Τζέιλεν,ΗΠΑ,3,8.58,25.74,False,ESAKE country,False,https://www.esake.gr/el/action/EsakeStats?mode=2&idchampionship=4820C134&idseason=00000001,0000000D,00000013,ΠΕΡΙΣΤΕΡΙ DOMINO'S,9,22,True
2024-25,C49389A3,ΡΑΪΤ Μόουζες,ΗΠΑ,7,17.52,122.64,False,ESAKE country,False,https://www.esake.gr/el/action/EsakeStats?mode=2&idchampionship=4820C134&idseason=00000001,00000002,00000002,ΟΛΥΜΠΙΑΚΟΣ,2,22,False
2024-25,201D9D5C,ΡΑΝΤΟΥΛΙΤΣΑ Μίροσλαβ,ΣΕΡΒΙΑ,9,11.26,101.34,False,ESAKE country,False,https://www.esake.gr/el/action/EsakeStats?mode=2&idchampionship=4820C134&idseason=00000001,0000000F,00000015,ΜΑΡΟΥΣΙ,12,22,True
2024-25,0B4BA1C7,ΡΕΪ Κέντρικ,ΗΠΑ,12,28.47,341.64,False,ESAKE country,False,https://www.esake.gr/el/action/EsakeStats?mode=2&idchampionship=4820C134&idseason=00000001,00000003,00000003,ΠΑΝΙΩΝΙΟΣ COSMORAMA TRAVEL,7,22,True
2024-25,405192E7,ΡΕΪΝΟΛΝΤΣ Κάμερον,ΗΠΑ,19,30.66,582.54,False,ESAKE country,False,https://www.esake.gr/el/action/EsakeStats?mode=2&idchampionship=4820C134&idseason=00000001,0000000F,00000015,ΜΑΡΟΥΣΙ,12,22,True
2024-25,7B8D6590,ΡΕΪΝΟΛΝΤΣ Σάβαρ,ΗΠΑ,22,28.49,626.78,False,ESAKE country,False,https://www.esake.gr/el/action/EsakeStats?mode=2&idchampionship=4820C134&idseason=00000001,0000000C,00000012,ΠΑΟΚ,6,22,False
2024-25,551A78E6,ΡΙΣ Αϊζάια,ΗΠΑ,13,27.39,356.07,False,ESAKE country,False,https://www.esake.gr/el/action/EsakeStats?mode=2&idchampionship=4820C134&idseason=00000001,2A25C696,607118742,ΠΡΟΜΗΘΕΑΣ ΠΑΤΡΑΣ ΒΙΚΟΣ COLA,4,22,False
2024-25,9C923A09,ΡΟΜΠΕΡΤΣ Τζος,ΗΠΑ,18,18.46,332.28,False,ESAKE country,False,https://www.esake.gr/el/action/EsakeStats?mode=2&idchampionship=4820C134&idseason=00000001,00000005,00000005,ΑΡΗΣ,8,22,True
2024-25,D4498240,ΣΑΛΟΥΣΤΡΟΣ Χρήστος,ΕΛΛΑΔΑ,13,13.95,181.35,True,ESAKE country,False,https://www.esake.gr/el/action/EsakeStats?mode=2&idchampionship=4820C134&idseason=00000001,00000003,00000003,ΠΑΝΙΩΝΙΟΣ COSMORAMA TRAVEL,7,22,True
2024-25,B8E81349,ΣΑΜΟΝΤΟΥΡΟΒ Αλέξανδρος,ΕΛΛΑΔΑ,15,11.74,176.1,True,ESAKE country,False,https://www.esake.gr/el/action/EsakeStats?mode=2&idchampionship=4820C134&idseason=00000001,00000001,00000001,ΠΑΝΑΘΗΝΑΪΚΟΣ AKTOR,1,22,False
2024-25,833F16B8,ΣΑΝΟΓΚΟ Ίσμαελ,ΑΚΤΗ ΕΛΕΦΑΝΤΟΣΤΟΥ,7,21.54,150.78,False,ESAKE country,False,https://www.esake.gr/el/action/EsakeStats?mode=2&idchampionship=4820C134&idseason=00000001,0000000F,00000015,ΜΑΡΟΥΣΙ,12,22,True
2024-25,B992196A,ΣΕΡΜΑΝ Ταζ,ΗΠΑ,16,21.39,342.24,False,ESAKE country,False,https://www.esake.gr/el/action/EsakeStats?mode=2&idchampionship=4820C134&idseason=00000001,F7D46144,37076412,ΛΑΥΡΙΟ DHI,10,22,True
2024-25,23E3A7E3,ΣΙΟΥΝΤΡΗΣ Σπυρίδων,ΕΛΛΑΔΑ,0,0.0,0.0,True,ESAKE country,False,https://www.esake.gr/el/action/EsakeStats?mode=2&idchampionship=4820C134&idseason=00000001,0000000F,00000015,ΜΑΡΟΥΣΙ,12,22,True
2024-25,7CFC487F,ΣΙΤΟΥ Σίμι,ΚΑΝΑΔΑΣ,12,15.25,183.0,False,ESAKE country,False,https://www.esake.gr/el/action/EsakeStats?mode=2&idchampionship=4820C134&idseason=00000001,2A25C696,607118742,ΠΡΟΜΗΘΕΑΣ ΠΑΤΡΑΣ ΒΙΚΟΣ COLA,4,22,False
2024-25,F162BB22,ΣΚΛΗΡΟΣ Αλέξανδρος,ΕΛΛΑΔΑ,0,0.0,0.0,True,ESAKE country,False,https://www.esake.gr/el/action/EsakeStats?mode=2&idchampionship=4820C134&idseason=00000001,2A25C696,607118742,ΠΡΟΜΗΘΕΑΣ ΠΑΤΡΑΣ ΒΙΚΟΣ COLA,4,22,False
2024-25,00000554,ΣΚΟΡΔΙΛΗΣ Γάιος,ΕΛΛΑΔΑ,17,9.26,157.42,True,ESAKE country,False,https://www.esake.gr/el/action/EsakeStats?mode=2&idchampionship=4820C134&idseason=00000001,00000010,00000016,ΑΕΚ,3,22,False
2024-25,C36FC324,ΣΚΟΥΛΑΡΙΩΤΗΣ Θεόδωρος,ΕΛΛΑΔΑ,2,0.59,1.18,True,ESAKE country,False,https://www.esake.gr/el/action/EsakeStats?mode=2&idchampionship=4820C134&idseason=00000001,0000000C,00000012,ΠΑΟΚ,6,22,False
2024-25,C8E63EEC,ΣΛΑΤΕΡ Μπράντον,ΗΠΑ,22,19.36,425.92,False,ESAKE country,False,https://www.esake.gr/el/action/EsakeStats?mode=2&idchampionship=4820C134&idseason=00000001,F7D46144,37076412,ΛΑΥΡΙΟ DHI,10,22,True
2024-25,000006F2,ΣΛΑΦΤΣΑΚΗΣ Διαμαντής,ΕΛΛΑΔΑ,17,12.1,205.7,True,ESAKE country,False,https://www.esake.gr/el/action/EsakeStats?mode=2&idchampionship=4820C134&idseason=00000001,0000000A,00000010,ΚΟΛΟΣΣΟΣ H HOTELS COLLECTION,11,22,True
2024-25,0000055C,ΣΛΟΥΚΑΣ Κώστας,ΕΛΛΑΔΑ,18,18.29,329.22,True,ESAKE country,False,https://www.esake.gr/el/action/EsakeStats?mode=2&idchampionship=4820C134&idseason=00000001,00000001,00000001,ΠΑΝΑΘΗΝΑΪΚΟΣ AKTOR,1,22,False
2024-25,2F41166C,ΣΜΙΘ Κένταλ,ΗΠΑ,8,28.97,231.76,False,ESAKE country,False,https://www.esake.gr/el/action/EsakeStats?mode=2&idchampionship=4820C134&idseason=00000001,00000003,00000003,ΠΑΝΙΩΝΙΟΣ COSMORAMA TRAVEL,7,22,True
2024-25,ADF335A2,ΣΠΑΝΟΣ Μιχαήλ,ΕΛΛΑΔΑ,0,0.0,0.0,True,ESAKE country,False,https://www.esake.gr/el/action/EsakeStats?mode=2&idchampionship=4820C134&idseason=00000001,00000010,00000016,ΑΕΚ,3,22,False
2024-25,34F92C9C,ΣΠΑΡΤΑΛΗΣ Στέφανος,ΕΛΛΑΔΑ,6,5.84,35.04,True,ESAKE country,False,https://www.esake.gr/el/action/EsakeStats?mode=2&idchampionship=4820C134&idseason=00000001,00000002,00000002,ΟΛΥΜΠΙΑΚΟΣ,2,22,False
2024-25,F7A47F07,ΣΤΑΣΙΝΟΣ Ορφέας,ΕΛΛΑΔΑ,8,3.97,31.76,True,ESAKE country,False,https://www.esake.gr/el/action/EsakeStats?mode=2&idchampionship=4820C134&idseason=00000001,0000000F,00000015,ΜΑΡΟΥΣΙ,12,22,True
2024-25,9A1EDD91,ΣΤΑΥΡΑΚΟΠΟΥΛΟΣ Σωτήρης,ΕΛΛΑΔΑ,11,6.17,67.87,True,ESAKE country,False,https://www.esake.gr/el/action/EsakeStats?mode=2&idchampionship=4820C134&idseason=00000001,0000000D,00000013,ΠΕΡΙΣΤΕΡΙ DOMINO'S,9,22,True
2024-25,F3990952,ΣΤΕΒΟΒΙΤΣ Ματίγια,ΕΛΛΑΔΑ,0,0.0,0.0,True,ESAKE country,False,https://www.esake.gr/el/action/EsakeStats?mode=2&idchampionship=4820C134&idseason=00000001,2A25C696,607118742,ΠΡΟΜΗΘΕΑΣ ΠΑΤΡΑΣ ΒΙΚΟΣ COLA,4,22,False
2024-25,09BE8FB5,ΣΤΕΜΠΑΡΗΣ Πέτρος,ΕΛΛΑΔΑ,0,0.0,0.0,True,ESAKE country,False,https://www.esake.gr/el/action/EsakeStats?mode=2&idchampionship=4820C134&idseason=00000001,F7D46144,37076412,ΛΑΥΡΙΟ DHI,10,22,True
2024-25,8C988283,ΣΤΟΟΥΒ Τζόναθαν,ΗΠΑ,5,27.61,138.05,False,ESAKE country,False,https://www.esake.gr/el/action/EsakeStats?mode=2&idchampionship=4820C134&idseason=00000001,0000000F,00000015,ΜΑΡΟΥΣΙ,12,22,True
2024-25,96FC6D4D,ΤΑΝΟΥΛΗΣ Γιώργος,ΕΛΛΑΔΑ,18,12.64,227.52,True,ESAKE country,False,https://www.esake.gr/el/action/EsakeStats?mode=2&idchampionship=4820C134&idseason=00000001,0000000F,00000015,ΜΑΡΟΥΣΙ,12,22,True
2024-25,B80002A2,ΤΖΑΚΣΟΝ Ντόνοβαν,ΗΠΑ,5,18.2,91.0,False,ESAKE country,False,https://www.esake.gr/el/action/EsakeStats?mode=2&idchampionship=4820C134&idseason=00000001,0000000A,00000010,ΚΟΛΟΣΣΟΣ H HOTELS COLLECTION,11,22,True
2024-25,1E03B182,ΤΖΙΑΛΛΑΣ Νικόλαος,ΕΛΛΑΔΑ,0,0.0,0.0,True,ESAKE country,False,https://www.esake.gr/el/action/EsakeStats?mode=2&idchampionship=4820C134&idseason=00000001,0000000D,00000013,ΠΕΡΙΣΤΕΡΙ DOMINO'S,9,22,True
2024-25,F8E4574E,ΤΖΙΩΡΑΣ Αλέξανδρος,ΕΛΛΑΔΑ,0,0.0,0.0,True,ESAKE country,False,https://www.esake.gr/el/action/EsakeStats?mode=2&idchampionship=4820C134&idseason=00000001,00000001,00000001,ΠΑΝΑΘΗΝΑΪΚΟΣ AKTOR,1,22,False
2024-25,2140EC6A,ΤΖΟΟΥΝΣ Μάρβιν,ΗΠΑ,0,0.0,0.0,False,ESAKE country,False,https://www.esake.gr/el/action/EsakeStats?mode=2&idchampionship=4820C134&idseason=00000001,0000000C,00000012,ΠΑΟΚ,6,22,False
2024-25,B3D545F0,ΤΖΟΥΣΤΟΝ Σακούρ,ΗΠΑ,4,24.4,97.6,False,ESAKE country,False,https://www.esake.gr/el/action/EsakeStats?mode=2&idchampionship=4820C134&idseason=00000001,00000005,00000005,ΑΡΗΣ,8,22,True
2024-25,7B1B05D1,ΤΙΓΚΟΠΟΥΛΟΣ Γεώργιος,ΕΛΛΑΔΑ,0,0.0,0.0,True,ESAKE country,False,https://www.esake.gr/el/action/EsakeStats?mode=2&idchampionship=4820C134&idseason=00000001,00000010,00000016,ΑΕΚ,3,22,False
2024-25,D8361DB3,ΤΟΛΙΟΠΟΥΛΟΣ Βασίλης,ΕΛΛΑΔΑ,16,26.69,427.04,True,ESAKE country,False,https://www.esake.gr/el/action/EsakeStats?mode=2&idchampionship=4820C134&idseason=00000001,00000005,00000005,ΑΡΗΣ,8,22,True
2024-25,1619D9B5,ΤΟΝΙ Οντίζ,ΗΠΑ,7,18.99,132.93,False,ESAKE country,False,https://www.esake.gr/el/action/EsakeStats?mode=2&idchampionship=4820C134&idseason=00000001,0000000A,00000010,ΚΟΛΟΣΣΟΣ H HOTELS COLLECTION,11,22,True
2024-25,0000060F,ΤΣΑΪΡΕΛΗΣ Μιχάλης,ΕΛΛΑΔΑ,16,11.74,187.84,True,ESAKE country,False,https://www.esake.gr/el/action/EsakeStats?mode=2&idchampionship=4820C134&idseason=00000001,0000000A,00000010,ΚΟΛΟΣΣΟΣ H HOTELS COLLECTION,11,22,True
2024-25,EE1DC08B,ΤΣΑΚΙΡΗΣ Γιώργος,ΕΛΛΑΔΑ,0,0.0,0.0,True,ESAKE country,False,https://www.esake.gr/el/action/EsakeStats?mode=2&idchampionship=4820C134&idseason=00000001,00000001,00000001,ΠΑΝΑΘΗΝΑΪΚΟΣ AKTOR,1,22,False
2024-25,1F2A8343,ΤΣΑΛΜΠΟΥΡΗΣ Γιώργος,ΕΛΛΑΔΑ,22,18.69,411.18,True,ESAKE country,False,https://www.esake.gr/el/action/EsakeStats?mode=2&idchampionship=4820C134&idseason=00000001,00000003,00000003,ΠΑΝΙΩΝΙΟΣ COSMORAMA TRAVEL,7,22,True
2024-25,DD8E221B,ΤΣΑΜΗΣ Παναγιώτης,ΕΛΛΑΔΑ,21,11.27,236.67,True,ESAKE country,False,https://www.esake.gr/el/action/EsakeStats?mode=2&idchampionship=4820C134&idseason=00000001,F7D46144,37076412,ΛΑΥΡΙΟ DHI,10,22,True
2024-25,4D9B6DCA,ΤΣΑΠΩΝΗΣ Στρατής,ΕΛΛΑΔΑ,1,0.62,0.62,True,ESAKE country,False,https://www.esake.gr/el/action/EsakeStats?mode=2&idchampionship=4820C134&idseason=00000001,0000000F,00000015,ΜΑΡΟΥΣΙ,12,22,True
2024-25,040DD22E,ΤΣΑΧΤΣΙΡΑΣ Φίλιππος,ΕΛΛΑΔΑ,0,0.0,0.0,True,ESAKE country,False,https://www.esake.gr/el/action/EsakeStats?mode=2&idchampionship=4820C134&idseason=00000001,00000005,00000005,ΑΡΗΣ,8,22,True
2024-25,62E01AC5,ΤΣΙΠΑΣ Χρήστος,ΕΛΛΑΔΑ,1,2.45,2.45,True,ESAKE country,False,https://www.esake.gr/el/action/EsakeStats?mode=2&idchampionship=4820C134&idseason=00000001,2A25C696,607118742,ΠΡΟΜΗΘΕΑΣ ΠΑΤΡΑΣ ΒΙΚΟΣ COLA,4,22,False
2024-25,2BD3BE12,ΤΣΟΥΡΓΙΑΝΝΗΣ Δημήτριος,ΕΛΛΑΔΑ,4,4.0,16.0,True,ESAKE country,False,https://www.esake.gr/el/action/EsakeStats?mode=2&idchampionship=4820C134&idseason=00000001,0000000D,00000013,ΠΕΡΙΣΤΕΡΙ DOMINO'S,9,22,True
2024-25,9484425D,ΦΑΛ Μουστάφα,ΓΑΛΛΙΑ,15,19.3,289.5,False,ESAKE country,False,https://www.esake.gr/el/action/EsakeStats?mode=2&idchampionship=4820C134&idseason=00000001,00000002,00000002,ΟΛΥΜΠΙΑΚΟΣ,2,22,False
2024-25,64243210,ΦΙΓΚΕΡΟΑ Ελ Τζέι,ΗΠΑ,10,19.86,198.6,False,ESAKE country,False,https://www.esake.gr/el/action/EsakeStats?mode=2&idchampionship=4820C134&idseason=00000001,00000005,00000005,ΑΡΗΣ,8,22,True
2024-25,F5C9A62B,ΦΙΛΛΙΟΣ Γιώργος,ΕΛΛΑΔΑ,12,7.51,90.12,True,ESAKE country,False,https://www.esake.gr/el/action/EsakeStats?mode=2&idchampionship=4820C134&idseason=00000001,00000005,00000005,ΑΡΗΣ,8,22,True
2024-25,F4C03812,ΦΙΛΟΞΕΝΙΔΗΣ Κώστας,ΕΛΛΑΔΑ,1,1.88,1.88,True,ESAKE country,False,https://www.esake.gr/el/action/EsakeStats?mode=2&idchampionship=4820C134&idseason=00000001,F7D46144,37076412,ΛΑΥΡΙΟ DHI,10,22,True
2024-25,B2A97905,ΦΛΙΩΝΗΣ Δημήτρης,ΕΛΛΑΔΑ,21,16.11,338.31,True,ESAKE country,False,https://www.esake.gr/el/action/EsakeStats?mode=2&idchampionship=4820C134&idseason=00000001,00000010,00000016,ΑΕΚ,3,22,False
2024-25,F687D874,ΦΛΟΪΝΤ Τζόρνταν,ΗΠΑ,4,16.04,64.16,False,ESAKE country,False,https://www.esake.gr/el/action/EsakeStats?mode=2&idchampionship=4820C134&idseason=00000001,0000000F,00000015,ΜΑΡΟΥΣΙ,12,22,True
2024-25,9F1824B5,ΦΟΡΕΣΤ Τζάκσον,ΗΠΑ,20,18.95,379.0,False,ESAKE country,False,https://www.esake.gr/el/action/EsakeStats?mode=2&idchampionship=4820C134&idseason=00000001,F7D46144,37076412,ΛΑΥΡΙΟ DHI,10,22,True
2024-25,9DBC8FE2,ΦΟΡΕΣΤΕΡ Τζέϊκομπ,ΗΠΑ,22,16.18,355.96,False,ESAKE country,False,https://www.esake.gr/el/action/EsakeStats?mode=2&idchampionship=4820C134&idseason=00000001,0000000C,00000012,ΠΑΟΚ,6,22,False
2024-25,C7F71003,ΦΟΥΡΝΙΕ Εβάν,ΓΑΛΛΙΑ,15,21.9,328.5,False,ESAKE country,False,https://www.esake.gr/el/action/EsakeStats?mode=2&idchampionship=4820C134&idseason=00000001,00000002,00000002,ΟΛΥΜΠΙΑΚΟΣ,2,22,False
2024-25,9B095932,ΦΡΙΝΤΡΙΚΣΟΝ Έλβαρ,ΙΣΛΑΝΔΙΑ,22,26.93,592.46,False,ESAKE country,False,https://www.esake.gr/el/action/EsakeStats?mode=2&idchampionship=4820C134&idseason=00000001,0000000F,00000015,ΜΑΡΟΥΣΙ,12,22,True
2024-25,15C37641,ΧΑΪΔΕΜΕΝΟΣ Ηλίας,ΕΛΛΑΔΑ,0,0.0,0.0,True,ESAKE country,False,https://www.esake.gr/el/action/EsakeStats?mode=2&idchampionship=4820C134&idseason=00000001,0000000D,00000013,ΠΕΡΙΣΤΕΡΙ DOMINO'S,9,22,True
2024-25,2D7697E1,ΧΑΜΠ Πρέντις,ΗΠΑ,22,24.97,549.34,False,ESAKE country,False,https://www.esake.gr/el/action/EsakeStats?mode=2&idchampionship=4820C134&idseason=00000001,00000010,00000016,ΑΕΚ,3,22,False
2024-25,87BA43A1,ΧΑΝΤΖΗΣ Κωνσταντίνος,ΕΛΛΑΔΑ,0,0.0,0.0,True,ESAKE country,False,https://www.esake.gr/el/action/EsakeStats?mode=2&idchampionship=4820C134&idseason=00000001,B742845D,1120377507,ΚΑΡΔΙΤΣΑ ΙΑΠΩΝΙΚΗ,5,22,False
2024-25,13E498FF,ΧΑΡΕΛ Ρόνι,ΗΠΑ,11,21.21,233.31,False,ESAKE country,False,https://www.esake.gr/el/action/EsakeStats?mode=2&idchampionship=4820C134&idseason=00000001,0000000F,00000015,ΜΑΡΟΥΣΙ,12,22,True
2024-25,BC598ED2,ΧΑΡΙΣ Σι Τζέι,ΗΠΑ,18,26.85,483.3,False,ESAKE country,False,https://www.esake.gr/el/action/EsakeStats?mode=2&idchampionship=4820C134&idseason=00000001,0000000D,00000013,ΠΕΡΙΣΤΕΡΙ DOMINO'S,9,22,True
2024-25,D45D0C59,ΧΑΤΖΗΔΑΚΗΣ Μανόλης,ΕΛΛΑΔΑ,21,14.75,309.75,True,ESAKE country,False,https://www.esake.gr/el/action/EsakeStats?mode=2&idchampionship=4820C134&idseason=00000001,00000005,00000005,ΑΡΗΣ,8,22,True
2024-25,1B250824,ΧΑΤΖΗΝΙΚΟΛΑΣ Γιάννης,ΕΛΛΑΔΑ,14,12.3,172.2,True,ESAKE country,False,https://www.esake.gr/el/action/EsakeStats?mode=2&idchampionship=4820C134&idseason=00000001,0000000A,00000010,ΚΟΛΟΣΣΟΣ H HOTELS COLLECTION,11,22,True
2024-25,33A4154C,ΧΑΤΖΗΣ Δημήτρης,ΕΛΛΑΔΑ,4,5.07,20.28,True,ESAKE country,False,https://www.esake.gr/el/action/EsakeStats?mode=2&idchampionship=4820C134&idseason=00000001,B742845D,1120377507,ΚΑΡΔΙΤΣΑ ΙΑΠΩΝΙΚΗ,5,22,False
2024-25,C33BFBFA,ΧΕΪΛ Χάντερ,ΗΠΑ,22,26.69,587.18,False,ESAKE country,False,https://www.esake.gr/el/action/EsakeStats?mode=2&idchampionship=4820C134&idseason=00000001,00000010,00000016,ΑΕΚ,3,22,False
2024-25,C0831D0C,ΧΕΝΤΕΡΣΟΝ ΤΖΕΪ ΑΡ Σέντρικ,ΗΠΑ,22,24.45,537.9,False,ESAKE country,False,https://www.esake.gr/el/action/EsakeStats?mode=2&idchampionship=4820C134&idseason=00000001,0000000C,00000012,ΠΑΟΚ,6,22,False
2024-25,EBD85CCA,ΧΙΛ Αχμέντ,ΗΠΑ,8,18.53,148.24,False,ESAKE country,False,https://www.esake.gr/el/action/EsakeStats?mode=2&idchampionship=4820C134&idseason=00000001,0000000D,00000013,ΠΕΡΙΣΤΕΡΙ DOMINO'S,9,22,True
2024-25,899F2E06,ΧΟΛ Λάνγκστον,ΗΠΑ,18,19.77,355.86,False,ESAKE country,False,https://www.esake.gr/el/action/EsakeStats?mode=2&idchampionship=4820C134&idseason=00000001,B742845D,1120377507,ΚΑΡΔΙΤΣΑ ΙΑΠΩΝΙΚΗ,5,22,False
2024-25,34FF7118,ΧΟΡΧΛΕΡ Νόα,ΗΠΑ,21,23.32,489.72,False,ESAKE country,False,https://www.esake.gr/el/action/EsakeStats?mode=2&idchampionship=4820C134&idseason=00000001,B742845D,1120377507,ΚΑΡΔΙΤΣΑ ΙΑΠΩΝΙΚΗ,5,22,False
2024-25,520B5851,ΧΟΤΖ Ντιμόϊ,ΒΡΕΤΑΝΙΚΟΙ ΠΑΡΘΕΝΟΙ ΝΗΣΟΙ,19,18.08,343.52,False,ESAKE country,False,https://www.esake.gr/el/action/EsakeStats?mode=2&idchampionship=4820C134&idseason=00000001,00000005,00000005,ΑΡΗΣ,8,22,True
2024-25,E6717D3E,ΧΟΥΓΚΑΖ Ρόμπερτ,ΕΛΛΑΔΑ,1,1.57,1.57,True,ESAKE country,False,https://www.esake.gr/el/action/EsakeStats?mode=2&idchampionship=4820C134&idseason=00000001,00000003,00000003,ΠΑΝΙΩΝΙΟΣ COSMORAMA TRAVEL,7,22,True
2024-25,948D3EC2,ΧΡΗΣΤΙΔΗΣ Βασίλης,ΕΛΛΑΔΑ,17,9.84,167.28,True,ESAKE country,False,https://www.esake.gr/el/action/EsakeStats?mode=2&idchampionship=4820C134&idseason=00000001,B742845D,1120377507,ΚΑΡΔΙΤΣΑ ΙΑΠΩΝΙΚΗ,5,22,False
2024-25,000006BD,ΧΡΥΣΙΚΟΠΟΥΛΟΣ Λίνος,ΕΛΛΑΔΑ,18,11.96,215.28,True,ESAKE country,False,https://www.esake.gr/el/action/EsakeStats?mode=2&idchampionship=4820C134&idseason=00000001,2A25C696,607118742,ΠΡΟΜΗΘΕΑΣ ΠΑΤΡΑΣ ΒΙΚΟΣ COLA,4,22,False
2025-26,F8A288FB,ΑΒΔΑΛΑΣ Νεοκλής,ΕΛΛΑΔΑ,0,0.0,0.0,True,ESAKE country,False,https://www.esake.gr/el/action/EsakeStats?mode=2&idchampionship=44B80BEB&idseason=00000001,00000001,00000001,ΠΑΝΑΘΗΝΑΪΚΟΣ AKTOR,2,24,False
2025-26,9FFCB24C,ΑΚΙΝ Νταν,ΜΕΓΑΛΗ ΒΡΕΤΑΝΙΑ,24,23.01,552.24,False,ESAKE country,False,https://www.esake.gr/el/action/EsakeStats?mode=2&idchampionship=44B80BEB&idseason=00000001,0000000A,00000010,ΚΟΛΟΣΣΟΣ H HOTELS COLLECTION,8,24,True
2025-26,EA0234B1,ΑΛΕΝ Τίμοθι Ζευς,ΗΠΑ,13,23.56,306.28,False,ESAKE country,False,https://www.esake.gr/el/action/EsakeStats?mode=2&idchampionship=44B80BEB&idseason=00000001,0000000C,00000012,ΠΑΟΚ,3,24,False
2025-26,558B338D,ΑΜΠΕΡΚΡΟΜΠΙ Ράιλι,ΙΡΛΑΝΔΙΑ,12,22.9,274.8,False,ESAKE country,False,https://www.esake.gr/el/action/EsakeStats?mode=2&idchampionship=44B80BEB&idseason=00000001,0000000D,00000013,ΠΕΡΙΣΤΕΡΙ Betsson,6,24,False
2025-26,DF30F505,ΑΝΤΕΤΟΚΟΥΝΜΠΟ Άλεξ - Εμέκα,ΕΛΛΑΔΑ,1,1.98,1.98,True,ESAKE country,False,https://www.esake.gr/el/action/EsakeStats?mode=2&idchampionship=44B80BEB&idseason=00000001,00000005,00000005,ΑΡΗΣ,5,24,False
2025-26,0CB6EC08,ΑΝΤΕΤΟΚΟΥΝΜΠΟ Κώστας,ΕΛΛΑΔΑ,19,15.42,292.98,True,ESAKE country,False,https://www.esake.gr/el/action/EsakeStats?mode=2&idchampionship=44B80BEB&idseason=00000001,00000005,00000005,ΑΡΗΣ,5,24,False
2025-26,B111BBC9,ΑΝΤΖΟΥΣΙΤΣ Ντανίλο,ΣΕΡΒΙΑ,15,22.49,337.35,False,ESAKE country,False,https://www.esake.gr/el/action/EsakeStats?mode=2&idchampionship=44B80BEB&idseason=00000001,00000005,00000005,ΑΡΗΣ,5,24,False
2025-26,AE01432F,ΑΠΛΜΠΙ Ταϊρί,ΗΠΑ,24,29.98,719.52,False,ESAKE country,False,https://www.esake.gr/el/action/EsakeStats?mode=2&idchampionship=44B80BEB&idseason=00000001,BB4B460F,1052694769,ΜΥΚΟΝΟΣ Betsson BC,7,24,False
2025-26,F68045AF,ΑΠΣΟΝ Ντεβόντε,ΗΠΑ,8,22.45,179.6,False,ESAKE country,False,https://www.esake.gr/el/action/EsakeStats?mode=2&idchampionship=44B80BEB&idseason=00000001,B742845D,1120377507,ΚΑΡΔΙΤΣΑ ΙΑΠΩΝΙΚΗ,11,24,True
2025-26,90ECEF25,ΑΡΜΣ Αντόνις,ΗΠΑ,13,17.53,227.89,False,ESAKE country,False,https://www.esake.gr/el/action/EsakeStats?mode=2&idchampionship=44B80BEB&idseason=00000001,00000010,00000016,ΑΕΚ,4,24,False
2025-26,6BC4B84C,ΑΡΣΕΝΟΠΟΥΛΟΣ Νίκος,ΕΛΛΑΔΑ,13,2.92,37.96,True,ESAKE country,False,https://www.esake.gr/el/action/EsakeStats?mode=2&idchampionship=44B80BEB&idseason=00000001,00000010,00000016,ΑΕΚ,4,24,False
2025-26,F9A1A4A7,ΑΣΗΜΕΝΙΟΣ Αθανάσιος,ΕΛΛΑΔΑ,2,1.64,3.28,True,ESAKE country,False,https://www.esake.gr/el/action/EsakeStats?mode=2&idchampionship=44B80BEB&idseason=00000001,0000000D,00000013,ΠΕΡΙΣΤΕΡΙ Betsson,6,24,False
2025-26,698E6BD5,ΑΣΩΝΙΤΗΣ Ευάγγελος,ΕΛΛΑΔΑ,0,0.0,0.0,True,ESAKE country,False,https://www.esake.gr/el/action/EsakeStats?mode=2&idchampionship=44B80BEB&idseason=00000001,0000000D,00000013,ΠΕΡΙΣΤΕΡΙ Betsson,6,24,False
2025-26,6A0C83E7,ΒΑΝ-ΤΟΥΜΠΕΡΓΚΕΝ Τζέικ,ΗΠΑ,23,25.25,580.75,False,ESAKE country,False,https://www.esake.gr/el/action/EsakeStats?mode=2&idchampionship=44B80BEB&idseason=00000001,0000000D,00000013,ΠΕΡΙΣΤΕΡΙ Betsson,6,24,False
2025-26,75636AC2,ΒΑΝΔΩΡΟΣ Γρηγόρης,ΕΛΛΑΔΑ,0,0.0,0.0,True,ESAKE country,False,https://www.esake.gr/el/action/EsakeStats?mode=2&idchampionship=44B80BEB&idseason=00000001,00000010,00000016,ΑΕΚ,4,24,False
2025-26,BF205CBC,ΒΑΣΙΛΕΙΑΔΗΣ Παύλος,ΕΛΛΑΔΑ,0,0.0,0.0,True,ESAKE country,False,https://www.esake.gr/el/action/EsakeStats?mode=2&idchampionship=44B80BEB&idseason=00000001,00000001,00000001,ΠΑΝΑΘΗΝΑΪΚΟΣ AKTOR,2,24,False
2025-26,00000069,ΒΕΖΕΝΚΟΦ Αλέξανδρος,ΚΥΠΡΟΣ,19,22.5,427.5,False,ESAKE country,False,https://www.esake.gr/el/action/EsakeStats?mode=2&idchampionship=44B80BEB&idseason=00000001,00000002,00000002,ΟΛΥΜΠΙΑΚΟΣ,1,24,False
2025-26,D3EB9D82,ΒΛΑΧΟΣ - ΤΣΟΠΕΛΑΣ Αθανάσιος,ΕΛΛΑΔΑ,0,0.0,0.0,True,ESAKE country,False,https://www.esake.gr/el/action/EsakeStats?mode=2&idchampionship=44B80BEB&idseason=00000001,00000011,00000017,ΗΡΑΚΛΗΣ,9,24,True
2025-26,00000738,ΓΕΡΟΜΙΧΑΛΟΣ Πέτρος,ΕΛΛΑΔΑ,21,10.41,218.61,True,ESAKE country,False,https://www.esake.gr/el/action/EsakeStats?mode=2&idchampionship=44B80BEB&idseason=00000001,BB4B460F,1052694769,ΜΥΚΟΝΟΣ Betsson BC,7,24,False
2025-26,FB80350A,ΓΕΩΡΓΟΠΟΥΛΟΣ Ευάγγελος,ΕΛΛΑΔΑ,0,0.0,0.0,True,ESAKE country,False,https://www.esake.gr/el/action/EsakeStats?mode=2&idchampionship=44B80BEB&idseason=00000001,00000010,00000016,ΑΕΚ,4,24,False
2025-26,0000009B,ΓΙΑΝΚΟΒΙΤΣ Βλαδίμηρος,ΕΛΛΑΔΑ,18,14.0,252.0,True,ESAKE country,False,https://www.esake.gr/el/action/EsakeStats?mode=2&idchampionship=44B80BEB&idseason=00000001,0000000D,00000013,ΠΕΡΙΣΤΕΡΙ Betsson,6,24,False
2025-26,7E5D147D,ΓΙΑΝΝΙΚΟΣ Μάριος,ΕΛΛΑΔΑ,4,1.29,5.16,True,ESAKE country,False,https://www.esake.gr/el/action/EsakeStats?mode=2&idchampionship=44B80BEB&idseason=00000001,00000011,00000017,ΗΡΑΚΛΗΣ,9,24,True
2025-26,000000A4,ΓΙΑΝΝΟΠΟΥΛΟΣ Χάρης,ΕΛΛΑΔΑ,11,11.25,123.75,True,ESAKE country,False,https://www.esake.gr/el/action/EsakeStats?mode=2&idchampionship=44B80BEB&idseason=00000001,0000000F,00000015,ΜΑΡΟΥΣΙ,12,24,True
2025-26,6B0BDE16,ΓΙΟΥΡΤΣΕΒΕΝ Ομέρ,ΤΟΥΡΚΙΑ,10,16.88,168.8,False,ESAKE country,False,https://www.esake.gr/el/action/EsakeStats?mode=2&idchampionship=44B80BEB&idseason=00000001,00000001,00000001,ΠΑΝΑΘΗΝΑΪΚΟΣ AKTOR,2,24,False
2025-26,139F0EBB,ΓΚΑΛΒΑΝΙΝΙ Γκάμπριελ,ΒΡΑΖΙΛΙΑ,24,23.72,569.28,False,ESAKE country,False,https://www.esake.gr/el/action/EsakeStats?mode=2&idchampionship=44B80BEB&idseason=00000001,0000000A,00000010,ΚΟΛΟΣΣΟΣ H HOTELS COLLECTION,8,24,True
2025-26,B9B644CD,ΓΚΑΜΠΛ ΤΖΟΥΝΙΟΡ Καρλ Γουίλιαμ,ΗΠΑ,9,13.5,121.5,False,ESAKE country,False,https://www.esake.gr/el/action/EsakeStats?mode=2&idchampionship=44B80BEB&idseason=00000001,BB4B460F,1052694769,ΜΥΚΟΝΟΣ Betsson BC,7,24,False
2025-26,F2C4F5E2,ΓΚΑΟΥΝΤΛΟΚ Άντριου,ΗΠΑ,7,26.83,187.81,False,ESAKE country,False,https://www.esake.gr/el/action/EsakeStats?mode=2&idchampionship=44B80BEB&idseason=00000001,0000000A,00000010,ΚΟΛΟΣΣΟΣ H HOTELS COLLECTION,8,24,True
2025-26,CC57C559,ΓΚΙΚΑΣ Νίκος,ΕΛΛΑΔΑ,22,12.19,268.18,True,ESAKE country,False,https://www.esake.gr/el/action/EsakeStats?mode=2&idchampionship=44B80BEB&idseason=00000001,00000003,00000003,ΠΑΝΙΩΝΙΟΣ COSMORAMA TRAVEL,13,24,True
2025-26,E223062A,ΓΚΙΟΥΖΕΛΗΣ Γιώργος,ΕΛΛΑΔΑ,10,7.58,75.8,True,ESAKE country,False,https://www.esake.gr/el/action/EsakeStats?mode=2&idchampionship=44B80BEB&idseason=00000001,00000005,00000005,ΑΡΗΣ,5,24,False
2025-26,230354E1,ΓΚΟΥΜΑΣ Άγγελος,ΕΛΛΑΔΑ,0,0.0,0.0,True,ESAKE country,False,https://www.esake.gr/el/action/EsakeStats?mode=2&idchampionship=44B80BEB&idseason=00000001,2A25C696,607118742,ΠΡΟΜΗΘΕΑΣ ΠΑΤΡΑΣ ΒΙΚΟΣ COLA,10,24,True
2025-26,FFF395A0,ΓΚΟΥΝΤΓΟΥΙΝ Τσέβεζ,ΗΠΑ,14,14.87,208.18,False,ESAKE country,False,https://www.esake.gr/el/action/EsakeStats?mode=2&idchampionship=44B80BEB&idseason=00000001,0000000A,00000010,ΚΟΛΟΣΣΟΣ H HOTELS COLLECTION,8,24,True
2025-26,ED0E5902,ΓΚΡΑΝΤ Ντεβόν,ΗΠΑ,8,24.96,199.68,False,ESAKE country,False,https://www.esake.gr/el/action/EsakeStats?mode=2&idchampionship=44B80BEB&idseason=00000001,2A25C696,607118742,ΠΡΟΜΗΘΕΑΣ ΠΑΤΡΑΣ ΒΙΚΟΣ COLA,10,24,True
2025-26,7D3E4D77,ΓΚΡΑΝΤ Τζέριαν,ΗΠΑ,20,19.48,389.6,False,ESAKE country,False,https://www.esake.gr/el/action/EsakeStats?mode=2&idchampionship=44B80BEB&idseason=00000001,00000001,00000001,ΠΑΝΑΘΗΝΑΪΚΟΣ AKTOR,2,24,False
2025-26,FD013EDA,ΓΚΡΕΙ ΡαϊΚουάν,ΗΠΑ,22,29.19,642.18,False,ESAKE country,False,https://www.esake.gr/el/action/EsakeStats?mode=2&idchampionship=44B80BEB&idseason=00000001,00000010,00000016,ΑΕΚ,4,24,False
2025-26,645F5095,ΓΚΡΕΊ Ρομπ,ΗΠΑ,16,30.45,487.2,False,ESAKE country,False,https://www.esake.gr/el/action/EsakeStats?mode=2&idchampionship=44B80BEB&idseason=00000001,2A25C696,607118742,ΠΡΟΜΗΘΕΑΣ ΠΑΤΡΑΣ ΒΙΚΟΣ COLA,10,24,True
2025-26,DC12D2F3,ΓΚΡΙΓΚΟΝΙΣ Μάριους,ΛΙΘΟΥΑΝΙΑ,6,22.84,137.04,False,ESAKE country,False,https://www.esake.gr/el/action/EsakeStats?mode=2&idchampionship=44B80BEB&idseason=00000001,00000001,00000001,ΠΑΝΑΘΗΝΑΪΚΟΣ AKTOR,2,24,False
2025-26,E02706AA,ΓΟΝΤΙΚΑΣ Κωνσταντίνος,ΕΛΛΑΔΑ,17,10.32,175.44,True,ESAKE country,False,https://www.esake.gr/el/action/EsakeStats?mode=2&idchampionship=44B80BEB&idseason=00000001,00000003,00000003,ΠΑΝΙΩΝΙΟΣ COSMORAMA TRAVEL,13,24,True
2025-26,6C630C6A,ΓΟΥΟΚΑΠ Τόμας,ΕΛΛΑΔΑ,16,19.01,304.16,True,ESAKE country,False,https://www.esake.gr/el/action/EsakeStats?mode=2&idchampionship=44B80BEB&idseason=00000001,00000002,00000002,ΟΛΥΜΠΙΑΚΟΣ,1,24,False
2025-26,6E2AFDA4,ΓΟΥΟΚΕΡ Τζόρνταν,ΗΠΑ,6,26.94,161.64,False,ESAKE country,False,https://www.esake.gr/el/action/EsakeStats?mode=2&idchampionship=44B80BEB&idseason=00000001,0000000F,00000015,ΜΑΡΟΥΣΙ,12,24,True
2025-26,84E128EB,ΓΟΥΟΛ Τάιλερ,ΗΠΑ,4,16.01,64.04,False,ESAKE country,False,https://www.esake.gr/el/action/EsakeStats?mode=2&idchampionship=44B80BEB&idseason=00000001,00000003,00000003,ΠΑΝΙΩΝΙΟΣ COSMORAMA TRAVEL,13,24,True
2025-26,88A8B311,ΓΟΥΟΤΣΟΝ Νέιτ,ΗΠΑ,24,24.62,590.88,False,ESAKE country,False,https://www.esake.gr/el/action/EsakeStats?mode=2&idchampionship=44B80BEB&idseason=00000001,00000003,00000003,ΠΑΝΙΩΝΙΟΣ COSMORAMA TRAVEL,13,24,True
2025-26,647ACEAC,ΔΙΠΛΑΡΟΣ Νίκος,ΕΛΛΑΔΑ,23,20.24,465.52,True,ESAKE country,False,https://www.esake.gr/el/action/EsakeStats?mode=2&idchampionship=44B80BEB&idseason=00000001,B742845D,1120377507,ΚΑΡΔΙΤΣΑ ΙΑΠΩΝΙΚΗ,11,24,True
2025-26,B95E26C9,ΔΙΠΛΑΡΟΣ Ορέστης,ΕΛΛΑΔΑ,0,0.0,0.0,True,ESAKE country,False,https://www.esake.gr/el/action/EsakeStats?mode=2&idchampionship=44B80BEB&idseason=00000001,2A25C696,607118742,ΠΡΟΜΗΘΕΑΣ ΠΑΤΡΑΣ ΒΙΚΟΣ COLA,10,24,True
2025-26,E2C7A697,ΕΒΑΝΣ Κίναν,ΗΠΑ,1,19.33,19.33,False,ESAKE country,False,https://www.esake.gr/el/action/EsakeStats?mode=2&idchampionship=44B80BEB&idseason=00000001,00000002,00000002,ΟΛΥΜΠΙΑΚΟΣ,1,24,False
2025-26,0BBCFBD3,ΕΒΑΝΣ Τζέρεμι,ΗΠΑ,6,20.52,123.12,False,ESAKE country,False,https://www.esake.gr/el/action/EsakeStats?mode=2&idchampionship=44B80BEB&idseason=00000001,BB4B460F,1052694769,ΜΥΚΟΝΟΣ Betsson BC,7,24,False
2025-26,4DC85096,ΕΛΙΣ Ελ,ΗΠΑ,14,22.72,318.08,False,ESAKE country,False,https://www.esake.gr/el/action/EsakeStats?mode=2&idchampionship=44B80BEB&idseason=00000001,B742845D,1120377507,ΚΑΡΔΙΤΣΑ ΙΑΠΩΝΙΚΗ,11,24,True
2025-26,4CA651BC,ΕΝΤΛΕΡ ΝΤΕΪΒΙΣ Τζάστιν Πάρκερ,ΗΠΑ,17,22.31,379.27,False,ESAKE country,False,https://www.esake.gr/el/action/EsakeStats?mode=2&idchampionship=44B80BEB&idseason=00000001,00000011,00000017,ΗΡΑΚΛΗΣ,9,24,True
2025-26,CCD3ABD1,ΕΡΜΕΙΔΗΣ Δημήτρης,ΕΛΛΑΔΑ,11,3.92,43.12,True,ESAKE country,False,https://www.esake.gr/el/action/EsakeStats?mode=2&idchampionship=44B80BEB&idseason=00000001,BB4B460F,1052694769,ΜΥΚΟΝΟΣ Betsson BC,7,24,False
2025-26,4A30A4F1,ΕΡΝΑΝΓΚΟΜΕΘ Χουάντσο,ΙΣΠΑΝΙΑ,17,23.61,401.37,False,ESAKE country,False,https://www.esake.gr/el/action/EsakeStats?mode=2&idchampionship=44B80BEB&idseason=00000001,00000001,00000001,ΠΑΝΑΘΗΝΑΪΚΟΣ AKTOR,2,24,False
2025-26,FB52E38E,ΕΣΤΡΑΔΑ Άαρον,ΗΠΑ,9,18.92,170.28,False,ESAKE country,False,https://www.esake.gr/el/action/EsakeStats?mode=2&idchampionship=44B80BEB&idseason=00000001,B742845D,1120377507,ΚΑΡΔΙΤΣΑ ΙΑΠΩΝΙΚΗ,11,24,True
2025-26,00000140,ΖΑΡΑΣ Θοδωρής,ΕΛΛΑΔΑ,13,3.48,45.24,True,ESAKE country,False,https://www.esake.gr/el/action/EsakeStats?mode=2&idchampionship=44B80BEB&idseason=00000001,0000000C,00000012,ΠΑΟΚ,3,24,False
2025-26,5EC4DF10,ΖΕΥΓΑΡΑΣ Θωμάς,ΕΛΛΑΔΑ,5,1.72,8.6,True,ESAKE country,False,https://www.esake.gr/el/action/EsakeStats?mode=2&idchampionship=44B80BEB&idseason=00000001,B742845D,1120377507,ΚΑΡΔΙΤΣΑ ΙΑΠΩΝΙΚΗ,11,24,True
2025-26,786D1826,ΘΩΜΑΚΟΣ Αλέξανδρος,ΕΛΛΑΔΑ,5,6.25,31.25,True,ESAKE country,False,https://www.esake.gr/el/action/EsakeStats?mode=2&idchampionship=44B80BEB&idseason=00000001,0000000D,00000013,ΠΕΡΙΣΤΕΡΙ Betsson,6,24,False
2025-26,77C8FCA5,ΙΑΤΡΙΔΗΣ Κωνσταντίνος,ΕΛΛΑΔΑ,10,5.11,51.1,True,ESAKE country,False,https://www.esake.gr/el/action/EsakeStats?mode=2&idchampionship=44B80BEB&idseason=00000001,0000000C,00000012,ΠΑΟΚ,3,24,False
2025-26,F972EF29,ΙΝΟΧ Στήβεν,ΗΠΑ,11,20.98,230.78,False,ESAKE country,False,https://www.esake.gr/el/action/EsakeStats?mode=2&idchampionship=44B80BEB&idseason=00000001,00000005,00000005,ΑΡΗΣ,5,24,False
2025-26,5FF950F2,ΙΟΡΔΑΝΟΥ Χρήστος,ΕΛΛΑΔΑ,4,6.53,26.12,True,ESAKE country,False,https://www.esake.gr/el/action/EsakeStats?mode=2&idchampionship=44B80BEB&idseason=00000001,0000000F,00000015,ΜΑΡΟΥΣΙ,12,24,True
2025-26,1A1AA377,ΙΤΟΥΝΑΣ Τζον,ΕΛΛΑΔΑ,22,10.15,223.3,True,ESAKE country,False,https://www.esake.gr/el/action/EsakeStats?mode=2&idchampionship=44B80BEB&idseason=00000001,0000000D,00000013,ΠΕΡΙΣΤΕΡΙ Betsson,6,24,False
2025-26,0E4A65B2,ΙΩΑΝΝΟΥ Βασίλης,ΕΛΛΑΔΑ,0,0.0,0.0,True,ESAKE country,False,https://www.esake.gr/el/action/EsakeStats?mode=2&idchampionship=44B80BEB&idseason=00000001,00000010,00000016,ΑΕΚ,4,24,False
2025-26,00000167,ΚΑΒΒΑΔΑΣ Βασίλης,ΕΛΛΑΔΑ,21,8.18,171.78,True,ESAKE country,False,https://www.esake.gr/el/action/EsakeStats?mode=2&idchampionship=44B80BEB&idseason=00000001,BB4B460F,1052694769,ΜΥΚΟΝΟΣ Betsson BC,7,24,False
2025-26,128F4556,ΚΑΖΑΜΙΑΣ Βασίλης,ΕΛΛΑΔΑ,4,2.71,10.84,True,ESAKE country,False,https://www.esake.gr/el/action/EsakeStats?mode=2&idchampionship=44B80BEB&idseason=00000001,00000005,00000005,ΑΡΗΣ,5,24,False
2025-26,16AE30FC,ΚΑΚΛΑΜΑΝΑΚΗΣ Δημήτρης,ΕΛΛΑΔΑ,23,20.74,477.02,True,ESAKE country,False,https://www.esake.gr/el/action/EsakeStats?mode=2&idchampionship=44B80BEB&idseason=00000001,0000000D,00000013,ΠΕΡΙΣΤΕΡΙ Betsson,6,24,False
2025-26,CAA8D9F2,ΚΑΛΑΪΤΖΑΚΗΣ Αλέξανδρος,ΕΛΛΑΔΑ,14,4.32,60.48,True,ESAKE country,False,https://www.esake.gr/el/action/EsakeStats?mode=2&idchampionship=44B80BEB&idseason=00000001,0000000A,00000010,ΚΟΛΟΣΣΟΣ H HOTELS COLLECTION,8,24,True
2025-26,B9778770,ΚΑΛΑΪΤΖΑΚΗΣ Γιώργος,ΕΛΛΑΔΑ,24,15.3,367.2,True,ESAKE country,False,https://www.esake.gr/el/action/EsakeStats?mode=2&idchampionship=44B80BEB&idseason=00000001,0000000F,00000015,ΜΑΡΟΥΣΙ,12,24,True
2025-26,9E3DB04D,ΚΑΛΑΪΤΖΑΚΗΣ Παναγιώτης,ΕΛΛΑΔΑ,22,13.29,292.38,True,ESAKE country,False,https://www.esake.gr/el/action/EsakeStats?mode=2&idchampionship=44B80BEB&idseason=00000001,00000001,00000001,ΠΑΝΑΘΗΝΑΪΚΟΣ AKTOR,2,24,False
2025-26,3F8AE0E4,ΚΑΜΑΡΙΑΝΟΣ Νικόλαος,ΕΛΛΑΔΑ,14,7.45,104.3,True,ESAKE country,False,https://www.esake.gr/el/action/EsakeStats?mode=2&idchampionship=44B80BEB&idseason=00000001,0000000A,00000010,ΚΟΛΟΣΣΟΣ H HOTELS COLLECTION,8,24,True
2025-26,5099E231,ΚΑΜΠΕΡΙΔΗΣ Γιώργος,ΕΛΛΑΔΑ,24,19.89,477.36,True,ESAKE country,False,https://www.esake.gr/el/action/EsakeStats?mode=2&idchampionship=44B80BEB&idseason=00000001,B742845D,1120377507,ΚΑΡΔΙΤΣΑ ΙΑΠΩΝΙΚΗ,11,24,True
2025-26,2BD65881,ΚΑΜΠΟΥΡΙΔΗΣ Κωνσταντίνος,ΕΛΛΑΔΑ,17,8.2,139.4,True,ESAKE country,False,https://www.esake.gr/el/action/EsakeStats?mode=2&idchampionship=44B80BEB&idseason=00000001,00000011,00000017,ΗΡΑΚΛΗΣ,9,24,True
2025-26,63F9CEF0,ΚΑΝΑΝΤΙ Ντέβιν,ΗΠΑ,20,26.79,535.8,False,ESAKE country,False,https://www.esake.gr/el/action/EsakeStats?mode=2&idchampionship=44B80BEB&idseason=00000001,BB4B460F,1052694769,ΜΥΚΟΝΟΣ Betsson BC,7,24,False
2025-26,93419A43,ΚΑΠΕΤΑΚΗΣ Ευδόξιος,ΕΛΛΑΔΑ,6,4.07,24.42,True,ESAKE country,False,https://www.esake.gr/el/action/EsakeStats?mode=2&idchampionship=44B80BEB&idseason=00000001,2A25C696,607118742,ΠΡΟΜΗΘΕΑΣ ΠΑΤΡΑΣ ΒΙΚΟΣ COLA,10,24,True
2025-26,8B8BBCE3,ΚΑΠΙΡΕΛΗΣ Δημήτριος,ΕΛΛΑΔΑ,1,0.4,0.4,True,ESAKE country,False,https://www.esake.gr/el/action/EsakeStats?mode=2&idchampionship=44B80BEB&idseason=00000001,0000000D,00000013,ΠΕΡΙΣΤΕΡΙ Betsson,6,24,False
2025-26,9B0B82A0,ΚΑΡΑΓΙΑΝΝΙΔΗΣ Αντώνης,ΕΛΛΑΔΑ,18,19.0,342.0,True,ESAKE country,False,https://www.esake.gr/el/action/EsakeStats?mode=2&idchampionship=44B80BEB&idseason=00000001,2A25C696,607118742,ΠΡΟΜΗΘΕΑΣ ΠΑΤΡΑΣ ΒΙΚΟΣ COLA,10,24,True
2025-26,A1D217D1,ΚΑΡΑΚΩΣΤΑΣ Γιάννης,ΕΛΛΑΔΑ,13,9.73,126.49,True,ESAKE country,False,https://www.esake.gr/el/action/EsakeStats?mode=2&idchampionship=44B80BEB&idseason=00000001,0000000F,00000015,ΜΑΡΟΥΣΙ,12,24,True
2025-26,B91AE9D3,ΚΑΡΑΜΠΕΛΑΣ Ζώης,ΕΛΛΑΔΑ,23,13.34,306.82,True,ESAKE country,False,https://www.esake.gr/el/action/EsakeStats?mode=2&idchampionship=44B80BEB&idseason=00000001,0000000A,00000010,ΚΟΛΟΣΣΟΣ H HOTELS COLLECTION,8,24,True
2025-26,8E76E4FF,ΚΑΡΙΟΥΣ Γουίλιαμ Γκλεν,ΗΠΑ,12,22.56,270.72,False,ESAKE country,False,https://www.esake.gr/el/action/EsakeStats?mode=2&idchampionship=44B80BEB&idseason=00000001,0000000D,00000013,ΠΕΡΙΣΤΕΡΙ Betsson,6,24,False
2025-26,61009549,ΚΑΡΝΤΕΝΑΣ Αλβάρο,ΙΣΠΑΝΙΑ,24,26.42,634.08,False,ESAKE country,False,https://www.esake.gr/el/action/EsakeStats?mode=2&idchampionship=44B80BEB&idseason=00000001,0000000D,00000013,ΠΕΡΙΣΤΕΡΙ Betsson,6,24,False
2025-26,301D1D59,ΚΑΡΡΑΣ Ιάσων,ΕΛΛΑΔΑ,0,0.0,0.0,True,ESAKE country,False,https://www.esake.gr/el/action/EsakeStats?mode=2&idchampionship=44B80BEB&idseason=00000001,00000001,00000001,ΠΑΝΑΘΗΝΑΪΚΟΣ AKTOR,2,24,False
2025-26,000001AD,ΚΑΣΕΛΑΚΗΣ Λεωνίδας,ΕΛΛΑΔΑ,24,22.54,540.96,True,ESAKE country,False,https://www.esake.gr/el/action/EsakeStats?mode=2&idchampionship=44B80BEB&idseason=00000001,B742845D,1120377507,ΚΑΡΔΙΤΣΑ ΙΑΠΩΝΙΚΗ,11,24,True
2025-26,000001BC,ΚΑΤΣΙΒΕΛΗΣ Δημήτρης,ΕΛΛΑΔΑ,18,19.2,345.6,True,ESAKE country,False,https://www.esake.gr/el/action/EsakeStats?mode=2&idchampionship=44B80BEB&idseason=00000001,00000010,00000016,ΑΕΚ,4,24,False
2025-26,3E8D128B,ΚΕΝΕΝΤΙ Κιοντρε,ΗΠΑ,8,20.46,163.68,False,ESAKE country,False,https://www.esake.gr/el/action/EsakeStats?mode=2&idchampionship=44B80BEB&idseason=00000001,0000000A,00000010,ΚΟΛΟΣΣΟΣ H HOTELS COLLECTION,8,24,True
2025-26,8CCF8CA3,ΚΙΖΛ Γιάννης Τζαλ,ΕΛΛΑΔΑ,0,0.0,0.0,True,ESAKE country,False,https://www.esake.gr/el/action/EsakeStats?mode=2&idchampionship=44B80BEB&idseason=00000001,00000001,00000001,ΠΑΝΑΘΗΝΑΪΚΟΣ AKTOR,2,24,False
2025-26,A33E8C47,ΚΙΝΓΚ Μοχαβε,ΗΠΑ,6,22.37,134.22,False,ESAKE country,False,https://www.esake.gr/el/action/EsakeStats?mode=2&idchampionship=44B80BEB&idseason=00000001,BB4B460F,1052694769,ΜΥΚΟΝΟΣ Betsson BC,7,24,False
2025-26,65D9EF95,ΚΙΝΓΚ Τζόρνταν,ΗΠΑ,20,26.25,525.0,False,ESAKE country,False,https://www.esake.gr/el/action/EsakeStats?mode=2&idchampionship=44B80BEB&idseason=00000001,0000000F,00000015,ΜΑΡΟΥΣΙ,12,24,True
2025-26,0B2C5917,ΚΙΟΣΙΑ Κρίστο,ΕΛΛΑΔΑ,1,0.97,0.97,True,ESAKE country,False,https://www.esake.gr/el/action/EsakeStats?mode=2&idchampionship=44B80BEB&idseason=00000001,2A25C696,607118742,ΠΡΟΜΗΘΕΑΣ ΠΑΤΡΑΣ ΒΙΚΟΣ COLA,10,24,True
2025-26,CE7F5DE6,ΚΛΑΒΕΛ ΛΟΠΕΣ Τζαν Λουίς,ΗΠΑ,2,13.68,27.36,False,ESAKE country,False,https://www.esake.gr/el/action/EsakeStats?mode=2&idchampionship=44B80BEB&idseason=00000001,00000010,00000016,ΑΕΚ,4,24,False
2025-26,4AABE918,ΚΟΛΕΜΑΝ Κένταλ,ΗΠΑ,22,24.22,532.84,False,ESAKE country,False,https://www.esake.gr/el/action/EsakeStats?mode=2&idchampionship=44B80BEB&idseason=00000001,2A25C696,607118742,ΠΡΟΜΗΘΕΑΣ ΠΑΤΡΑΣ ΒΙΚΟΣ COLA,10,24,True
2025-26,5330373D,ΚΟΛΟΒΕΡΟΣ Ιωσήφ,ΕΛΛΑΔΑ,23,14.17,325.91,True,ESAKE country,False,https://www.esake.gr/el/action/EsakeStats?mode=2&idchampionship=44B80BEB&idseason=00000001,0000000A,00000010,ΚΟΛΟΣΣΟΣ H HOTELS COLLECTION,8,24,True
2025-26,63B08529,ΚΟΜΝΙΑΝΙΔΗΣ Αλέξανδρος,ΕΛΛΑΔΑ,4,1.66,6.64,True,ESAKE country,False,https://www.esake.gr/el/action/EsakeStats?mode=2&idchampionship=44B80BEB&idseason=00000001,00000011,00000017,ΗΡΑΚΛΗΣ,9,24,True
2025-26,0622C301,ΚΟΜΝΙΑΝΙΔΗΣ Ιωάννης,ΕΛΛΑΔΑ,8,5.07,40.56,True,ESAKE country,False,https://www.esake.gr/el/action/EsakeStats?mode=2&idchampionship=44B80BEB&idseason=00000001,2A25C696,607118742,ΠΡΟΜΗΘΕΑΣ ΠΑΤΡΑΣ ΒΙΚΟΣ COLA,10,24,True
2025-26,CF580EB7,ΚΟΝΙΑΡΗΣ Αντώνης,ΕΛΛΑΔΑ,22,19.35,425.7,True,ESAKE country,False,https://www.esake.gr/el/action/EsakeStats?mode=2&idchampionship=44B80BEB&idseason=00000001,0000000C,00000012,ΠΑΟΚ,3,24,False
2025-26,4C0E5F4B,ΚΟΥΖΕΛΟΓΛΟΥ Γιάννης,ΕΛΛΑΔΑ,19,11.98,227.62,True,ESAKE country,False,https://www.esake.gr/el/action/EsakeStats?mode=2&idchampionship=44B80BEB&idseason=00000001,00000001,00000001,ΠΑΝΑΘΗΝΑΪΚΟΣ AKTOR,2,24,False
2025-26,2A79ECAD,ΚΟΥΖΜΙΝΣΚΑΣ Μιντάουγκας,ΛΙΘΟΥΑΝΙΑ,12,13.14,157.68,False,ESAKE country,False,https://www.esake.gr/el/action/EsakeStats?mode=2&idchampionship=44B80BEB&idseason=00000001,00000010,00000016,ΑΕΚ,4,24,False
2025-26,0760F694,ΚΟΥΛΜΠΟΚΑ Αρνόλντας,ΛΙΘΟΥΑΝΙΑ,23,19.0,437.0,False,ESAKE country,False,https://www.esake.gr/el/action/EsakeStats?mode=2&idchampionship=44B80BEB&idseason=00000001,00000005,00000005,ΑΡΗΣ,5,24,False
2025-26,21C5ED0D,ΚΟΥΡΟΥΠΑΚΗΣ Περικλής,ΕΛΛΑΔΑ,20,7.2,144.0,True,ESAKE country,False,https://www.esake.gr/el/action/EsakeStats?mode=2&idchampionship=44B80BEB&idseason=00000001,0000000A,00000010,ΚΟΛΟΣΣΟΣ H HOTELS COLLECTION,8,24,True
2025-26,684E895E,ΚΟΥΤΣΙΔΗΣ Σοφιανός,ΕΛΛΑΔΑ,0,0.0,0.0,True,ESAKE country,False,https://www.esake.gr/el/action/EsakeStats?mode=2&idchampionship=44B80BEB&idseason=00000001,2A25C696,607118742,ΠΡΟΜΗΘΕΑΣ ΠΑΤΡΑΣ ΒΙΚΟΣ COLA,10,24,True
2025-26,14A01952,ΚΡΟΥΖΕΡ Τζάκσον,ΗΠΑ,24,21.77,522.48,False,ESAKE country,False,https://www.esake.gr/el/action/EsakeStats?mode=2&idchampionship=44B80BEB&idseason=00000001,00000003,00000003,ΠΑΝΙΩΝΙΟΣ COSMORAMA TRAVEL,13,24,True
2025-26,97F0888E,ΛΑΓΙΟΣ Αγγελος,ΕΛΛΑΔΑ,20,9.94,198.8,True,ESAKE country,False,https://www.esake.gr/el/action/EsakeStats?mode=2&idchampionship=44B80BEB&idseason=00000001,2A25C696,607118742,ΠΡΟΜΗΘΕΑΣ ΠΑΤΡΑΣ ΒΙΚΟΣ COLA,10,24,True
2025-26,4DCEABE0,ΛΑΖΑΡΙΔΗΣ Αλέξανδρος,ΕΛΛΑΔΑ,0,0.0,0.0,True,ESAKE country,False,https://www.esake.gr/el/action/EsakeStats?mode=2&idchampionship=44B80BEB&idseason=00000001,0000000D,00000013,ΠΕΡΙΣΤΕΡΙ Betsson,6,24,False
2025-26,DCE5FEBC,ΛΑΪΝΑΣ Κωνσταντίνος,ΕΛΛΑΔΑ,0,0.0,0.0,True,ESAKE country,False,https://www.esake.gr/el/action/EsakeStats?mode=2&idchampionship=44B80BEB&idseason=00000001,0000000F,00000015,ΜΑΡΟΥΣΙ,12,24,True
2025-26,6C0472C9,ΛΑΜΠΡΕΧΤ Τιμ,ΒΕΛΓΙΟ,3,10.69,32.07,False,ESAKE country,False,https://www.esake.gr/el/action/EsakeStats?mode=2&idchampionship=44B80BEB&idseason=00000001,00000011,00000017,ΗΡΑΚΛΗΣ,9,24,True
2025-26,00000245,ΛΑΡΕΝΤΖΑΚΗΣ Γιαννούλης,ΕΛΛΑΔΑ,19,12.49,237.31,True,ESAKE country,False,https://www.esake.gr/el/action/EsakeStats?mode=2&idchampionship=44B80BEB&idseason=00000001,00000002,00000002,ΟΛΥΜΠΙΑΚΟΣ,1,24,False
2025-26,B2A41EE3,ΛΕΚΑΒΙΤΣΙΟΥΣ Λούκας,ΛΙΘΟΥΑΝΙΑ,24,20.03,480.72,False,ESAKE country,False,https://www.esake.gr/el/action/EsakeStats?mode=2&idchampionship=44B80BEB&idseason=00000001,00000010,00000016,ΑΕΚ,4,24,False
2025-26,35C5EE78,ΛΕΜΟΝ Στέντμον,ΗΠΑ,18,18.96,341.28,False,ESAKE country,False,https://www.esake.gr/el/action/EsakeStats?mode=2&idchampionship=44B80BEB&idseason=00000001,00000003,00000003,ΠΑΝΙΩΝΙΟΣ COSMORAMA TRAVEL,13,24,True
2025-26,E625EBD8,ΛΕΣΟΡ Ματίας,ΓΑΛΛΙΑ,2,23.95,47.9,False,ESAKE country,False,https://www.esake.gr/el/action/EsakeStats?mode=2&idchampionship=44B80BEB&idseason=00000001,00000001,00000001,ΠΑΝΑΘΗΝΑΪΚΟΣ AKTOR,2,24,False
2025-26,8CE2CC3B,ΛΕΦΑΣ Παναγιώτης,ΕΛΛΑΔΑ,4,1.72,6.88,True,ESAKE country,False,https://www.esake.gr/el/action/EsakeStats?mode=2&idchampionship=44B80BEB&idseason=00000001,00000005,00000005,ΑΡΗΣ,5,24,False
2025-26,2D883EB4,ΛΙ Σέιμπεν,ΗΠΑ,10,17.73,177.3,False,ESAKE country,False,https://www.esake.gr/el/action/EsakeStats?mode=2&idchampionship=44B80BEB&idseason=00000001,00000002,00000002,ΟΛΥΜΠΙΑΚΟΣ,1,24,False
2025-26,000006FD,ΛΙΑΠΗΣ Μιχάλης,ΕΛΛΑΔΑ,8,3.37,26.96,True,ESAKE country,False,https://www.esake.gr/el/action/EsakeStats?mode=2&idchampionship=44B80BEB&idseason=00000001,B742845D,1120377507,ΚΑΡΔΙΤΣΑ ΙΑΠΩΝΙΚΗ,11,24,True
2025-26,5A8A8DFC,ΛΙΟΥΪΣ Μάθιου,ΗΠΑ,24,24.78,594.72,False,ESAKE country,False,https://www.esake.gr/el/action/EsakeStats?mode=2&idchampionship=44B80BEB&idseason=00000001,00000003,00000003,ΠΑΝΙΩΝΙΟΣ COSMORAMA TRAVEL,13,24,True
2025-26,2BB1AF1F,ΛΟΥΝΤΖΗΣ Μιχάλης,ΕΛΛΑΔΑ,4,27.96,111.84,True,ESAKE country,False,https://www.esake.gr/el/action/EsakeStats?mode=2&idchampionship=44B80BEB&idseason=00000001,00000003,00000003,ΠΑΝΙΩΝΙΟΣ COSMORAMA TRAVEL,13,24,True
2025-26,FC26E3ED,ΜΑΚ ΚΙΣΙΚ Σακίλ,ΗΠΑ,0,0.0,0.0,False,ESAKE country,False,https://www.esake.gr/el/action/EsakeStats?mode=2&idchampionship=44B80BEB&idseason=00000001,00000002,00000002,ΟΛΥΜΠΙΑΚΟΣ,1,24,False
2025-26,BF78543C,ΜΑΚ Τέβιν ΣΤΑΒΟΝΤΕΪ,ΗΠΑ,15,30.32,454.8,False,ESAKE country,False,https://www.esake.gr/el/action/EsakeStats?mode=2&idchampionship=44B80BEB&idseason=00000001,0000000A,00000010,ΚΟΛΟΣΣΟΣ H HOTELS COLLECTION,8,24,True
2025-26,5A47EB24,ΜΑΚΑΛΟΥΜ Κένταλ,ΗΠΑ,11,24.43,268.73,False,ESAKE country,False,https://www.esake.gr/el/action/EsakeStats?mode=2&idchampionship=44B80BEB&idseason=00000001,2A25C696,607118742,ΠΡΟΜΗΘΕΑΣ ΠΑΤΡΑΣ ΒΙΚΟΣ COLA,10,24,True
2025-26,3EE6DBBB,ΜΑΚΛΑΝΑΧΑΝ Ντέξτερ,ΗΠΑ,4,13.59,54.36,False,ESAKE country,False,https://www.esake.gr/el/action/EsakeStats?mode=2&idchampionship=44B80BEB&idseason=00000001,0000000A,00000010,ΚΟΛΟΣΣΟΣ H HOTELS COLLECTION,8,24,True
2025-26,C2B1E86B,ΜΑΚΟΥΡΑ Τζέι Πι,ΗΠΑ,12,22.57,270.84,False,ESAKE country,False,https://www.esake.gr/el/action/EsakeStats?mode=2&idchampionship=44B80BEB&idseason=00000001,2A25C696,607118742,ΠΡΟΜΗΘΕΑΣ ΠΑΤΡΑΣ ΒΙΚΟΣ COLA,10,24,True
2025-26,FF30F6FA,ΜΑΝΔΑΛΑΣ Νικήτας - Αντώνιος,ΕΛΛΑΔΑ,0,0.0,0.0,True,ESAKE country,False,https://www.esake.gr/el/action/EsakeStats?mode=2&idchampionship=44B80BEB&idseason=00000001,0000000F,00000015,ΜΑΡΟΥΣΙ,12,24,True
2025-26,0D2514F5,ΜΑΝΗΣ Εμμανουήλ,ΕΛΛΑΔΑ,0,0.0,0.0,True,ESAKE country,False,https://www.esake.gr/el/action/EsakeStats?mode=2&idchampionship=44B80BEB&idseason=00000001,0000000C,00000012,ΠΑΟΚ,3,24,False
2025-26,9E1CFB56,ΜΑΝΘΟΠΟΥΛΟΣ Χρήστος,ΕΛΛΑΔΑ,0,0.0,0.0,True,ESAKE country,False,https://www.esake.gr/el/action/EsakeStats?mode=2&idchampionship=44B80BEB&idseason=00000001,0000000C,00000012,ΠΑΟΚ,3,24,False
2025-26,0000029C,ΜΑΝΤΖΑΡΗΣ Βαγγέλης,ΕΛΛΑΔΑ,24,16.83,403.92,True,ESAKE country,False,https://www.esake.gr/el/action/EsakeStats?mode=2&idchampionship=44B80BEB&idseason=00000001,BB4B460F,1052694769,ΜΥΚΟΝΟΣ Betsson BC,7,24,False
2025-26,BD97A63B,ΜΑΝΤΣΕΝ Αλεξάντερ,ΦΙΝΛΑΝΔΙΑ,22,16.2,356.4,False,ESAKE country,False,https://www.esake.gr/el/action/EsakeStats?mode=2&idchampionship=44B80BEB&idseason=00000001,B742845D,1120377507,ΚΑΡΔΙΤΣΑ ΙΑΠΩΝΙΚΗ,11,24,True
2025-26,BCD8606F,ΜΕΓΓΟΣ Κωνσταντίνος,ΕΛΛΑΔΑ,0,0.0,0.0,True,ESAKE country,False,https://www.esake.gr/el/action/EsakeStats?mode=2&idchampionship=44B80BEB&idseason=00000001,2A25C696,607118742,ΠΡΟΜΗΘΕΑΣ ΠΑΤΡΑΣ ΒΙΚΟΣ COLA,10,24,True
2025-26,22136494,ΜΕΪΚΟΝ Ντάριλ,ΗΠΑ,18,25.15,452.7,False,ESAKE country,False,https://www.esake.gr/el/action/EsakeStats?mode=2&idchampionship=44B80BEB&idseason=00000001,0000000F,00000015,ΜΑΡΟΥΣΙ,12,24,True
2025-26,E7DDBF96,ΜΕΛΒΙΝ Κλίβελαντ,ΗΠΑ,22,25.77,566.94,False,ESAKE country,False,https://www.esake.gr/el/action/EsakeStats?mode=2&idchampionship=44B80BEB&idseason=00000001,0000000C,00000012,ΠΑΟΚ,3,24,False
2025-26,A151495E,ΜΕΡΚΒΙΛΑΝΤΖΕ Άλεξ,ΓΕΩΡΓΙΑ,1,19.22,19.22,False,ESAKE country,False,https://www.esake.gr/el/action/EsakeStats?mode=2&idchampionship=44B80BEB&idseason=00000001,00000005,00000005,ΑΡΗΣ,5,24,False
2025-26,7F6E6DE3,ΜΗΤΟΓΛΟΥ Κωνσταντίνος,ΕΛΛΑΔΑ,20,19.75,395.0,True,ESAKE country,False,https://www.esake.gr/el/action/EsakeStats?mode=2&idchampionship=44B80BEB&idseason=00000001,00000001,00000001,ΠΑΝΑΘΗΝΑΪΚΟΣ AKTOR,2,24,False
2025-26,726D6513,ΜΗΤΡΟΥ-ΛΟΝΓΚ Ελάιζα,ΕΛΛΑΔΑ,23,27.51,632.73,True,ESAKE country,False,https://www.esake.gr/el/action/EsakeStats?mode=2&idchampionship=44B80BEB&idseason=00000001,00000005,00000005,ΑΡΗΣ,5,24,False
2025-26,E6EC7439,ΜΙΛΟΥΤΙΝΟΦ Νίκολα,ΣΕΡΒΙΑ,17,15.6,265.2,False,ESAKE country,False,https://www.esake.gr/el/action/EsakeStats?mode=2&idchampionship=44B80BEB&idseason=00000001,00000002,00000002,ΟΛΥΜΠΙΑΚΟΣ,1,24,False
2025-26,3BB61443,ΜΟΡΙΣ Μόντε Ρόμπερτ,ΗΠΑ,7,21.02,147.14,False,ESAKE country,False,https://www.esake.gr/el/action/EsakeStats?mode=2&idchampionship=44B80BEB&idseason=00000001,00000002,00000002,ΟΛΥΜΠΙΑΚΟΣ,1,24,False
2025-26,81B0524B,ΜΟΥΡ Καλίντ,ΗΠΑ,24,23.85,572.4,False,ESAKE country,False,https://www.esake.gr/el/action/EsakeStats?mode=2&idchampionship=44B80BEB&idseason=00000001,BB4B460F,1052694769,ΜΥΚΟΝΟΣ Betsson BC,7,24,False
2025-26,BFA5ABF7,ΜΟΥΡ Μπεν,ΗΠΑ,24,25.64,615.36,False,ESAKE country,False,https://www.esake.gr/el/action/EsakeStats?mode=2&idchampionship=44B80BEB&idseason=00000001,0000000C,00000012,ΠΑΟΚ,3,24,False
2025-26,FED5F313,ΜΟΥΡΑΤΟΣ Βασίλης,ΕΛΛΑΔΑ,23,12.8,294.4,True,ESAKE country,False,https://www.esake.gr/el/action/EsakeStats?mode=2&idchampionship=44B80BEB&idseason=00000001,0000000D,00000013,ΠΕΡΙΣΤΕΡΙ Betsson,6,24,False
2025-26,448AF744,ΜΠΑΖΙΝΑΣ Θανάσης,ΕΛΛΑΔΑ,23,21.73,499.79,True,ESAKE country,False,https://www.esake.gr/el/action/EsakeStats?mode=2&idchampionship=44B80BEB&idseason=00000001,2A25C696,607118742,ΠΡΟΜΗΘΕΑΣ ΠΑΤΡΑΣ ΒΙΚΟΣ COLA,10,24,True
2025-26,55A1C4B9,ΜΠΑΡΜΠΙΤΣ Μίλαν,ΓΑΛΛΙΑ,6,20.26,121.56,False,ESAKE country,False,https://www.esake.gr/el/action/EsakeStats?mode=2&idchampionship=44B80BEB&idseason=00000001,0000000A,00000010,ΚΟΛΟΣΣΟΣ H HOTELS COLLECTION,8,24,True
2025-26,8DFB21EC,ΜΠΑΡΤΛΕΪ Φράνκ,ΗΠΑ,24,30.9,741.6,False,ESAKE country,False,https://www.esake.gr/el/action/EsakeStats?mode=2&idchampionship=44B80BEB&idseason=00000001,00000010,00000016,ΑΕΚ,4,24,False
2025-26,00000339,ΜΠΕΒΕΡΛΙ Πάτρικ,ΗΠΑ,8,22.35,178.8,False,ESAKE country,False,https://www.esake.gr/el/action/EsakeStats?mode=2&idchampionship=44B80BEB&idseason=00000001,0000000C,00000012,ΠΑΟΚ,3,24,False
2025-26,D34E0C35,ΜΠΕΛΟ Τζουμπριλε,ΗΝΩΜΕΝΟ ΒΑΣΙΛΕΙΟ,11,14.67,161.37,False,ESAKE country,False,https://www.esake.gr/el/action/EsakeStats?mode=2&idchampionship=44B80BEB&idseason=00000001,2A25C696,607118742,ΠΡΟΜΗΘΕΑΣ ΠΑΤΡΑΣ ΒΙΚΟΣ COLA,10,24,True
2025-26,5F44AD42,ΜΠΙΛΙΩΝΗΣ Χάρης,ΕΛΛΑΔΑ,1,1.42,1.42,True,ESAKE country,False,https://www.esake.gr/el/action/EsakeStats?mode=2&idchampionship=44B80BEB&idseason=00000001,00000010,00000016,ΑΕΚ,4,24,False
2025-26,ED874474,ΜΠΙΛΛΗΣ Σωτήρης,ΕΛΛΑΔΑ,8,4.48,35.84,True,ESAKE country,False,https://www.esake.gr/el/action/EsakeStats?mode=2&idchampionship=44B80BEB&idseason=00000001,BB4B460F,1052694769,ΜΥΚΟΝΟΣ Betsson BC,7,24,False
2025-26,3BC0C2B5,ΜΠΟΘΓΟΥΕΛ Μάικ,ΗΠΑ,4,9.91,39.64,False,ESAKE country,False,https://www.esake.gr/el/action/EsakeStats?mode=2&idchampionship=44B80BEB&idseason=00000001,B742845D,1120377507,ΚΑΡΔΙΤΣΑ ΙΑΠΩΝΙΚΗ,11,24,True
2025-26,9293AFE3,ΜΠΟΥΖΟΥΛΑΣ Ευάγγελος,ΕΛΛΑΔΑ,0,0.0,0.0,True,ESAKE country,False,https://www.esake.gr/el/action/EsakeStats?mode=2&idchampionship=44B80BEB&idseason=00000001,00000002,00000002,ΟΛΥΜΠΙΑΚΟΣ,1,24,False
2025-26,13D42A9A,ΜΠΟΥΡΝΕΛΕΣ Γεώργιος,ΕΛΛΑΔΑ,4,2.58,10.32,True,ESAKE country,False,https://www.esake.gr/el/action/EsakeStats?mode=2&idchampionship=44B80BEB&idseason=00000001,00000002,00000002,ΟΛΥΜΠΙΑΚΟΣ,1,24,False
2025-26,0000037E,ΜΠΟΧΩΡΙΔΗΣ Ελευθέριος,ΕΛΛΑΔΑ,22,18.74,412.28,True,ESAKE country,False,https://www.esake.gr/el/action/EsakeStats?mode=2&idchampionship=44B80BEB&idseason=00000001,00000005,00000005,ΑΡΗΣ,5,24,False
2025-26,BC64636C,ΜΠΡΑΟΥΝ Γκρεγκορι,ΗΠΑ,9,20.75,186.75,False,ESAKE country,False,https://www.esake.gr/el/action/EsakeStats?mode=2&idchampionship=44B80BEB&idseason=00000001,00000010,00000016,ΑΕΚ,4,24,False
2025-26,C6E165D8,ΜΠΡΑΟΥΝ Στέφεν,ΗΠΑ,8,27.07,216.56,False,ESAKE country,False,https://www.esake.gr/el/action/EsakeStats?mode=2&idchampionship=44B80BEB&idseason=00000001,0000000C,00000012,ΠΑΟΚ,3,24,False
2025-26,AFF632D9,ΜΠΡΙΓΚΣ Τζάστιν,ΗΠΑ,16,17.33,277.28,False,ESAKE country,False,https://www.esake.gr/el/action/EsakeStats?mode=2&idchampionship=44B80BEB&idseason=00000001,0000000F,00000015,ΜΑΡΟΥΣΙ,12,24,True
2025-26,E79B2944,ΜΩΡΑΪΤΗΣ Δημήτρης,ΕΛΛΑΔΑ,24,27.36,656.64,True,ESAKE country,False,https://www.esake.gr/el/action/EsakeStats?mode=2&idchampionship=44B80BEB&idseason=00000001,00000011,00000017,ΗΡΑΚΛΗΣ,9,24,True
2025-26,7D80AD55,ΝΑΝ Κέντρικ,ΗΠΑ,14,22.07,308.98,False,ESAKE country,False,https://www.esake.gr/el/action/EsakeStats?mode=2&idchampionship=44B80BEB&idseason=00000001,00000001,00000001,ΠΑΝΑΘΗΝΑΪΚΟΣ AKTOR,2,24,False
2025-26,000006DC,ΝΑΝΑΛΙ Τζέιμς Γουίλιαμ,ΗΠΑ,9,26.74,240.66,False,ESAKE country,False,https://www.esake.gr/el/action/EsakeStats?mode=2&idchampionship=44B80BEB&idseason=00000001,00000010,00000016,ΑΕΚ,4,24,False
2025-26,14F5D6AF,ΝΕΤΖΗΠΟΓΛΟΥ Όμηρος,ΕΛΛΑΔΑ,15,9.33,139.95,True,ESAKE country,False,https://www.esake.gr/el/action/EsakeStats?mode=2&idchampionship=44B80BEB&idseason=00000001,00000002,00000002,ΟΛΥΜΠΙΑΚΟΣ,1,24,False
2025-26,6547DF27,ΝΙΚΟΛΑΪΔΗΣ Αλέξανδρος,ΕΛΛΑΔΑ,23,13.45,309.35,True,ESAKE country,False,https://www.esake.gr/el/action/EsakeStats?mode=2&idchampionship=44B80BEB&idseason=00000001,00000003,00000003,ΠΑΝΙΩΝΙΟΣ COSMORAMA TRAVEL,13,24,True
2025-26,949D607B,ΝΙΚΟΛΣ Ντέιβιντ Κρίστοφερ,,15,27.76,416.4,False,Manual review of blank country,False,https://www.esake.gr/el/action/EsakeStats?mode=2&idchampionship=44B80BEB&idseason=00000001,0000000A,00000010,ΚΟΛΟΣΣΟΣ H HOTELS COLLECTION,8,24,True
2025-26,BC555A0B,ΝΙΚΟΛΣ Τάι,ΗΠΑ,23,27.28,627.44,False,ESAKE country,False,https://www.esake.gr/el/action/EsakeStats?mode=2&idchampionship=44B80BEB&idseason=00000001,0000000D,00000013,ΠΕΡΙΣΤΕΡΙ Betsson,6,24,False
2025-26,3E67D9D0,ΝΙΛΙΚΙΝΑ ΦΡΑΝΚ,ΓΑΛΛΙΑ,15,17.57,263.55,False,ESAKE country,False,https://www.esake.gr/el/action/EsakeStats?mode=2&idchampionship=44B80BEB&idseason=00000001,00000002,00000002,ΟΛΥΜΠΙΑΚΟΣ,1,24,False
2025-26,4517CD53,ΝΟΥΑ Αμίν,ΓΑΛΛΙΑ,18,28.89,520.02,False,ESAKE country,False,https://www.esake.gr/el/action/EsakeStats?mode=2&idchampionship=44B80BEB&idseason=00000001,00000005,00000005,ΑΡΗΣ,5,24,False
2025-26,D8419599,ΝΟΥΣΙΟΣ Μιχαήλ,ΕΛΛΑΔΑ,0,0.0,0.0,True,ESAKE country,False,https://www.esake.gr/el/action/EsakeStats?mode=2&idchampionship=44B80BEB&idseason=00000001,0000000C,00000012,ΠΑΟΚ,3,24,False
2025-26,68D55C81,ΝΤΑΡΚΟ-ΚΕΛΙ Ζάκιους,ΗΠΑ,12,18.85,226.2,False,ESAKE country,False,https://www.esake.gr/el/action/EsakeStats?mode=2&idchampionship=44B80BEB&idseason=00000001,00000011,00000017,ΗΡΑΚΛΗΣ,9,24,True
2025-26,4C3E0D1F,ΝΤΕ-ΣΟΟΥΖΑ Σίλβιο,ΑΝΓΚΟΛΑ,12,16.03,192.36,False,ESAKE country,False,https://www.esake.gr/el/action/EsakeStats?mode=2&idchampionship=44B80BEB&idseason=00000001,0000000F,00000015,ΜΑΡΟΥΣΙ,12,24,True
2025-26,9EB41ADD,ΝΤΕΣΙΛΝΤΣ Κέρον,ΗΠΑ,2,19.08,38.16,False,ESAKE country,False,https://www.esake.gr/el/action/EsakeStats?mode=2&idchampionship=44B80BEB&idseason=00000001,00000003,00000003,ΠΑΝΙΩΝΙΟΣ COSMORAMA TRAVEL,13,24,True
2025-26,04A11AF9,ΝΤΙΜΣΑ Τόμας,ΛΙΘΟΥΑΝΙΑ,21,28.4,596.4,False,ESAKE country,False,https://www.esake.gr/el/action/EsakeStats?mode=2&idchampionship=44B80BEB&idseason=00000001,0000000C,00000012,ΠΑΟΚ,3,24,False
2025-26,12208166,ΝΤΟΡΣΕΪ Τάιλερ,ΕΛΛΑΔΑ,20,22.11,442.2,True,ESAKE country,False,https://www.esake.gr/el/action/EsakeStats?mode=2&idchampionship=44B80BEB&idseason=00000001,00000002,00000002,ΟΛΥΜΠΙΑΚΟΣ,1,24,False
2025-26,731428B7,ΟΓΚΟΥΝΤΙΡΑΝ Ομοτάγιο Τζόρνταν,ΗΠΑ,3,10.52,31.56,False,ESAKE country,False,https://www.esake.gr/el/action/EsakeStats?mode=2&idchampionship=44B80BEB&idseason=00000001,0000000F,00000015,ΜΑΡΟΥΣΙ,12,24,True
2025-26,811AA1C0,ΟΙΚΟΝΟΜΙΔΗΣ Ευστάθιος,ΕΛΛΑΔΑ,0,0.0,0.0,True,ESAKE country,False,https://www.esake.gr/el/action/EsakeStats?mode=2&idchampionship=44B80BEB&idseason=00000001,2A25C696,607118742,ΠΡΟΜΗΘΕΑΣ ΠΑΤΡΑΣ ΒΙΚΟΣ COLA,10,24,True
2025-26,628DA4EE,ΟΙΚΟΝΟΜΟΠΟΥΛΟΣ Σωτήρης,ΕΛΛΑΔΑ,6,4.58,27.48,True,ESAKE country,False,https://www.esake.gr/el/action/EsakeStats?mode=2&idchampionship=44B80BEB&idseason=00000001,00000003,00000003,ΠΑΝΙΩΝΙΟΣ COSMORAMA TRAVEL,13,24,True
2025-26,92F6A168,ΟΚΟΡΟ Φράνσις,ΝΙΓΗΡΙΑ,1,19.17,19.17,False,ESAKE country,False,https://www.esake.gr/el/action/EsakeStats?mode=2&idchampionship=44B80BEB&idseason=00000001,B742845D,1120377507,ΚΑΡΔΙΤΣΑ ΙΑΠΩΝΙΚΗ,11,24,True
2025-26,5DB4E930,ΟΜΟΡΟΥΓΙ Κλίφορντ,ΝΙΓΗΡΙΑ,9,16.07,144.63,False,ESAKE country,False,https://www.esake.gr/el/action/EsakeStats?mode=2&idchampionship=44B80BEB&idseason=00000001,0000000C,00000012,ΠΑΟΚ,3,24,False
2025-26,CD105647,ΟΣΜΑΝ Τσεντί,Β. ΜΑΚΕΔΟΝΙΑ,14,23.55,329.7,False,ESAKE country,False,https://www.esake.gr/el/action/EsakeStats?mode=2&idchampionship=44B80BEB&idseason=00000001,00000001,00000001,ΠΑΝΑΘΗΝΑΪΚΟΣ AKTOR,2,24,False
2025-26,53E8F901,ΟΥIΛΙΑΜΣ Τζακόρεϊ,ΗΠΑ,23,22.11,508.53,False,ESAKE country,False,https://www.esake.gr/el/action/EsakeStats?mode=2&idchampionship=44B80BEB&idseason=00000001,0000000F,00000015,ΜΑΡΟΥΣΙ,12,24,True
2025-26,CEB2F808,ΟΥΑΣΙΝΓΚΤΟΝ Γουόρεν,ΗΠΑ,11,19.34,212.74,False,ESAKE country,False,https://www.esake.gr/el/action/EsakeStats?mode=2&idchampionship=44B80BEB&idseason=00000001,B742845D,1120377507,ΚΑΡΔΙΤΣΑ ΙΑΠΩΝΙΚΗ,11,24,True
2025-26,6E776956,ΟΥΕΑΡ Λανς,ΗΠΑ,24,20.44,490.56,False,ESAKE country,False,https://www.esake.gr/el/action/EsakeStats?mode=2&idchampionship=44B80BEB&idseason=00000001,00000011,00000017,ΗΡΑΚΛΗΣ,9,24,True
2025-26,501C93AD,ΟΥΪΓΚΙΝΣ Ντιμάζιο,ΗΠΑ,2,17.55,35.1,False,ESAKE country,False,https://www.esake.gr/el/action/EsakeStats?mode=2&idchampionship=44B80BEB&idseason=00000001,B742845D,1120377507,ΚΑΡΔΙΤΣΑ ΙΑΠΩΝΙΚΗ,11,24,True
2025-26,3793B035,ΟΥΟΡΝΤ Τάισον,ΗΠΑ,19,21.1,400.9,False,ESAKE country,False,https://www.esake.gr/el/action/EsakeStats?mode=2&idchampionship=44B80BEB&idseason=00000001,00000002,00000002,ΟΛΥΜΠΙΑΚΟΣ,1,24,False
2025-26,19195593,ΠΑΓΟΥΛΑΤΟΣ Αλέξης Γεράσιμος,ΕΛΛΑΔΑ,0,0.0,0.0,True,ESAKE country,False,https://www.esake.gr/el/action/EsakeStats?mode=2&idchampionship=44B80BEB&idseason=00000001,00000001,00000001,ΠΑΝΑΘΗΝΑΪΚΟΣ AKTOR,2,24,False
2025-26,8B98D976,ΠΑΝΑΓΟΠΟΥΛΟΣ Δημήτριος,ΕΛΛΑΔΑ,1,0.6,0.6,True,ESAKE country,False,https://www.esake.gr/el/action/EsakeStats?mode=2&idchampionship=44B80BEB&idseason=00000001,00000003,00000003,ΠΑΝΙΩΝΙΟΣ COSMORAMA TRAVEL,13,24,True
2025-26,5CEB4062,ΠΑΠΑΓΕΩΡΓΙΟΥ Δημήτριος,ΕΛΛΑΔΑ,2,5.83,11.66,True,ESAKE country,False,https://www.esake.gr/el/action/EsakeStats?mode=2&idchampionship=44B80BEB&idseason=00000001,0000000D,00000013,ΠΕΡΙΣΤΕΡΙ Betsson,6,24,False
2025-26,41010DDA,ΠΑΠΑΔΑΚΗΣ Κώστας,ΕΛΛΑΔΑ,12,12.52,150.24,True,ESAKE country,False,https://www.esake.gr/el/action/EsakeStats?mode=2&idchampionship=44B80BEB&idseason=00000001,0000000D,00000013,ΠΕΡΙΣΤΕΡΙ Betsson,6,24,False
2025-26,210FB913,ΠΑΠΑΘΑΝΑΣΙΟΥ Τζορτζ Πίτερς,ΕΛΛΑΔΑ,25,18.8,470.0,True,ESAKE country,False,https://www.esake.gr/el/action/EsakeStats?mode=2&idchampionship=44B80BEB&idseason=00000001,00000003,00000003,ΠΑΝΙΩΝΙΟΣ COSMORAMA TRAVEL,13,24,True
2025-26,4188D9FE,ΠΑΠΑΪΩΑΝΝΟΥ Σπυρίδων,ΕΛΛΑΔΑ,0,0.0,0.0,True,ESAKE country,False,https://www.esake.gr/el/action/EsakeStats?mode=2&idchampionship=44B80BEB&idseason=00000001,00000002,00000002,ΟΛΥΜΠΙΑΚΟΣ,1,24,False
2025-26,160AF6DB,ΠΑΠΑΝΙΚΟΛΑΟΥ Θοδωρής,ΕΛΛΑΔΑ,0,0.0,0.0,True,ESAKE country,False,https://www.esake.gr/el/action/EsakeStats?mode=2&idchampionship=44B80BEB&idseason=00000001,00000001,00000001,ΠΑΝΑΘΗΝΑΪΚΟΣ AKTOR,2,24,False
2025-26,00000468,ΠΑΠΑΝΙΚΟΛΑΟΥ Κώστας,ΕΛΛΑΔΑ,21,20.26,425.46,True,ESAKE country,False,https://www.esake.gr/el/action/EsakeStats?mode=2&idchampionship=44B80BEB&idseason=00000001,00000002,00000002,ΟΛΥΜΠΙΑΚΟΣ,1,24,False
2025-26,8430176A,ΠΑΣΑΓΙΑΝΝΗΣ Μανώλης,ΕΛΛΑΔΑ,0,0.0,0.0,True,ESAKE country,False,https://www.esake.gr/el/action/EsakeStats?mode=2&idchampionship=44B80BEB&idseason=00000001,B742845D,1120377507,ΚΑΡΔΙΤΣΑ ΙΑΠΩΝΙΚΗ,11,24,True
2025-26,C151B736,ΠΑΤΡΙΚΗΣ Ανδρέας,ΕΛΛΑΔΑ,14,5.47,76.58,True,ESAKE country,False,https://www.esake.gr/el/action/EsakeStats?mode=2&idchampionship=44B80BEB&idseason=00000001,00000003,00000003,ΠΑΝΙΩΝΙΟΣ COSMORAMA TRAVEL,13,24,True
2025-26,96B38FA6,ΠΕΪΝ Ομάρ,ΗΠΑ,24,18.87,452.88,False,ESAKE country,False,https://www.esake.gr/el/action/EsakeStats?mode=2&idchampionship=44B80BEB&idseason=00000001,0000000D,00000013,ΠΕΡΙΣΤΕΡΙ Betsson,6,24,False
2025-26,722A96BC,ΠΕΡΑΝΤΕΣ Λόντον,ΗΠΑ,18,22.33,401.94,False,ESAKE country,False,https://www.esake.gr/el/action/EsakeStats?mode=2&idchampionship=44B80BEB&idseason=00000001,0000000F,00000015,ΜΑΡΟΥΣΙ,12,24,True
2025-26,49574E22,ΠΕΡΣΙΔΗΣ Νικόλαος,ΕΛΛΑΔΑ,24,19.47,467.28,True,ESAKE country,False,https://www.esake.gr/el/action/EsakeStats?mode=2&idchampionship=44B80BEB&idseason=00000001,0000000C,00000012,ΠΑΟΚ,3,24,False
2025-26,CC7D0D5D,ΠΕΤΡΑΚΗΣ Τζο,ΕΛΛΑΔΑ,14,6.19,86.66,True,ESAKE country,False,https://www.esake.gr/el/action/EsakeStats?mode=2&idchampionship=44B80BEB&idseason=00000001,0000000D,00000013,ΠΕΡΙΣΤΕΡΙ Betsson,6,24,False
2025-26,2FDD0350,ΠΕΤΡΟΠΟΥΛΟΣ Ανδρέας,ΕΛΛΑΔΑ,24,17.52,420.48,True,ESAKE country,False,https://www.esake.gr/el/action/EsakeStats?mode=2&idchampionship=44B80BEB&idseason=00000001,0000000A,00000010,ΚΟΛΟΣΣΟΣ H HOTELS COLLECTION,8,24,True
2025-26,D8AAA670,ΠΕΤΣΑΡΣΚΙ Μάρκο,ΕΛΛΑΔΑ,15,9.91,148.65,True,ESAKE country,False,https://www.esake.gr/el/action/EsakeStats?mode=2&idchampionship=44B80BEB&idseason=00000001,00000010,00000016,ΑΕΚ,4,24,False
2025-26,AB45FD1B,ΠΙΤΕΡΣ Αλεκ,ΗΠΑ,23,21.57,496.11,False,ESAKE country,False,https://www.esake.gr/el/action/EsakeStats?mode=2&idchampionship=44B80BEB&idseason=00000001,00000002,00000002,ΟΛΥΜΠΙΑΚΟΣ,1,24,False
2025-26,8A20EF38,ΠΛΩΤΑΣ Νίκος,ΕΛΛΑΔΑ,23,18.09,416.07,True,ESAKE country,False,https://www.esake.gr/el/action/EsakeStats?mode=2&idchampionship=44B80BEB&idseason=00000001,2A25C696,607118742,ΠΡΟΜΗΘΕΑΣ ΠΑΤΡΑΣ ΒΙΚΟΣ COLA,10,24,True
2025-26,C0270BD9,ΠΟΛΙΚΑΠ Πάουλι,ΗΠΑ,5,11.7,58.5,False,ESAKE country,False,https://www.esake.gr/el/action/EsakeStats?mode=2&idchampionship=44B80BEB&idseason=00000001,2A25C696,607118742,ΠΡΟΜΗΘΕΑΣ ΠΑΤΡΑΣ ΒΙΚΟΣ COLA,10,24,True
2025-26,9F68444D,ΠΟΥΛΙΑΝΙΤΗΣ Μάριος,ΕΛΛΑΔΑ,8,5.21,41.68,True,ESAKE country,False,https://www.esake.gr/el/action/EsakeStats?mode=2&idchampionship=44B80BEB&idseason=00000001,00000011,00000017,ΗΡΑΚΛΗΣ,9,24,True
2025-26,F42B3D2C,ΠΟΥΛΙΑΝΙΤΗΣ Στέλιος,ΕΛΛΑΔΑ,22,13.44,295.68,True,ESAKE country,False,https://www.esake.gr/el/action/EsakeStats?mode=2&idchampionship=44B80BEB&idseason=00000001,00000005,00000005,ΑΡΗΣ,5,24,False
2025-26,F8C3F7B9,ΠΟΥΛΟΣ Δημήτρης,ΕΛΛΑΔΑ,1,2.0,2.0,True,ESAKE country,False,https://www.esake.gr/el/action/EsakeStats?mode=2&idchampionship=44B80BEB&idseason=00000001,2A25C696,607118742,ΠΡΟΜΗΘΕΑΣ ΠΑΤΡΑΣ ΒΙΚΟΣ COLA,10,24,True
2025-26,59CC416B,ΠΟΥΡΛΙΔΑΣ Βασίλειος,ΕΛΛΑΔΑ,3,3.67,11.01,True,ESAKE country,False,https://www.esake.gr/el/action/EsakeStats?mode=2&idchampionship=44B80BEB&idseason=00000001,00000005,00000005,ΑΡΗΣ,5,24,False
2025-26,71CE16B3,ΠΟΥΡΝΑΡΑΣ Γιάννης,ΕΛΛΑΔΑ,0,0.0,0.0,True,ESAKE country,False,https://www.esake.gr/el/action/EsakeStats?mode=2&idchampionship=44B80BEB&idseason=00000001,00000010,00000016,ΑΕΚ,4,24,False
2025-26,46EC5E96,ΠΡΕΚΑΣ Γρηγόρης,ΕΛΛΑΔΑ,8,6.35,50.8,True,ESAKE country,False,https://www.esake.gr/el/action/EsakeStats?mode=2&idchampionship=44B80BEB&idseason=00000001,2A25C696,607118742,ΠΡΟΜΗΘΕΑΣ ΠΑΤΡΑΣ ΒΙΚΟΣ COLA,10,24,True
2025-26,17958650,ΡΑΪΤ-ΦΟΡΕΜΑΝ Τζάστιν,ΗΠΑ,17,28.04,476.68,False,ESAKE country,False,https://www.esake.gr/el/action/EsakeStats?mode=2&idchampionship=44B80BEB&idseason=00000001,00000011,00000017,ΗΡΑΚΛΗΣ,9,24,True
2025-26,C46AB3E9,ΡΑΝΤΛ Τσέισον,ΗΠΑ,11,29.19,321.09,False,ESAKE country,False,https://www.esake.gr/el/action/EsakeStats?mode=2&idchampionship=44B80BEB&idseason=00000001,0000000A,00000010,ΚΟΛΟΣΣΟΣ H HOTELS COLLECTION,8,24,True
2025-26,0B4BA1C7,ΡΕΪ Κέντρικ,ΗΠΑ,20,30.34,606.8,False,ESAKE country,False,https://www.esake.gr/el/action/EsakeStats?mode=2&idchampionship=44B80BEB&idseason=00000001,BB4B460F,1052694769,ΜΥΚΟΝΟΣ Betsson BC,7,24,False
2025-26,405192E7,ΡΕΪΝΟΛΝΤΣ Κάμερον,ΗΠΑ,16,29.53,472.48,False,ESAKE country,False,https://www.esake.gr/el/action/EsakeStats?mode=2&idchampionship=44B80BEB&idseason=00000001,0000000F,00000015,ΜΑΡΟΥΣΙ,12,24,True
2025-26,2C26B404,ΡΟΓΚΑΒΟΠΟΥΛΟΣ Νίκος,ΕΛΛΑΔΑ,19,19.49,370.31,True,ESAKE country,False,https://www.esake.gr/el/action/EsakeStats?mode=2&idchampionship=44B80BEB&idseason=00000001,00000001,00000001,ΠΑΝΑΘΗΝΑΪΚΟΣ AKTOR,2,24,False
2025-26,662906B1,ΣΑΛΑΣ Μαξίμ,ΛΕΥΚΟΡΩΣΙΑ,23,26.83,617.09,False,ESAKE country,False,https://www.esake.gr/el/action/EsakeStats?mode=2&idchampionship=44B80BEB&idseason=00000001,0000000F,00000015,ΜΑΡΟΥΣΙ,12,24,True
2025-26,B8E81349,ΣΑΜΟΝΤΟΥΡΟΒ Αλέξανδρος,ΕΛΛΑΔΑ,17,12.82,217.94,True,ESAKE country,False,https://www.esake.gr/el/action/EsakeStats?mode=2&idchampionship=44B80BEB&idseason=00000001,00000001,00000001,ΠΑΝΑΘΗΝΑΪΚΟΣ AKTOR,2,24,False
2025-26,0C9CD259,ΣΕΓΚΟΥ Ρονάλντο,ΗΠΑ,2,14.88,29.76,False,ESAKE country,False,https://www.esake.gr/el/action/EsakeStats?mode=2&idchampionship=44B80BEB&idseason=00000001,00000011,00000017,ΗΡΑΚΛΗΣ,9,24,True
2025-26,306A4360,ΣΙΔΗΡΟΗΛΙΑΣ Γιάννης,ΕΛΛΑΔΑ,18,4.9,88.2,True,ESAKE country,False,https://www.esake.gr/el/action/EsakeStats?mode=2&idchampionship=44B80BEB&idseason=00000001,BB4B460F,1052694769,ΜΥΚΟΝΟΣ Betsson BC,7,24,False
2025-26,7923E460,ΣΙΛΒΑ Κρις,ΓΚΑΜΠΟΝ,11,26.96,296.56,False,ESAKE country,False,https://www.esake.gr/el/action/EsakeStats?mode=2&idchampionship=44B80BEB&idseason=00000001,00000010,00000016,ΑΕΚ,4,24,False
2025-26,F162BB22,ΣΚΛΗΡΟΣ Αλέξανδρος,ΕΛΛΑΔΑ,1,5.18,5.18,True,ESAKE country,False,https://www.esake.gr/el/action/EsakeStats?mode=2&idchampionship=44B80BEB&idseason=00000001,2A25C696,607118742,ΠΡΟΜΗΘΕΑΣ ΠΑΤΡΑΣ ΒΙΚΟΣ COLA,10,24,True
2025-26,00000554,ΣΚΟΡΔΙΛΗΣ Γάιος,ΕΛΛΑΔΑ,19,7.86,149.34,True,ESAKE country,False,https://www.esake.gr/el/action/EsakeStats?mode=2&idchampionship=44B80BEB&idseason=00000001,00000010,00000016,ΑΕΚ,4,24,False
2025-26,00000559,ΣΚΟΥΛΙΔΑΣ Διονύσης,ΕΛΛΑΔΑ,23,13.47,309.81,True,ESAKE country,False,https://www.esake.gr/el/action/EsakeStats?mode=2&idchampionship=44B80BEB&idseason=00000001,BB4B460F,1052694769,ΜΥΚΟΝΟΣ Betsson BC,7,24,False
2025-26,000006F2,ΣΛΑΦΤΣΑΚΗΣ Διαμαντής,ΕΛΛΑΔΑ,9,3.14,28.26,True,ESAKE country,False,https://www.esake.gr/el/action/EsakeStats?mode=2&idchampionship=44B80BEB&idseason=00000001,0000000C,00000012,ΠΑΟΚ,3,24,False
2025-26,0000055C,ΣΛΟΥΚΑΣ Κώστας,ΕΛΛΑΔΑ,17,17.85,303.45,True,ESAKE country,False,https://www.esake.gr/el/action/EsakeStats?mode=2&idchampionship=44B80BEB&idseason=00000001,00000001,00000001,ΠΑΝΑΘΗΝΑΪΚΟΣ AKTOR,2,24,False
2025-26,207A5E89,ΣΜΙΘ Κρις,ΗΠΑ,23,21.28,489.44,False,ESAKE country,False,https://www.esake.gr/el/action/EsakeStats?mode=2&idchampionship=44B80BEB&idseason=00000001,00000011,00000017,ΗΡΑΚΛΗΣ,9,24,True
2025-26,92C27E93,ΣΟΡΤΣ Τι Τζέι,ΗΠΑ,23,21.02,483.46,False,ESAKE country,False,https://www.esake.gr/el/action/EsakeStats?mode=2&idchampionship=44B80BEB&idseason=00000001,00000001,00000001,ΠΑΝΑΘΗΝΑΪΚΟΣ AKTOR,2,24,False
2025-26,A066A4A9,ΣΤΑΓΚΑΣ Μάρκος,ΕΛΛΑΔΑ,0,0.0,0.0,True,ESAKE country,False,https://www.esake.gr/el/action/EsakeStats?mode=2&idchampionship=44B80BEB&idseason=00000001,0000000F,00000015,ΜΑΡΟΥΣΙ,12,24,True
2025-26,EC3194E5,ΣΤΑΜΟΥΛΟΣ Δημήτρης,ΕΛΛΑΔΑ,1,2.0,2.0,True,ESAKE country,False,https://www.esake.gr/el/action/EsakeStats?mode=2&idchampionship=44B80BEB&idseason=00000001,2A25C696,607118742,ΠΡΟΜΗΘΕΑΣ ΠΑΤΡΑΣ ΒΙΚΟΣ COLA,10,24,True
2025-26,F816BB2E,ΣΤΑΡΚΣ Μαρκέλ,ΗΠΑ,12,25.82,309.84,False,ESAKE country,False,https://www.esake.gr/el/action/EsakeStats?mode=2&idchampionship=44B80BEB&idseason=00000001,00000003,00000003,ΠΑΝΙΩΝΙΟΣ COSMORAMA TRAVEL,13,24,True
2025-26,9A1EDD91,ΣΤΑΥΡΑΚΟΠΟΥΛΟΣ Σωτήρης,ΕΛΛΑΔΑ,21,9.09,190.89,True,ESAKE country,False,https://www.esake.gr/el/action/EsakeStats?mode=2&idchampionship=44B80BEB&idseason=00000001,2A25C696,607118742,ΠΡΟΜΗΘΕΑΣ ΠΑΤΡΑΣ ΒΙΚΟΣ COLA,10,24,True
2025-26,61FA1CC2,ΣΤΡΟΝΓΚ Τζόσια,ΗΠΑ,10,23.15,231.5,False,ESAKE country,False,https://www.esake.gr/el/action/EsakeStats?mode=2&idchampionship=44B80BEB&idseason=00000001,00000011,00000017,ΗΡΑΚΛΗΣ,9,24,True
2025-26,F84B55AD,ΣΥΛΛΑΣ Κόουλ - Τζων,ΕΛΛΑΔΑ,23,16.17,371.91,True,ESAKE country,False,https://www.esake.gr/el/action/EsakeStats?mode=2&idchampionship=44B80BEB&idseason=00000001,00000011,00000017,ΗΡΑΚΛΗΣ,9,24,True
2025-26,7EAA048C,ΤΑΙΡΙ Μπρίν Άλον,ΗΠΑ,16,29.27,468.32,False,ESAKE country,False,https://www.esake.gr/el/action/EsakeStats?mode=2&idchampionship=44B80BEB&idseason=00000001,0000000C,00000012,ΠΑΟΚ,3,24,False
2025-26,9B3A6626,ΤΑΚΕΡ Τζόρνταν,ΗΠΑ,10,23.21,232.1,False,ESAKE country,False,https://www.esake.gr/el/action/EsakeStats?mode=2&idchampionship=44B80BEB&idseason=00000001,2A25C696,607118742,ΠΡΟΜΗΘΕΑΣ ΠΑΤΡΑΣ ΒΙΚΟΣ COLA,10,24,True
2025-26,96FC6D4D,ΤΑΝΟΥΛΗΣ Γιώργος,ΕΛΛΑΔΑ,0,0.0,0.0,True,ESAKE country,False,https://www.esake.gr/el/action/EsakeStats?mode=2&idchampionship=44B80BEB&idseason=00000001,00000005,00000005,ΑΡΗΣ,5,24,False
2025-26,79770E8B,ΤΕΪΛΟΡ Μπράντον Τσαρλς Μαλίκ,ΗΠΑ,11,29.25,321.75,False,ESAKE country,False,https://www.esake.gr/el/action/EsakeStats?mode=2&idchampionship=44B80BEB&idseason=00000001,00000003,00000003,ΠΑΝΙΩΝΙΟΣ COSMORAMA TRAVEL,13,24,True
2025-26,00047A7D,ΤΕΪΛΟΡ Ράιαν,ΗΠΑ,9,22.24,200.16,False,ESAKE country,False,https://www.esake.gr/el/action/EsakeStats?mode=2&idchampionship=44B80BEB&idseason=00000001,0000000A,00000010,ΚΟΛΟΣΣΟΣ H HOTELS COLLECTION,8,24,True
2025-26,F78CAA5C,ΤΖΑΚΣΟΝ Κέι Τζέι,ΗΠΑ,8,23.35,186.8,False,ESAKE country,False,https://www.esake.gr/el/action/EsakeStats?mode=2&idchampionship=44B80BEB&idseason=00000001,0000000C,00000012,ΠΑΟΚ,3,24,False
2025-26,4BAE384D,ΤΖΕΦΕΡΣΟΝ Μπράντον,ΗΠΑ,24,29.34,704.16,False,ESAKE country,False,https://www.esake.gr/el/action/EsakeStats?mode=2&idchampionship=44B80BEB&idseason=00000001,B742845D,1120377507,ΚΑΡΔΙΤΣΑ ΙΑΠΩΝΙΚΗ,11,24,True
2025-26,56ACC9C5,ΤΖΕΦΕΡΣΟΝ Ντέιμιεν,ΗΠΑ,24,29.36,704.64,False,ESAKE country,False,https://www.esake.gr/el/action/EsakeStats?mode=2&idchampionship=44B80BEB&idseason=00000001,B742845D,1120377507,ΚΑΡΔΙΤΣΑ ΙΑΠΩΝΙΚΗ,11,24,True
2025-26,1E03B182,ΤΖΙΑΛΛΑΣ Νικόλαος,ΕΛΛΑΔΑ,2,0.57,1.14,True,ESAKE country,False,https://www.esake.gr/el/action/EsakeStats?mode=2&idchampionship=44B80BEB&idseason=00000001,0000000D,00000013,ΠΕΡΙΣΤΕΡΙ Betsson,6,24,False
2025-26,AF728220,ΤΖΟΖΕΦ Κόρι,ΚΑΝΑΔΑΣ,1,22.67,22.67,False,ESAKE country,False,https://www.esake.gr/el/action/EsakeStats?mode=2&idchampionship=44B80BEB&idseason=00000001,00000002,00000002,ΟΛΥΜΠΙΑΚΟΣ,1,24,False
2025-26,2140EC6A,ΤΖΟΟΥΝΣ Μάρβιν,ΗΠΑ,14,20.43,286.02,False,ESAKE country,False,https://www.esake.gr/el/action/EsakeStats?mode=2&idchampionship=44B80BEB&idseason=00000001,0000000C,00000012,ΠΑΟΚ,3,24,False
2025-26,775E0986,ΤΖΟΟΥΝΣ Μπράις,ΗΠΑ,23,26.21,602.83,False,ESAKE country,False,https://www.esake.gr/el/action/EsakeStats?mode=2&idchampionship=44B80BEB&idseason=00000001,00000005,00000005,ΑΡΗΣ,5,24,False
2025-26,64256A0B,ΤΖΟΟΥΝΣ Ταϊρίκ Ντάνιελ,ΗΠΑ,8,17.31,138.48,False,ESAKE country,False,https://www.esake.gr/el/action/EsakeStats?mode=2&idchampionship=44B80BEB&idseason=00000001,00000002,00000002,ΟΛΥΜΠΙΑΚΟΣ,1,24,False
2025-26,D8361DB3,ΤΟΛΙΟΠΟΥΛΟΣ Βασίλης,ΕΛΛΑΔΑ,20,16.5,330.0,True,ESAKE country,False,https://www.esake.gr/el/action/EsakeStats?mode=2&idchampionship=44B80BEB&idseason=00000001,00000001,00000001,ΠΑΝΑΘΗΝΑΪΚΟΣ AKTOR,2,24,False
2025-26,FF1FBF7E,ΤΟΜΑΣΟΝ Τζο,ΗΠΑ,12,29.51,354.12,False,ESAKE country,False,https://www.esake.gr/el/action/EsakeStats?mode=2&idchampionship=44B80BEB&idseason=00000001,00000003,00000003,ΠΑΝΙΩΝΙΟΣ COSMORAMA TRAVEL,13,24,True
2025-26,72DD1F38,ΤΟΥΛΙΑΤΟΣ Νίκος,ΕΛΛΑΔΑ,12,7.42,89.04,True,ESAKE country,False,https://www.esake.gr/el/action/EsakeStats?mode=2&idchampionship=44B80BEB&idseason=00000001,0000000F,00000015,ΜΑΡΟΥΣΙ,12,24,True
2025-26,0000060F,ΤΣΑΪΡΕΛΗΣ Μιχάλης,ΕΛΛΑΔΑ,11,6.51,71.61,True,ESAKE country,False,https://www.esake.gr/el/action/EsakeStats?mode=2&idchampionship=44B80BEB&idseason=00000001,00000005,00000005,ΑΡΗΣ,5,24,False
2025-26,EE1DC08B,ΤΣΑΚΙΡΗΣ Γιώργος,ΕΛΛΑΔΑ,0,0.0,0.0,True,ESAKE country,False,https://www.esake.gr/el/action/EsakeStats?mode=2&idchampionship=44B80BEB&idseason=00000001,0000000F,00000015,ΜΑΡΟΥΣΙ,12,24,True
2025-26,1F2A8343,ΤΣΑΛΜΠΟΥΡΗΣ Γιώργος,ΕΛΛΑΔΑ,24,20.89,501.36,True,ESAKE country,False,https://www.esake.gr/el/action/EsakeStats?mode=2&idchampionship=44B80BEB&idseason=00000001,00000003,00000003,ΠΑΝΙΩΝΙΟΣ COSMORAMA TRAVEL,13,24,True
2025-26,65EF0F73,ΤΣΑΛΟΥΧΟΣ Νικόλαος,ΕΛΛΑΔΑ,0,0.0,0.0,True,ESAKE country,False,https://www.esake.gr/el/action/EsakeStats?mode=2&idchampionship=44B80BEB&idseason=00000001,0000000F,00000015,ΜΑΡΟΥΣΙ,12,24,True
2025-26,DD8E221B,ΤΣΑΜΗΣ Παναγιώτης,ΕΛΛΑΔΑ,1,2.87,2.87,True,ESAKE country,False,https://www.esake.gr/el/action/EsakeStats?mode=2&idchampionship=44B80BEB&idseason=00000001,BB4B460F,1052694769,ΜΥΚΟΝΟΣ Betsson BC,7,24,False
2025-26,040DD22E,ΤΣΑΧΤΣΙΡΑΣ Φίλιππος,ΕΛΛΑΔΑ,0,0.0,0.0,True,ESAKE country,False,https://www.esake.gr/el/action/EsakeStats?mode=2&idchampionship=44B80BEB&idseason=00000001,00000005,00000005,ΑΡΗΣ,5,24,False
2025-26,AB6D75D6,ΤΣΙΑΚΜΑΣ Νίκος,ΕΛΛΑΔΑ,22,18.78,413.16,True,ESAKE country,False,https://www.esake.gr/el/action/EsakeStats?mode=2&idchampionship=44B80BEB&idseason=00000001,00000011,00000017,ΗΡΑΚΛΗΣ,9,24,True
2025-26,55AFD2FB,ΦΑΝΤΕΡΜΠΕΡΓΚ Ντι Τζέι,ΗΠΑ,21,25.31,531.51,False,ESAKE country,False,https://www.esake.gr/el/action/EsakeStats?mode=2&idchampionship=44B80BEB&idseason=00000001,00000011,00000017,ΗΡΑΚΛΗΣ,9,24,True
2025-26,CCA46AB9,ΦΑΡΙΝΤ Κένεθ,ΗΠΑ,11,17.09,187.99,False,ESAKE country,False,https://www.esake.gr/el/action/EsakeStats?mode=2&idchampionship=44B80BEB&idseason=00000001,00000001,00000001,ΠΑΝΑΘΗΝΑΪΚΟΣ AKTOR,2,24,False
2025-26,65AC3A56,ΦΙΖΕΛ Κέισον,ΗΠΑ,10,14.13,141.3,False,ESAKE country,False,https://www.esake.gr/el/action/EsakeStats?mode=2&idchampionship=44B80BEB&idseason=00000001,00000010,00000016,ΑΕΚ,4,24,False
2025-26,F5C9A62B,ΦΙΛΛΙΟΣ Γιώργος,ΕΛΛΑΔΑ,17,8.54,145.18,True,ESAKE country,False,https://www.esake.gr/el/action/EsakeStats?mode=2&idchampionship=44B80BEB&idseason=00000001,0000000C,00000012,ΠΑΟΚ,3,24,False
2025-26,B2A97905,ΦΛΙΩΝΗΣ Δημήτρης,ΕΛΛΑΔΑ,23,19.36,445.28,True,ESAKE country,False,https://www.esake.gr/el/action/EsakeStats?mode=2&idchampionship=44B80BEB&idseason=00000001,00000010,00000016,ΑΕΚ,4,24,False
2025-26,9DBC8FE2,ΦΟΡΕΣΤΕΡ Τζέϊκομπ,ΗΠΑ,19,15.83,300.77,False,ESAKE country,False,https://www.esake.gr/el/action/EsakeStats?mode=2&idchampionship=44B80BEB&idseason=00000001,00000005,00000005,ΑΡΗΣ,5,24,False
2025-26,F35C6698,ΦΟΡΜΠΣ Μπράιαν,ΗΠΑ,6,26.37,158.22,False,ESAKE country,False,https://www.esake.gr/el/action/EsakeStats?mode=2&idchampionship=44B80BEB&idseason=00000001,00000005,00000005,ΑΡΗΣ,5,24,False
2025-26,EE4F4DEC,ΦΟΣΤΕΡ Κάιλ,ΗΠΑ,13,14.59,189.67,False,ESAKE country,False,https://www.esake.gr/el/action/EsakeStats?mode=2&idchampionship=44B80BEB&idseason=00000001,00000011,00000017,ΗΡΑΚΛΗΣ,9,24,True
2025-26,C7F71003,ΦΟΥΡΝΙΕ Εβάν,ΓΑΛΛΙΑ,17,19.57,332.69,False,ESAKE country,False,https://www.esake.gr/el/action/EsakeStats?mode=2&idchampionship=44B80BEB&idseason=00000001,00000002,00000002,ΟΛΥΜΠΙΑΚΟΣ,1,24,False
2025-26,CD7130B5,ΦΥΤΡΟΣ Ιάσωνας,ΕΛΛΑΔΑ,0,0.0,0.0,True,ESAKE country,False,https://www.esake.gr/el/action/EsakeStats?mode=2&idchampionship=44B80BEB&idseason=00000001,00000010,00000016,ΑΕΚ,4,24,False
2025-26,15C37641,ΧΑΪΔΕΜΕΝΟΣ Ηλίας,ΕΛΛΑΔΑ,0,0.0,0.0,True,ESAKE country,False,https://www.esake.gr/el/action/EsakeStats?mode=2&idchampionship=44B80BEB&idseason=00000001,00000002,00000002,ΟΛΥΜΠΙΑΚΟΣ,1,24,False
2025-26,C2F2405D,ΧΑΜΟΝΤΣ Λέιτον,ΗΠΑ,15,27.15,407.25,False,ESAKE country,False,https://www.esake.gr/el/action/EsakeStats?mode=2&idchampionship=44B80BEB&idseason=00000001,2A25C696,607118742,ΠΡΟΜΗΘΕΑΣ ΠΑΤΡΑΣ ΒΙΚΟΣ COLA,10,24,True
2025-26,F6449AB4,ΧΑΝΤΣ Τζέιλεν,ΗΠΑ,9,18.23,164.07,False,ESAKE country,False,https://www.esake.gr/el/action/EsakeStats?mode=2&idchampionship=44B80BEB&idseason=00000001,00000003,00000003,ΠΑΝΙΩΝΙΟΣ COSMORAMA TRAVEL,13,24,True
2025-26,00000729,ΧΑΡΑΛΑΜΠΟΠΟΥΛΟΣ Βασίλης,ΕΛΛΑΔΑ,22,23.56,518.32,True,ESAKE country,False,https://www.esake.gr/el/action/EsakeStats?mode=2&idchampionship=44B80BEB&idseason=00000001,00000010,00000016,ΑΕΚ,4,24,False
2025-26,13E498FF,ΧΑΡΕΛ Ρόνι,ΗΠΑ,22,26.67,586.74,False,ESAKE country,False,https://www.esake.gr/el/action/EsakeStats?mode=2&idchampionship=44B80BEB&idseason=00000001,00000005,00000005,ΑΡΗΣ,5,24,False
2025-26,0E5FA932,ΧΑΡΙΣ Κλοντέλ,ΗΠΑ,18,23.3,419.4,False,ESAKE country,False,https://www.esake.gr/el/action/EsakeStats?mode=2&idchampionship=44B80BEB&idseason=00000001,2A25C696,607118742,ΠΡΟΜΗΘΕΑΣ ΠΑΤΡΑΣ ΒΙΚΟΣ COLA,10,24,True
2025-26,BC598ED2,ΧΑΡΙΣ Σι Τζέι,ΗΠΑ,23,20.14,463.22,False,ESAKE country,False,https://www.esake.gr/el/action/EsakeStats?mode=2&idchampionship=44B80BEB&idseason=00000001,0000000D,00000013,ΠΕΡΙΣΤΕΡΙ Betsson,6,24,False
2025-26,D45D0C59,ΧΑΤΖΗΔΑΚΗΣ Μανόλης,ΕΛΛΑΔΑ,17,9.85,167.45,True,ESAKE country,False,https://www.esake.gr/el/action/EsakeStats?mode=2&idchampionship=44B80BEB&idseason=00000001,0000000F,00000015,ΜΑΡΟΥΣΙ,12,24,True
2025-26,2FE11222,ΧΑΤΖΗΛΑΜΠΡΟΥ Χρυσόστομος,ΕΛΛΗΝΙΚΗ,4,1.58,6.32,True,ESAKE country,False,https://www.esake.gr/el/action/EsakeStats?mode=2&idchampionship=44B80BEB&idseason=00000001,00000005,00000005,ΑΡΗΣ,5,24,False
2025-26,192A9E36,ΧΕΪΖ-ΝΤΕΪΒΙΣ Ναϊτζελ,ΗΠΑ,5,22.86,114.3,False,ESAKE country,False,https://www.esake.gr/el/action/EsakeStats?mode=2&idchampionship=44B80BEB&idseason=00000001,00000001,00000001,ΠΑΝΑΘΗΝΑΪΚΟΣ AKTOR,2,24,False
2025-26,6E6CF8F4,ΧΕΣΟΝ Μάιλς,ΜΕΓΑΛΗ ΒΡΕΤΑΝΙΑ,21,24.01,504.21,False,ESAKE country,False,https://www.esake.gr/el/action/EsakeStats?mode=2&idchampionship=44B80BEB&idseason=00000001,BB4B460F,1052694769,ΜΥΚΟΝΟΣ Betsson BC,7,24,False
2025-26,83B11FF5,ΧΟΛ Ντόντα,ΗΠΑ,23,19.66,452.18,False,ESAKE country,False,https://www.esake.gr/el/action/EsakeStats?mode=2&idchampionship=44B80BEB&idseason=00000001,00000002,00000002,ΟΛΥΜΠΙΑΚΟΣ,1,24,False
2025-26,66DCB70A,ΧΟΛΜΣ Ρισόν,ΗΠΑ,14,18.96,265.44,False,ESAKE country,False,https://www.esake.gr/el/action/EsakeStats?mode=2&idchampionship=44B80BEB&idseason=00000001,00000001,00000001,ΠΑΝΑΘΗΝΑΪΚΟΣ AKTOR,2,24,False
2025-26,34FF7118,ΧΟΡΧΛΕΡ Νόα,ΗΠΑ,24,22.15,531.6,False,ESAKE country,False,https://www.esake.gr/el/action/EsakeStats?mode=2&idchampionship=44B80BEB&idseason=00000001,B742845D,1120377507,ΚΑΡΔΙΤΣΑ ΙΑΠΩΝΙΚΗ,11,24,True
2025-26,27F22948,ΧΟΥΓΚΑΖ Νίκος,ΕΛΛΑΔΑ,6,16.05,96.3,True,ESAKE country,False,https://www.esake.gr/el/action/EsakeStats?mode=2&idchampionship=44B80BEB&idseason=00000001,0000000C,00000012,ΠΑΟΚ,3,24,False
2025-26,E6717D3E,ΧΟΥΓΚΑΖ Ρόμπερτ,ΕΛΛΑΔΑ,2,2.23,4.46,True,ESAKE country,False,https://www.esake.gr/el/action/EsakeStats?mode=2&idchampionship=44B80BEB&idseason=00000001,B742845D,1120377507,ΚΑΡΔΙΤΣΑ ΙΑΠΩΝΙΚΗ,11,24,True
2025-26,948D3EC2,ΧΡΗΣΤΙΔΗΣ Βασίλης,ΕΛΛΑΔΑ,13,9.24,120.12,True,ESAKE country,False,https://www.esake.gr/el/action/EsakeStats?mode=2&idchampionship=44B80BEB&idseason=00000001,00000011,00000017,ΗΡΑΚΛΗΣ,9,24,True
2025-26,000006BD,ΧΡΥΣΙΚΟΠΟΥΛΟΣ Λίνος,ΕΛΛΑΔΑ,19,11.35,215.65,True,ESAKE country,False,https://www.esake.gr/el/action/EsakeStats?mode=2&idchampionship=44B80BEB&idseason=00000001,0000000A,00000010,ΚΟΛΟΣΣΟΣ H HOTELS COLLECTION,8,24,True
2025-26,5F8BC52B,ΧΡΥΣΟΠΟΥΛΟΣ Θοδωρής,ΕΛΛΑΔΑ,0,0.0,0.0,True,ESAKE country,False,https://www.esake.gr/el/action/EsakeStats?mode=2&idchampionship=44B80BEB&idseason=00000001,00000003,00000003,ΠΑΝΙΩΝΙΟΣ COSMORAMA TRAVEL,13,24,True
